Critical Date Report ID,Report Date,Depository,Account Number,Event ID,CA ID,Event Reference,Security Name,Security Code,CUSIP,ISIN,Event Type,Sub Event Type,Expiry Date,Response Deadline,Check Expiry Date,In Voluntary Events Schedule Flag,VES Match Method,Duplicate Removed Flag,Odd Lot Offer Flag,Mandatory Event Flag,Remarks,Research Outcome,Added To VES Flag,Forwarded To Officer Flag,Final Disposition
CDR-0050001,2025-06-01,DTC,ACCT-671269,VES-030077,BNK-0600077,DEP-09000077,Glenmoor Holdings plc,S401117,HMWNR09HK,CAHMWNR09HK6,Consent Solicitation,,2025-06-15,2025-06-13,2025-06-15,Y,Depo Event ID,N,N,N,Duplicate from prior report; removed.,Under Review,N,Y,Closed
CDR-0050002,2025-06-01,Euroclear,,VES-030012,BNK-0600012,DEP-09000012,Doverpoint Logistics AG,S261918,2KJYFZQOM,GB2KJYFZQOM3,Mini-Tender,,2025-06-15,2025-06-13,2025-06-15,Y,ISIN,N,N,N,Already in VES; monitoring only.,Resolved,N,Y,Awaiting Documentation
CDR-0050003,2025-06-01,CDS,,VES-030060,BNK-0600060,DEP-09000060,Fairhaven Logistics AG,S951288,EKLS5ZYG2,CAEKLS5ZYG24,Consent Solicitation,,2025-06-22,2025-06-20,2025-06-22,Y,Depo Event ID,N,N,N,Within 15BD window; routed to Processing Officer.,,N,Y,Awaiting Documentation
CDR-0050004,2025-06-08,Euroclear,,VES-030012,BNK-0600012,DEP-09000012,Doverpoint Logistics AG,S261918,2KJYFZQOM,GB2KJYFZQOM3,Mini-Tender,,2025-06-15,2025-06-13,2025-06-15,Y,CUSIP,N,N,N,Within 15BD window; routed to Processing Officer.,Resolved,N,Y,Awaiting Documentation
CDR-0050005,2025-06-08,DTC,ACCT-846491,VES-030077,BNK-0600077,DEP-09000077,Glenmoor Holdings plc,S401117,HMWNR09HK,CAHMWNR09HK6,Consent Solicitation,,2025-06-15,2025-06-13,2025-06-15,Y,Depo Event ID,N,N,N,,,N,Y,Monitored
CDR-0050006,2025-06-08,Euroclear,,VES-030141,BNK-0600141,DEP-09000141,Juniper Resources AG,S873587,H9GTF85MN,GBH9GTF85MN0,Monthly Redemption Privilege,,2025-06-29,2025-06-27,2025-06-29,N,,N,N,N,Newly identified; added to VES.,Confirmed,Y,Y,Closed
CDR-0050007,2025-06-08,I&TS,,VES-030010,BNK-0600010,DEP-09000010,Evergreen Resources Corp,S740340,JSRFS7ZJF,CAJSRFS7ZJF3,Annual Redemption Privilege,,2025-06-17,2025-06-15,2025-06-17,N,,N,N,N,,Resolved,Y,Y,Awaiting Election
CDR-0050008,2025-06-08,CDS,,VES-030060,BNK-0600060,DEP-09000060,Fairhaven Logistics AG,S951288,EKLS5ZYG2,CAEKLS5ZYG24,Consent Solicitation,,2025-06-22,2025-06-20,2025-06-22,N,,N,N,N,,Resolved,Y,Y,Closed
CDR-0050009,2025-06-08,DTC,ACCT-919412,VES-030147,BNK-0600147,DEP-09000147,Cedarwood Logistics Ltd,S427498,4K56TL7AF,CA4K56TL7AF0,Monthly Redemption Privilege,,2025-06-26,2025-06-24,2025-06-26,Y,Manual,N,N,N,Multi-depository; using bulk-of-holdings expiry.,Resolved,N,Y,Closed
CDR-0050010,2025-06-15,DTC,ACCT-541232,VES-030077,BNK-0600077,DEP-09000077,Glenmoor Holdings plc,S401117,HMWNR09HK,CAHMWNR09HK6,Consent Solicitation,,2025-06-15,2025-06-13,2025-06-15,Y,CUSIP,N,N,N,Already in VES; monitoring only.,Confirmed,N,Y,Awaiting Election
CDR-0050011,2025-06-15,DTC,ACCT-302062,VES-030147,BNK-0600147,DEP-09000147,Cedarwood Logistics Ltd,S427498,4K56TL7AF,CA4K56TL7AF0,Monthly Redemption Privilege,,2025-06-26,2025-06-24,2025-06-26,Y,CUSIP,N,N,N,,Resolved,N,Y,Monitored
CDR-0050012,2025-06-15,Euroclear,,VES-030012,BNK-0600012,DEP-09000012,Doverpoint Logistics AG,S261918,2KJYFZQOM,GB2KJYFZQOM3,Mini-Tender,,2025-06-15,2025-06-13,2025-06-15,Y,ISIN,N,N,N,Duplicate from prior report; removed.,,N,Y,Closed
CDR-0050013,2025-06-15,I&TS,,VES-030010,BNK-0600010,DEP-09000010,Evergreen Resources Corp,S740340,JSRFS7ZJF,CAJSRFS7ZJF3,Annual Redemption Privilege,,2025-06-17,2025-06-15,2025-06-17,Y,Depo Event ID,N,N,N,Multi-depository; using bulk-of-holdings expiry.,Confirmed,N,Y,Awaiting Documentation
CDR-0050014,2025-06-15,Euroclear,,VES-030141,BNK-0600141,DEP-09000141,Juniper Resources AG,S873587,H9GTF85MN,GBH9GTF85MN0,Monthly Redemption Privilege,,2025-06-29,2025-06-27,2025-06-29,Y,ISIN,N,N,N,Already in VES; monitoring only.,Under Review,N,Y,Awaiting Election
CDR-0050015,2025-06-22,Euroclear,,VES-030141,BNK-0600141,DEP-09000141,Juniper Resources AG,S873587,H9GTF85MN,GBH9GTF85MN0,Monthly Redemption Privilege,,2025-06-29,2025-06-27,2025-06-29,Y,ISIN,N,N,N,Multi-depository; using bulk-of-holdings expiry.,Resolved,N,Y,Awaiting Documentation
CDR-0050016,2025-06-22,CDS,,VES-030060,BNK-0600060,DEP-09000060,Fairhaven Logistics AG,S951288,EKLS5ZYG2,CAEKLS5ZYG24,Consent Solicitation,,2025-06-22,2025-06-20,2025-06-22,Y,CUSIP,N,N,N,Already in VES; monitoring only.,Resolved,N,Y,Monitored
CDR-0050017,2025-06-22,DTC,ACCT-587359,VES-030147,BNK-0600147,DEP-09000147,Cedarwood Logistics Ltd,S427498,4K56TL7AF,CA4K56TL7AF0,Monthly Redemption Privilege,,2025-06-26,2025-06-24,2025-06-26,Y,Depo Event ID,N,N,N,Newly identified; added to VES.,Under Review,N,Y,Awaiting Election
CDR-0050018,2025-06-29,Euroclear,,VES-030123,BNK-0600123,DEP-09000123,Ironbridge Resources NV,S472726,I8OKQ4R2E,USI8OKQ4R2E2,Warrant Exercise,,2025-07-16,2025-07-14,2025-07-16,Y,CUSIP,N,N,N,Already in VES; monitoring only.,Confirmed,N,Y,Awaiting Election
CDR-0050019,2025-06-29,CDS,,VES-030002,BNK-0600002,DEP-09000002,Brightcap Energy SE,S849963,EPUSLD2LR,KYEPUSLD2LR1,Annual Redemption Privilege,,2025-07-15,2025-07-13,2025-07-15,Y,CUSIP,N,N,N,,,N,Y,Closed
CDR-0050020,2025-06-29,DTC,ACCT-517282,VES-030093,BNK-0600093,DEP-09000093,Quartz Peak Media NV,S503775,IPUFV2XFR,CAIPUFV2XFR3,Monthly Redemption Privilege,,2025-07-18,2025-07-16,2025-07-18,Y,ISIN,Y,N,N,Already in VES; monitoring only.,Confirmed,N,N,Awaiting Election
CDR-0050021,2025-07-06,CDS,,VES-030002,BNK-0600002,DEP-09000002,Brightcap Energy SE,S849963,EPUSLD2LR,KYEPUSLD2LR1,Annual Redemption Privilege,,2025-07-15,2025-07-13,2025-07-15,Y,CUSIP,N,N,N,Multi-depository; using bulk-of-holdings expiry.,Under Review,N,Y,Closed
CDR-0050022,2025-07-06,Euroclear,,VES-030123,BNK-0600123,DEP-09000123,Ironbridge Resources NV,S472726,I8OKQ4R2E,USI8OKQ4R2E2,Warrant Exercise,,2025-07-16,2025-07-14,2025-07-16,N,,N,N,N,Already in VES; monitoring only.,,Y,Y,Closed
CDR-0050023,2025-07-06,DTC,ACCT-870213,VES-030093,BNK-0600093,DEP-09000093,Quartz Peak Media NV,S503775,IPUFV2XFR,CAIPUFV2XFR3,Monthly Redemption Privilege,,2025-07-18,2025-07-16,2025-07-18,Y,Depo Event ID,N,N,N,Within 15BD window; routed to Processing Officer.,Confirmed,N,Y,Awaiting Election
CDR-0050024,2025-07-06,DTC,ACCT-772217,VES-030045,BNK-0600045,DEP-09000045,Oakhill Logistics Corp,S600207,MM1XVFLZZ,KYMM1XVFLZZ2,Mini-Tender,,2025-07-22,2025-07-20,2025-07-22,Y,ISIN,Y,N,N,Already in VES; monitoring only.,Confirmed,N,N,Monitored
CDR-0050025,2025-07-13,CDS,,VES-030057,BNK-0600057,DEP-09000057,Brightcap Energy SE,S849963,EPUSLD2LR,KYEPUSLD2LR1,Consent Solicitation,,2025-07-31,2025-07-29,2025-07-31,Y,CUSIP,N,N,N,Already in VES; monitoring only.,Confirmed,N,Y,Monitored
CDR-0050026,2025-07-13,DTC,ACCT-428034,VES-030045,BNK-0600045,DEP-09000045,Oakhill Logistics Corp,S600207,MM1XVFLZZ,KYMM1XVFLZZ2,Mini-Tender,,2025-07-22,2025-07-20,2025-07-22,Y,Manual,N,N,N,Within 15BD window; routed to Processing Officer.,,N,Y,Awaiting Election
CDR-0050027,2025-07-13,I&TS,,VES-030040,BNK-0600040,DEP-09000040,Ironbridge Mining plc,S725323,CFH0LWDKB,CACFH0LWDKB2,Monthly Redemption Privilege,,2025-08-02,2025-07-31,2025-08-02,Y,ISIN,N,N,N,Duplicate from prior report; removed.,Resolved,N,Y,Awaiting Election
CDR-0050028,2025-07-13,DTC,ACCT-486362,VES-030093,BNK-0600093,DEP-09000093,Quartz Peak Media NV,S503775,IPUFV2XFR,CAIPUFV2XFR3,Monthly Redemption Privilege,,2025-07-18,2025-07-16,2025-07-18,Y,Manual,N,N,N,Within 15BD window; routed to Processing Officer.,Under Review,N,Y,Awaiting Documentation
CDR-0050029,2025-07-13,Euroclear,,VES-030075,BNK-0600075,DEP-09000075,Evergreen Energy NV,S828255,WVM09UVFJ,USWVM09UVFJ8,Rights Offering,,2025-08-02,2025-07-31,2025-08-02,Y,CUSIP,N,N,N,Newly identified; added to VES.,,N,Y,Monitored
CDR-0050030,2025-07-13,CDS,,VES-030002,BNK-0600002,DEP-09000002,Brightcap Energy SE,S849963,EPUSLD2LR,KYEPUSLD2LR1,Annual Redemption Privilege,,2025-07-15,2025-07-13,2025-07-15,Y,Depo Event ID,N,N,N,Newly identified; added to VES.,Confirmed,N,Y,Awaiting Documentation
CDR-0050031,2025-07-13,CDS,,VES-030074,BNK-0600074,DEP-09000074,Meadowfield Bio Ltd,S882089,BNWJM9ZT4,USBNWJM9ZT49,Mini-Tender,,2025-07-30,2025-07-28,2025-07-30,Y,Depo Event ID,N,N,N,Newly identified; added to VES.,Confirmed,N,Y,Awaiting Documentation
CDR-0050032,2025-07-13,Euroclear,,VES-030103,BNK-0600103,DEP-09000103,Umbra Energy AG,S843399,BR0KI3125,KYBR0KI31252,Warrant Exercise,,2025-08-01,2025-07-30,2025-08-01,Y,Manual,N,N,N,Within 15BD window; routed to Processing Officer.,Under Review,N,Y,Awaiting Election
CDR-0050033,2025-07-13,Euroclear,,VES-030123,BNK-0600123,DEP-09000123,Ironbridge Resources NV,S472726,I8OKQ4R2E,USI8OKQ4R2E2,Warrant Exercise,,2025-07-16,2025-07-14,2025-07-16,N,,N,N,N,Already in VES; monitoring only.,Confirmed,Y,Y,Closed
CDR-0050034,2025-07-13,Euroclear,,VES-030127,BNK-0600127,DEP-09000127,Cedarwood Resources SE,S016798,NIM4FYJ1L,BMNIM4FYJ1L8,Odd Lot Offer,,2025-08-01,2025-07-30,2025-08-01,Y,CUSIP,N,Y,N,Within 15BD window; routed to Processing Officer.,,N,Y,Monitored
CDR-0050035,2025-07-20,CDS,,VES-030057,BNK-0600057,DEP-09000057,Brightcap Energy SE,S849963,EPUSLD2LR,KYEPUSLD2LR1,Consent Solicitation,,2025-07-31,2025-07-29,2025-07-31,Y,ISIN,N,N,N,,Under Review,N,Y,Awaiting Election
CDR-0050036,2025-07-20,Euroclear,,VES-030127,BNK-0600127,DEP-09000127,Cedarwood Resources SE,S016798,NIM4FYJ1L,BMNIM4FYJ1L8,Odd Lot Offer,,2025-08-01,2025-07-30,2025-08-01,N,,N,Y,N,Already in VES; monitoring only.,,Y,Y,Awaiting Election
CDR-0050037,2025-07-20,Euroclear,,VES-030048,BNK-0600048,DEP-09000048,Yarrow Aerospace SA,S364869,243Q63M0K,GB243Q63M0K8,Consent Exchange Offer,,2025-08-07,2025-08-05,2025-08-07,Y,Depo Event ID,N,N,N,Multi-depository; using bulk-of-holdings expiry.,,N,Y,Closed
CDR-0050038,2025-07-20,I&TS,,VES-030040,BNK-0600040,DEP-09000040,Ironbridge Mining plc,S725323,CFH0LWDKB,CACFH0LWDKB2,Monthly Redemption Privilege,,2025-08-02,2025-07-31,2025-08-02,N,,N,N,N,,Under Review,Y,Y,Monitored
CDR-0050039,2025-07-20,Euroclear,,VES-030136,BNK-0600136,DEP-09000136,Doverpoint Logistics SE,S477620,65E1CH6RA,GB65E1CH6RA3,Cease Trade Notice,,2025-08-10,2025-08-08,2025-08-10,Y,ISIN,N,N,N,,Confirmed,N,Y,Awaiting Election
CDR-0050040,2025-07-20,DTC,ACCT-446159,VES-030045,BNK-0600045,DEP-09000045,Oakhill Logistics Corp,S600207,MM1XVFLZZ,KYMM1XVFLZZ2,Mini-Tender,,2025-07-22,2025-07-20,2025-07-22,N,,N,N,N,Multi-depository; using bulk-of-holdings expiry.,,Y,Y,Closed
CDR-0050041,2025-07-20,Euroclear,,VES-030085,BNK-0600085,DEP-09000085,Pinewright Resources Ltd,S864645,MQ2KI9ZJP,CAMQ2KI9ZJP5,Late Tender Offer,,2025-08-07,2025-08-05,2025-08-07,Y,Manual,N,N,N,Already in VES; monitoring only.,Confirmed,N,Y,Closed
CDR-0050042,2025-07-20,CDS,,VES-030074,BNK-0600074,DEP-09000074,Meadowfield Bio Ltd,S882089,BNWJM9ZT4,USBNWJM9ZT49,Mini-Tender,,2025-07-30,2025-07-28,2025-07-30,Y,Depo Event ID,N,N,N,Duplicate from prior report; removed.,Confirmed,N,Y,Monitored
CDR-0050043,2025-07-20,Euroclear,,VES-030103,BNK-0600103,DEP-09000103,Umbra Energy AG,S843399,BR0KI3125,KYBR0KI31252,Warrant Exercise,,2025-08-01,2025-07-30,2025-08-01,Y,Manual,N,N,N,,Resolved,N,Y,Awaiting Documentation
CDR-0050044,2025-07-20,Euroclear,,VES-030075,BNK-0600075,DEP-09000075,Evergreen Energy NV,S828255,WVM09UVFJ,USWVM09UVFJ8,Rights Offering,,2025-08-02,2025-07-31,2025-08-02,N,,N,N,N,Multi-depository; using bulk-of-holdings expiry.,Confirmed,Y,Y,Awaiting Election
CDR-0050045,2025-07-27,I&TS,,VES-030040,BNK-0600040,DEP-09000040,Ironbridge Mining plc,S725323,CFH0LWDKB,CACFH0LWDKB2,Monthly Redemption Privilege,,2025-08-02,2025-07-31,2025-08-02,Y,Depo Event ID,N,N,N,,,N,Y,Monitored
CDR-0050046,2025-07-27,Euroclear,,VES-030048,BNK-0600048,DEP-09000048,Yarrow Aerospace SA,S364869,243Q63M0K,GB243Q63M0K8,Consent Exchange Offer,,2025-08-07,2025-08-05,2025-08-07,Y,CUSIP,N,N,N,,Confirmed,N,Y,Closed
CDR-0050047,2025-07-27,Euroclear,,VES-030136,BNK-0600136,DEP-09000136,Doverpoint Logistics SE,S477620,65E1CH6RA,GB65E1CH6RA3,Cease Trade Notice,,2025-08-10,2025-08-08,2025-08-10,Y,Manual,N,N,N,Multi-depository; using bulk-of-holdings expiry.,Confirmed,N,Y,Closed
CDR-0050048,2025-07-27,Euroclear,,VES-030103,BNK-0600103,DEP-09000103,Umbra Energy AG,S843399,BR0KI3125,KYBR0KI31252,Warrant Exercise,,2025-08-01,2025-07-30,2025-08-01,Y,Depo Event ID,N,N,N,Already in VES; monitoring only.,Resolved,N,Y,Awaiting Election
CDR-0050049,2025-07-27,I&TS,,VES-030020,BNK-0600020,DEP-09000020,Aldergrove Bank Inc,S821591,W9DJSSI40,CAW9DJSSI403,Odd Lot Offer,,2025-08-13,2025-08-11,2025-08-13,Y,Depo Event ID,N,Y,N,Duplicate from prior report; removed.,Confirmed,N,Y,Awaiting Documentation
CDR-0050050,2025-07-27,CDS,,VES-030074,BNK-0600074,DEP-09000074,Meadowfield Bio Ltd,S882089,BNWJM9ZT4,USBNWJM9ZT49,Mini-Tender,,2025-07-30,2025-07-28,2025-07-30,Y,CUSIP,N,N,N,Within 15BD window; routed to Processing Officer.,Confirmed,N,Y,Closed
CDR-0050051,2025-07-27,CDS,,VES-030057,BNK-0600057,DEP-09000057,Brightcap Energy SE,S849963,EPUSLD2LR,KYEPUSLD2LR1,Consent Solicitation,,2025-07-31,2025-07-29,2025-07-31,Y,Manual,N,N,N,Multi-depository; using bulk-of-holdings expiry.,Resolved,N,Y,Monitored
CDR-0050052,2025-08-03,Euroclear,,VES-030085,BNK-0600085,DEP-09000085,Pinewright Resources Ltd,S864645,MQ2KI9ZJP,CAMQ2KI9ZJP5,Late Tender Offer,,2025-08-07,2025-08-05,2025-08-07,N,,N,N,N,Within 15BD window; routed to Processing Officer.,Under Review,Y,Y,Monitored
CDR-0050053,2025-08-03,Euroclear,,VES-030136,BNK-0600136,DEP-09000136,Doverpoint Logistics SE,S477620,65E1CH6RA,GB65E1CH6RA3,Cease Trade Notice,,2025-08-10,2025-08-08,2025-08-10,N,,N,N,N,Duplicate from prior report; removed.,Under Review,Y,Y,Awaiting Documentation
CDR-0050054,2025-08-03,I&TS,,VES-030079,BNK-0600079,DEP-09000079,Ironbridge Trust NV,S385221,BMK2E1CAW,BMBMK2E1CAW1,Consent Exchange Offer,,2025-08-21,2025-08-19,2025-08-21,Y,Depo Event ID,N,N,N,Duplicate from prior report; removed.,Under Review,N,Y,Closed
CDR-0050055,2025-08-10,I&TS,,VES-030016,BNK-0600016,DEP-09000016,Brightcap Bank SA,S699326,O6QB2IAG0,CAO6QB2IAG06,Rights Offering,,2025-08-27,2025-08-25,2025-08-27,Y,Depo Event ID,N,N,N,Multi-depository; using bulk-of-holdings expiry.,,N,Y,Closed
CDR-0050056,2025-08-10,CDS,,VES-030005,BNK-0600005,DEP-09000005,Kestrel Resources plc,S643872,SIDDRYO1O,GBSIDDRYO1O5,Consent Exchange Offer,,2025-08-27,2025-08-25,2025-08-27,Y,Manual,N,N,N,Newly identified; added to VES.,Under Review,N,Y,Closed
CDR-0050057,2025-08-10,I&TS,,VES-030020,BNK-0600020,DEP-09000020,Aldergrove Bank Inc,S821591,W9DJSSI40,CAW9DJSSI403,Odd Lot Offer,,2025-08-13,2025-08-11,2025-08-13,Y,Manual,N,Y,N,Multi-depository; using bulk-of-holdings expiry.,Confirmed,N,Y,Closed
CDR-0050058,2025-08-10,Euroclear,,VES-030122,BNK-0600122,DEP-09000122,Juniper Mining plc,S007795,IOQSTII9A,CAIOQSTII9A6,Exchange Offer,,2025-08-27,2025-08-25,2025-08-27,Y,CUSIP,N,N,N,Multi-depository; using bulk-of-holdings expiry.,,N,Y,Monitored
CDR-0050059,2025-08-10,CDS,,VES-030129,BNK-0600129,DEP-09000129,Zephyr Energy plc,S442368,88CJZY7SJ,US88CJZY7SJ5,Exchange Offer,,2025-08-20,2025-08-18,2025-08-20,Y,ISIN,N,N,N,Already in VES; monitoring only.,Confirmed,N,Y,Closed
CDR-0050060,2025-08-10,Euroclear,,VES-030112,BNK-0600112,DEP-09000112,Oakhill Media SE,S952865,2J5ZV2ZU7,US2J5ZV2ZU77,Exchange Offer,,2025-08-24,2025-08-22,2025-08-24,N,,N,N,N,,Under Review,Y,Y,Closed
CDR-0050061,2025-08-10,I&TS,,VES-030079,BNK-0600079,DEP-09000079,Ironbridge Trust NV,S385221,BMK2E1CAW,BMBMK2E1CAW1,Consent Exchange Offer,,2025-08-21,2025-08-19,2025-08-21,N,,N,N,N,Multi-depository; using bulk-of-holdings expiry.,Resolved,Y,Y,Monitored
CDR-0050062,2025-08-10,Euroclear,,VES-030136,BNK-0600136,DEP-09000136,Doverpoint Logistics SE,S477620,65E1CH6RA,GB65E1CH6RA3,Cease Trade Notice,,2025-08-10,2025-08-08,2025-08-10,Y,CUSIP,N,N,N,Multi-depository; using bulk-of-holdings expiry.,Resolved,N,Y,Closed
CDR-0050063,2025-08-10,CDS,,VES-030091,BNK-0600091,DEP-09000091,Umbra Trust SA,S174849,CR079L3BG,USCR079L3BG2,Early Tender Offer,,2025-08-14,2025-08-12,2025-08-14,N,,N,N,N,Duplicate from prior report; removed.,Under Review,Y,Y,Awaiting Documentation
CDR-0050064,2025-08-17,CDS,,VES-030005,BNK-0600005,DEP-09000005,Kestrel Resources plc,S643872,SIDDRYO1O,GBSIDDRYO1O5,Consent Exchange Offer,,2025-08-27,2025-08-25,2025-08-27,Y,Manual,N,N,N,,Confirmed,N,Y,Monitored
CDR-0050065,2025-08-17,I&TS,,VES-030079,BNK-0600079,DEP-09000079,Ironbridge Trust NV,S385221,BMK2E1CAW,BMBMK2E1CAW1,Consent Exchange Offer,,2025-08-21,2025-08-19,2025-08-21,Y,Manual,N,N,N,Already in VES; monitoring only.,Confirmed,N,Y,Monitored
CDR-0050066,2025-08-17,I&TS,,VES-030016,BNK-0600016,DEP-09000016,Brightcap Bank SA,S699326,O6QB2IAG0,CAO6QB2IAG06,Rights Offering,,2025-08-27,2025-08-25,2025-08-27,Y,ISIN,N,N,N,Multi-depository; using bulk-of-holdings expiry.,,N,Y,Closed
CDR-0050067,2025-08-17,Euroclear,,VES-030044,BNK-0600044,DEP-09000044,Kestrel Holdings NV,S997319,XVSDIEX0Q,USXVSDIEX0Q9,Dutch Auction,,2025-09-03,2025-09-01,2025-09-03,Y,CUSIP,N,N,N,,Resolved,N,Y,Awaiting Election
CDR-0050068,2025-08-17,Euroclear,,VES-030122,BNK-0600122,DEP-09000122,Juniper Mining plc,S007795,IOQSTII9A,CAIOQSTII9A6,Exchange Offer,,2025-08-27,2025-08-25,2025-08-27,Y,Manual,N,N,N,Newly identified; added to VES.,,N,Y,Awaiting Documentation
CDR-0050069,2025-08-17,I&TS,,VES-030013,BNK-0600013,DEP-09000013,Oakhill Capital Ltd,S175562,FMID9M4HJ,BMFMID9M4HJ7,Monthly Redemption Privilege,,2025-09-02,2025-08-31,2025-09-02,Y,Manual,N,N,N,Multi-depository; using bulk-of-holdings expiry.,Resolved,N,Y,Awaiting Election
CDR-0050070,2025-08-17,Euroclear,,VES-030112,BNK-0600112,DEP-09000112,Oakhill Media SE,S952865,2J5ZV2ZU7,US2J5ZV2ZU77,Exchange Offer,,2025-08-24,2025-08-22,2025-08-24,Y,Depo Event ID,N,N,N,Within 15BD window; routed to Processing Officer.,Confirmed,N,Y,Monitored
CDR-0050071,2025-08-24,CDS,,VES-030005,BNK-0600005,DEP-09000005,Kestrel Resources plc,S643872,SIDDRYO1O,GBSIDDRYO1O5,Consent Exchange Offer,,2025-08-27,2025-08-25,2025-08-27,Y,CUSIP,N,N,N,Duplicate from prior report; removed.,Confirmed,N,Y,Closed
CDR-0050072,2025-08-24,Euroclear,,VES-030044,BNK-0600044,DEP-09000044,Kestrel Holdings NV,S997319,XVSDIEX0Q,USXVSDIEX0Q9,Dutch Auction,,2025-09-03,2025-09-01,2025-09-03,Y,ISIN,N,N,N,Already in VES; monitoring only.,Confirmed,N,Y,Awaiting Documentation
CDR-0050073,2025-08-24,I&TS,,VES-030016,BNK-0600016,DEP-09000016,Brightcap Bank SA,S699326,O6QB2IAG0,CAO6QB2IAG06,Rights Offering,,2025-08-27,2025-08-25,2025-08-27,Y,Depo Event ID,N,N,N,Multi-depository; using bulk-of-holdings expiry.,Confirmed,N,Y,Awaiting Documentation
CDR-0050074,2025-08-24,I&TS,,VES-030058,BNK-0600058,DEP-09000058,Brightcap Bio Inc,S811067,M9AN33RDP,KYM9AN33RDP6,Dutch Auction,,2025-09-10,2025-09-08,2025-09-10,Y,Depo Event ID,N,N,N,Already in VES; monitoring only.,Under Review,N,Y,Closed
CDR-0050075,2025-08-31,CDS,,VES-030111,BNK-0600111,DEP-09000111,Umbra Technology SE,S970784,MD17LCOGJ,BMMD17LCOGJ6,Consent Solicitation,,2025-09-12,2025-09-10,2025-09-12,Y,Manual,N,N,N,Duplicate from prior report; removed.,Confirmed,N,Y,Closed
CDR-0050076,2025-08-31,I&TS,,VES-030058,BNK-0600058,DEP-09000058,Brightcap Bio Inc,S811067,M9AN33RDP,KYM9AN33RDP6,Dutch Auction,,2025-09-10,2025-09-08,2025-09-10,Y,Manual,N,N,N,Multi-depository; using bulk-of-holdings expiry.,,N,Y,Awaiting Documentation
CDR-0050077,2025-08-31,Euroclear,,VES-030022,BNK-0600022,DEP-09000022,Glenmoor Capital AG,S302522,PBSRFJ2Q6,GBPBSRFJ2Q67,Consent Exchange Offer,,2025-09-17,2025-09-15,2025-09-17,Y,ISIN,N,N,N,Newly identified; added to VES.,Confirmed,N,Y,Closed
CDR-0050078,2025-08-31,I&TS,,VES-030013,BNK-0600013,DEP-09000013,Oakhill Capital Ltd,S175562,FMID9M4HJ,BMFMID9M4HJ7,Monthly Redemption Privilege,,2025-09-02,2025-08-31,2025-09-02,Y,ISIN,N,N,N,Already in VES; monitoring only.,,N,Y,Monitored
CDR-0050079,2025-08-31,DTC,ACCT-832744,VES-030025,BNK-0600025,DEP-09000025,Meadowfield Media Inc,S640378,74DN24QPH,CA74DN24QPH4,Odd Lot Offer,,2025-09-20,2025-09-18,2025-09-20,Y,ISIN,Y,Y,N,Multi-depository; using bulk-of-holdings expiry.,,N,N,Awaiting Election
CDR-0050080,2025-08-31,Euroclear,,VES-030044,BNK-0600044,DEP-09000044,Kestrel Holdings NV,S997319,XVSDIEX0Q,USXVSDIEX0Q9,Dutch Auction,,2025-09-03,2025-09-01,2025-09-03,Y,Depo Event ID,N,N,N,Within 15BD window; routed to Processing Officer.,Confirmed,N,Y,Awaiting Election
CDR-0050081,2025-08-31,I&TS,,VES-030042,BNK-0600042,DEP-09000042,Cedarwood Resources Ltd,S649062,WYKE9O860,BMWYKE9O8602,Exchange Offer,,2025-09-02,2025-08-31,2025-09-02,N,,N,N,N,Multi-depository; using bulk-of-holdings expiry.,,Y,Y,Awaiting Election
CDR-0050082,2025-08-31,CDS,,VES-030083,BNK-0600083,DEP-09000083,Umbra Bio AG,S322454,5MRBMVCOT,KY5MRBMVCOT4,Convertible Debenture Conversion,,2025-09-16,2025-09-14,2025-09-16,Y,CUSIP,N,N,N,Duplicate from prior report; removed.,Confirmed,N,Y,Awaiting Documentation
CDR-0050083,2025-09-07,I&TS,,VES-030058,BNK-0600058,DEP-09000058,Brightcap Bio Inc,S811067,M9AN33RDP,KYM9AN33RDP6,Dutch Auction,,2025-09-10,2025-09-08,2025-09-10,N,,N,N,N,Multi-depository; using bulk-of-holdings expiry.,Resolved,Y,Y,Closed
CDR-0050084,2025-09-07,DTC,ACCT-132421,VES-030043,BNK-0600043,DEP-09000043,Fairhaven Energy AG,S137496,1584IYRSN,CA1584IYRSN6,Rights Offering,,2025-09-26,2025-09-24,2025-09-26,Y,ISIN,N,N,N,Newly identified; added to VES.,Under Review,N,Y,Closed
CDR-0050085,2025-09-07,DTC,ACCT-753931,VES-030046,BNK-0600046,DEP-09000046,Glenmoor Holdings plc,S401117,HMWNR09HK,CAHMWNR09HK6,Consent Exchange Offer,,2025-09-27,2025-09-25,2025-09-27,Y,CUSIP,N,N,N,Already in VES; monitoring only.,Resolved,N,Y,Awaiting Election
CDR-0050086,2025-09-07,DTC,ACCT-902049,VES-030025,BNK-0600025,DEP-09000025,Meadowfield Media Inc,S640378,74DN24QPH,CA74DN24QPH4,Odd Lot Offer,,2025-09-20,2025-09-18,2025-09-20,Y,ISIN,N,Y,N,Already in VES; monitoring only.,Resolved,N,Y,Awaiting Election
CDR-0050087,2025-09-07,I&TS,,VES-030121,BNK-0600121,DEP-09000121,Evergreen Bank AG,S086943,WJ0U8M084,BMWJ0U8M0845,Late Tender Offer,,2025-09-27,2025-09-25,2025-09-27,Y,Manual,N,N,N,,Resolved,N,Y,Monitored
CDR-0050088,2025-09-07,CDS,,VES-030111,BNK-0600111,DEP-09000111,Umbra Technology SE,S970784,MD17LCOGJ,BMMD17LCOGJ6,Consent Solicitation,,2025-09-12,2025-09-10,2025-09-12,Y,Depo Event ID,N,N,N,Duplicate from prior report; removed.,Under Review,N,Y,Monitored
CDR-0050089,2025-09-07,Euroclear,,VES-030022,BNK-0600022,DEP-09000022,Glenmoor Capital AG,S302522,PBSRFJ2Q6,GBPBSRFJ2Q67,Consent Exchange Offer,,2025-09-17,2025-09-15,2025-09-17,Y,Depo Event ID,N,N,N,Newly identified; added to VES.,Confirmed,N,Y,Awaiting Documentation
CDR-0050090,2025-09-14,DTC,ACCT-770826,VES-030043,BNK-0600043,DEP-09000043,Fairhaven Energy AG,S137496,1584IYRSN,CA1584IYRSN6,Rights Offering,,2025-09-26,2025-09-24,2025-09-26,N,,Y,N,N,Multi-depository; using bulk-of-holdings expiry.,Under Review,N,N,Monitored
CDR-0050091,2025-09-14,DTC,ACCT-721477,VES-030025,BNK-0600025,DEP-09000025,Meadowfield Media Inc,S640378,74DN24QPH,CA74DN24QPH4,Odd Lot Offer,,2025-09-20,2025-09-18,2025-09-20,Y,Depo Event ID,N,Y,N,Multi-depository; using bulk-of-holdings expiry.,,N,Y,Closed
CDR-0050092,2025-09-14,Euroclear,,VES-030022,BNK-0600022,DEP-09000022,Glenmoor Capital AG,S302522,PBSRFJ2Q6,GBPBSRFJ2Q67,Consent Exchange Offer,,2025-09-17,2025-09-15,2025-09-17,Y,ISIN,N,N,N,Already in VES; monitoring only.,Under Review,N,Y,Closed
CDR-0050093,2025-09-21,DTC,ACCT-509196,VES-030043,BNK-0600043,DEP-09000043,Fairhaven Energy AG,S137496,1584IYRSN,CA1584IYRSN6,Rights Offering,,2025-09-26,2025-09-24,2025-09-26,Y,CUSIP,N,N,N,Within 15BD window; routed to Processing Officer.,Under Review,N,Y,Closed
CDR-0050094,2025-09-21,Euroclear,,VES-030017,BNK-0600017,DEP-09000017,Northstar Properties plc,S323064,CADBAYROA,GBCADBAYROA3,Late Tender Offer,,2025-10-03,2025-10-01,2025-10-03,Y,Manual,N,N,N,Newly identified; added to VES.,Under Review,N,Y,Closed
CDR-0050095,2025-09-21,CDS,,VES-030104,BNK-0600104,DEP-09000104,Meadowfield Pharmaceuticals Ltd,S260312,K0PMUJVWY,GBK0PMUJVWY3,Rights Offering,,2025-10-12,2025-10-10,2025-10-12,Y,Depo Event ID,N,N,N,,,N,Y,Closed
CDR-0050096,2025-09-21,I&TS,,VES-030121,BNK-0600121,DEP-09000121,Evergreen Bank AG,S086943,WJ0U8M084,BMWJ0U8M0845,Late Tender Offer,,2025-09-27,2025-09-25,2025-09-27,N,,N,N,N,Already in VES; monitoring only.,Confirmed,Y,Y,Awaiting Documentation
CDR-0050097,2025-09-21,I&TS,,VES-030078,BNK-0600078,DEP-09000078,Aldergrove Bank Inc,S821591,W9DJSSI40,CAW9DJSSI403,Consent Solicitation,,2025-10-08,2025-10-06,2025-10-08,Y,CUSIP,N,N,N,Newly identified; added to VES.,Confirmed,N,Y,Monitored
CDR-0050098,2025-09-21,DTC,ACCT-975622,VES-030046,BNK-0600046,DEP-09000046,Glenmoor Holdings plc,S401117,HMWNR09HK,CAHMWNR09HK6,Consent Exchange Offer,,2025-09-27,2025-09-25,2025-09-27,Y,Depo Event ID,N,N,N,Newly identified; added to VES.,Under Review,N,Y,Awaiting Documentation
CDR-0050099,2025-09-28,Euroclear,,VES-030017,BNK-0600017,DEP-09000017,Northstar Properties plc,S323064,CADBAYROA,GBCADBAYROA3,Late Tender Offer,,2025-10-03,2025-10-01,2025-10-03,Y,Manual,N,N,N,Newly identified; added to VES.,Confirmed,N,Y,Awaiting Documentation
CDR-0050100,2025-09-28,Euroclear,,VES-030072,BNK-0600072,DEP-09000072,Verdant Aerospace NV,S029601,OHXVXQZ1J,CAOHXVXQZ1J4,Odd Lot Offer,,2025-10-06,2025-10-04,2025-10-06,Y,ISIN,N,Y,N,Within 15BD window; routed to Processing Officer.,Confirmed,N,Y,Monitored
CDR-0050101,2025-09-28,I&TS,,VES-030126,BNK-0600126,DEP-09000126,Harborlight Aerospace Inc,S271586,ZM2NGCQVP,CAZM2NGCQVP3,Annual Redemption Privilege,,2025-10-06,2025-10-04,2025-10-06,Y,Depo Event ID,N,N,N,,Resolved,N,Y,Awaiting Documentation
CDR-0050102,2025-09-28,CDS,,VES-030104,BNK-0600104,DEP-09000104,Meadowfield Pharmaceuticals Ltd,S260312,K0PMUJVWY,GBK0PMUJVWY3,Rights Offering,,2025-10-12,2025-10-10,2025-10-12,Y,ISIN,N,N,N,Multi-depository; using bulk-of-holdings expiry.,Confirmed,N,Y,Awaiting Documentation
CDR-0050103,2025-09-28,CDS,,VES-030134,BNK-0600134,DEP-09000134,Quartz Peak Technology Corp,S260606,YW3XFMU6L,KYYW3XFMU6L5,Early Tender Offer,,2025-10-16,2025-10-14,2025-10-16,Y,Manual,N,N,N,,Confirmed,N,Y,Monitored
CDR-0050104,2025-09-28,I&TS,,VES-030078,BNK-0600078,DEP-09000078,Aldergrove Bank Inc,S821591,W9DJSSI40,CAW9DJSSI403,Consent Solicitation,,2025-10-08,2025-10-06,2025-10-08,Y,ISIN,N,N,N,,Confirmed,N,Y,Awaiting Election
CDR-0050105,2025-09-28,CDS,,VES-030063,BNK-0600063,DEP-09000063,Kestrel Resources plc,S643872,SIDDRYO1O,GBSIDDRYO1O5,Tender Offer,,2025-10-13,2025-10-11,2025-10-13,Y,Depo Event ID,N,N,N,Duplicate from prior report; removed.,,N,Y,Awaiting Documentation
CDR-0050106,2025-10-05,CDS,,VES-030134,BNK-0600134,DEP-09000134,Quartz Peak Technology Corp,S260606,YW3XFMU6L,KYYW3XFMU6L5,Early Tender Offer,,2025-10-16,2025-10-14,2025-10-16,Y,ISIN,N,N,N,Duplicate from prior report; removed.,,N,Y,Closed
CDR-0050107,2025-10-05,CDS,,VES-030099,BNK-0600099,DEP-09000099,Kestrel Resources plc,S643872,SIDDRYO1O,GBSIDDRYO1O5,Annual Redemption Privilege,,2025-10-23,2025-10-21,2025-10-23,Y,ISIN,N,N,N,,Confirmed,N,Y,Awaiting Election
CDR-0050108,2025-10-05,I&TS,,VES-030126,BNK-0600126,DEP-09000126,Harborlight Aerospace Inc,S271586,ZM2NGCQVP,CAZM2NGCQVP3,Annual Redemption Privilege,,2025-10-06,2025-10-04,2025-10-06,Y,ISIN,N,N,N,,,N,Y,Closed
CDR-0050109,2025-10-05,CDS,,VES-030104,BNK-0600104,DEP-09000104,Meadowfield Pharmaceuticals Ltd,S260312,K0PMUJVWY,GBK0PMUJVWY3,Rights Offering,,2025-10-12,2025-10-10,2025-10-12,Y,Manual,N,N,N,Within 15BD window; routed to Processing Officer.,Confirmed,N,Y,Monitored
CDR-0050110,2025-10-05,Euroclear,,VES-030108,BNK-0600108,DEP-09000108,Tideline Capital SA,S218466,80QXORTIR,KY80QXORTIR7,Tender Offer,,2025-10-26,2025-10-24,2025-10-26,Y,Depo Event ID,N,N,N,Multi-depository; using bulk-of-holdings expiry.,Resolved,N,Y,Awaiting Documentation
CDR-0050111,2025-10-05,CDS,,VES-030063,BNK-0600063,DEP-09000063,Kestrel Resources plc,S643872,SIDDRYO1O,GBSIDDRYO1O5,Tender Offer,,2025-10-13,2025-10-11,2025-10-13,Y,ISIN,N,N,N,Within 15BD window; routed to Processing Officer.,,N,Y,Monitored
CDR-0050112,2025-10-05,Euroclear,,VES-030072,BNK-0600072,DEP-09000072,Verdant Aerospace NV,S029601,OHXVXQZ1J,CAOHXVXQZ1J4,Odd Lot Offer,,2025-10-06,2025-10-04,2025-10-06,Y,ISIN,N,Y,N,Duplicate from prior report; removed.,,N,Y,Awaiting Documentation
CDR-0050113,2025-10-05,I&TS,,VES-030110,BNK-0600110,DEP-09000110,Meadowfield Holdings AG,S671081,9DNRRNDAK,BM9DNRRNDAK9,Annual Redemption Privilege,,2025-10-25,2025-10-23,2025-10-25,Y,ISIN,N,N,N,Multi-depository; using bulk-of-holdings expiry.,Under Review,N,Y,Awaiting Election
CDR-0050114,2025-10-12,CDS,,VES-030134,BNK-0600134,DEP-09000134,Quartz Peak Technology Corp,S260606,YW3XFMU6L,KYYW3XFMU6L5,Early Tender Offer,,2025-10-16,2025-10-14,2025-10-16,Y,ISIN,N,N,N,,,N,Y,Closed
CDR-0050115,2025-10-12,Euroclear,,VES-030108,BNK-0600108,DEP-09000108,Tideline Capital SA,S218466,80QXORTIR,KY80QXORTIR7,Tender Offer,,2025-10-26,2025-10-24,2025-10-26,Y,ISIN,N,N,N,Within 15BD window; routed to Processing Officer.,Under Review,N,Y,Awaiting Documentation
CDR-0050116,2025-10-12,CDS,,VES-030063,BNK-0600063,DEP-09000063,Kestrel Resources plc,S643872,SIDDRYO1O,GBSIDDRYO1O5,Tender Offer,,2025-10-13,2025-10-11,2025-10-13,Y,CUSIP,N,N,N,,,N,Y,Closed
CDR-0050117,2025-10-12,Euroclear,,VES-030041,BNK-0600041,DEP-09000041,Doverpoint Media SE,S586514,B5LQ0YNTP,CAB5LQ0YNTP1,Warrant Redemption,,2025-10-29,2025-10-27,2025-10-29,N,,N,N,N,Duplicate from prior report; removed.,,Y,Y,Closed
CDR-0050118,2025-10-19,DTC,ACCT-637097,VES-030053,BNK-0600053,DEP-09000053,Zephyr Resources NV,S793154,GKHRT44H6,BMGKHRT44H63,Warrant Exercise,,2025-10-24,2025-10-22,2025-10-24,Y,Depo Event ID,Y,N,N,Already in VES; monitoring only.,,N,N,Awaiting Documentation
CDR-0050119,2025-10-19,Euroclear,,VES-030041,BNK-0600041,DEP-09000041,Doverpoint Media SE,S586514,B5LQ0YNTP,CAB5LQ0YNTP1,Warrant Redemption,,2025-10-29,2025-10-27,2025-10-29,N,,N,N,N,Multi-depository; using bulk-of-holdings expiry.,Confirmed,Y,Y,Closed
CDR-0050120,2025-10-19,I&TS,,VES-030110,BNK-0600110,DEP-09000110,Meadowfield Holdings AG,S671081,9DNRRNDAK,BM9DNRRNDAK9,Annual Redemption Privilege,,2025-10-25,2025-10-23,2025-10-25,Y,ISIN,N,N,N,Newly identified; added to VES.,Confirmed,N,Y,Awaiting Election
CDR-0050121,2025-10-19,DTC,ACCT-664970,VES-030035,BNK-0600035,DEP-09000035,Juniper Pharmaceuticals SE,S202269,EO530JMR8,KYEO530JMR86,Consent Exchange Offer,,2025-10-25,2025-10-23,2025-10-25,Y,ISIN,Y,N,N,Multi-depository; using bulk-of-holdings expiry.,Under Review,N,N,Awaiting Election
CDR-0050122,2025-10-19,Euroclear,,VES-030108,BNK-0600108,DEP-09000108,Tideline Capital SA,S218466,80QXORTIR,KY80QXORTIR7,Tender Offer,,2025-10-26,2025-10-24,2025-10-26,Y,Depo Event ID,N,N,N,Duplicate from prior report; removed.,Confirmed,N,Y,Awaiting Election
CDR-0050123,2025-10-19,CDS,,VES-030099,BNK-0600099,DEP-09000099,Kestrel Resources plc,S643872,SIDDRYO1O,GBSIDDRYO1O5,Annual Redemption Privilege,,2025-10-23,2025-10-21,2025-10-23,Y,Manual,N,N,N,,Confirmed,N,Y,Awaiting Election
CDR-0050124,2025-10-19,CDS,,VES-030128,BNK-0600128,DEP-09000128,Evergreen Holdings NV,S369665,XVJ067O1D,CAXVJ067O1D4,Annual Redemption Privilege,,2025-10-28,2025-10-26,2025-10-28,N,,N,N,N,Multi-depository; using bulk-of-holdings expiry.,Resolved,Y,Y,Awaiting Election
CDR-0050125,2025-10-19,Euroclear,,VES-030015,BNK-0600015,DEP-09000015,Doverpoint Media SE,S586514,B5LQ0YNTP,CAB5LQ0YNTP1,Tender Offer,,2025-10-30,2025-10-28,2025-10-30,Y,CUSIP,N,N,N,Multi-depository; using bulk-of-holdings expiry.,Confirmed,N,Y,Monitored
CDR-0050126,2025-10-26,CDS,,VES-030116,BNK-0600116,DEP-09000116,Zephyr Resources NV,S387935,UMVU05V6P,KYUMVU05V6P4,Early Tender Offer,,2025-11-17,2025-11-15,2025-11-17,Y,Depo Event ID,N,N,N,Multi-depository; using bulk-of-holdings expiry.,,N,Y,Closed
CDR-0050127,2025-10-26,Euroclear,,VES-030052,BNK-0600052,DEP-09000052,Tideline Bank plc,S815467,H5VJV2PUJ,USH5VJV2PUJ7,Warrant Exercise,,2025-11-16,2025-11-14,2025-11-16,Y,ISIN,N,N,N,,Resolved,N,Y,Awaiting Election
CDR-0050128,2025-10-26,Euroclear,,VES-030041,BNK-0600041,DEP-09000041,Doverpoint Media SE,S586514,B5LQ0YNTP,CAB5LQ0YNTP1,Warrant Redemption,,2025-10-29,2025-10-27,2025-10-29,Y,Depo Event ID,N,N,N,Within 15BD window; routed to Processing Officer.,Resolved,N,Y,Awaiting Election
CDR-0050129,2025-10-26,Euroclear,,VES-030108,BNK-0600108,DEP-09000108,Tideline Capital SA,S218466,80QXORTIR,KY80QXORTIR7,Tender Offer,,2025-10-26,2025-10-24,2025-10-26,Y,Depo Event ID,N,N,N,Newly identified; added to VES.,Under Review,N,Y,Closed
CDR-0050130,2025-10-26,Euroclear,,VES-030015,BNK-0600015,DEP-09000015,Doverpoint Media SE,S586514,B5LQ0YNTP,CAB5LQ0YNTP1,Tender Offer,,2025-10-30,2025-10-28,2025-10-30,Y,Manual,N,N,N,Multi-depository; using bulk-of-holdings expiry.,Under Review,N,Y,Awaiting Documentation
CDR-0050131,2025-10-26,I&TS,,VES-030107,BNK-0600107,DEP-09000107,Harborlight Aerospace Inc,S271586,ZM2NGCQVP,CAZM2NGCQVP3,Tender Offer,,2025-11-17,2025-11-15,2025-11-17,Y,ISIN,N,N,N,Already in VES; monitoring only.,Confirmed,N,Y,Awaiting Election
CDR-0050132,2025-10-26,CDS,,VES-030128,BNK-0600128,DEP-09000128,Evergreen Holdings NV,S369665,XVJ067O1D,CAXVJ067O1D4,Annual Redemption Privilege,,2025-10-28,2025-10-26,2025-10-28,Y,CUSIP,N,N,N,Newly identified; added to VES.,Under Review,N,Y,Awaiting Election
CDR-0050133,2025-11-02,Euroclear,,VES-030052,BNK-0600052,DEP-09000052,Tideline Bank plc,S815467,H5VJV2PUJ,USH5VJV2PUJ7,Warrant Exercise,,2025-11-16,2025-11-14,2025-11-16,Y,Manual,N,N,N,,Confirmed,N,Y,Closed
CDR-0050134,2025-11-02,I&TS,,VES-030001,BNK-0600001,DEP-09000001,Evergreen Bank AG,S086943,WJ0U8M084,BMWJ0U8M0845,Consent Solicitation,,2025-11-19,2025-11-17,2025-11-19,Y,Depo Event ID,N,N,N,Multi-depository; using bulk-of-holdings expiry.,Under Review,N,Y,Awaiting Documentation
CDR-0050135,2025-11-02,CDS,,VES-030116,BNK-0600116,DEP-09000116,Zephyr Resources NV,S387935,UMVU05V6P,KYUMVU05V6P4,Early Tender Offer,,2025-11-17,2025-11-15,2025-11-17,Y,Depo Event ID,N,N,N,Already in VES; monitoring only.,Confirmed,N,Y,Monitored
CDR-0050136,2025-11-02,I&TS,,VES-030107,BNK-0600107,DEP-09000107,Harborlight Aerospace Inc,S271586,ZM2NGCQVP,CAZM2NGCQVP3,Tender Offer,,2025-11-17,2025-11-15,2025-11-17,N,,N,N,N,Duplicate from prior report; removed.,Resolved,Y,Y,Monitored
CDR-0050137,2025-11-02,Euroclear,,VES-030082,BNK-0600082,DEP-09000082,Evergreen Holdings plc,S017543,02WA2TS4W,KY02WA2TS4W4,Consent Solicitation,,2025-11-19,2025-11-17,2025-11-19,Y,Manual,N,N,N,,Resolved,N,Y,Awaiting Election
CDR-0050138,2025-11-02,Euroclear,,VES-030131,BNK-0600131,DEP-09000131,Aldergrove Capital Ltd,S028611,HCTD25I0Y,BMHCTD25I0Y7,Consent Exchange Offer,,2025-11-22,2025-11-20,2025-11-22,Y,Depo Event ID,N,N,N,Multi-depository; using bulk-of-holdings expiry.,,N,Y,Awaiting Documentation
CDR-0050139,2025-11-02,Euroclear,,VES-030120,BNK-0600120,DEP-09000120,Meadowfield Pharmaceuticals Corp,S748889,PXPZ4C5PL,GBPXPZ4C5PL8,Exchange Offer,,2025-11-22,2025-11-20,2025-11-22,N,,N,N,N,Duplicate from prior report; removed.,,Y,Y,Closed
CDR-0050140,2025-11-09,CDS,,VES-030116,BNK-0600116,DEP-09000116,Zephyr Resources NV,S387935,UMVU05V6P,KYUMVU05V6P4,Early Tender Offer,,2025-11-17,2025-11-15,2025-11-17,Y,ISIN,N,N,N,Newly identified; added to VES.,Under Review,N,Y,Monitored
CDR-0050141,2025-11-09,CDS,,VES-030137,BNK-0600137,DEP-09000137,Quartz Peak Technology Corp,S260606,YW3XFMU6L,KYYW3XFMU6L5,Mini-Tender,,2025-11-28,2025-11-26,2025-11-28,Y,CUSIP,N,N,N,Newly identified; added to VES.,Resolved,N,Y,Closed
CDR-0050142,2025-11-09,Euroclear,,VES-030131,BNK-0600131,DEP-09000131,Aldergrove Capital Ltd,S028611,HCTD25I0Y,BMHCTD25I0Y7,Consent Exchange Offer,,2025-11-22,2025-11-20,2025-11-22,Y,CUSIP,N,N,N,Newly identified; added to VES.,,N,Y,Awaiting Documentation
CDR-0050143,2025-11-09,I&TS,,VES-030061,BNK-0600061,DEP-09000061,Umbra Technology AG,S937633,3O81NYR2P,BM3O81NYR2P2,Dutch Auction,,2025-11-28,2025-11-26,2025-11-28,Y,Depo Event ID,N,N,N,,Confirmed,N,Y,Awaiting Election
CDR-0050144,2025-11-09,I&TS,,VES-030001,BNK-0600001,DEP-09000001,Evergreen Bank AG,S086943,WJ0U8M084,BMWJ0U8M0845,Consent Solicitation,,2025-11-19,2025-11-17,2025-11-19,N,,N,N,N,Duplicate from prior report; removed.,Confirmed,Y,Y,Monitored
CDR-0050145,2025-11-16,I&TS,,VES-030061,BNK-0600061,DEP-09000061,Umbra Technology AG,S937633,3O81NYR2P,BM3O81NYR2P2,Dutch Auction,,2025-11-28,2025-11-26,2025-11-28,Y,Manual,N,N,N,Multi-depository; using bulk-of-holdings expiry.,Confirmed,N,Y,Awaiting Documentation
CDR-0050146,2025-11-16,DTC,ACCT-496292,VES-030008,BNK-0600008,DEP-09000008,Zephyr Resources NV,S793154,GKHRT44H6,BMGKHRT44H63,Tender Offer,,2025-11-29,2025-11-27,2025-11-29,N,,N,N,N,Duplicate from prior report; removed.,Under Review,Y,Y,Monitored
CDR-0050147,2025-11-16,Euroclear,,VES-030052,BNK-0600052,DEP-09000052,Tideline Bank plc,S815467,H5VJV2PUJ,USH5VJV2PUJ7,Warrant Exercise,,2025-11-16,2025-11-14,2025-11-16,Y,CUSIP,N,N,N,,Under Review,N,Y,Awaiting Documentation
CDR-0050148,2025-11-16,CDS,,VES-030116,BNK-0600116,DEP-09000116,Zephyr Resources NV,S387935,UMVU05V6P,KYUMVU05V6P4,Early Tender Offer,,2025-11-17,2025-11-15,2025-11-17,Y,Manual,N,N,N,Newly identified; added to VES.,Under Review,N,Y,Closed
CDR-0050149,2025-11-16,Euroclear,,VES-030082,BNK-0600082,DEP-09000082,Evergreen Holdings plc,S017543,02WA2TS4W,KY02WA2TS4W4,Consent Solicitation,,2025-11-19,2025-11-17,2025-11-19,Y,Manual,N,N,N,Newly identified; added to VES.,Confirmed,N,Y,Awaiting Election
CDR-0050150,2025-11-23,Euroclear,,VES-030096,BNK-0600096,DEP-09000096,Cedarwood Capital plc,S661755,HLG2LMOD7,KYHLG2LMOD70,Monthly Redemption Privilege,,2025-12-05,2025-12-03,2025-12-05,Y,Manual,N,N,N,Already in VES; monitoring only.,Resolved,N,Y,Awaiting Documentation
CDR-0050151,2025-11-23,I&TS,,VES-030061,BNK-0600061,DEP-09000061,Umbra Technology AG,S937633,3O81NYR2P,BM3O81NYR2P2,Dutch Auction,,2025-11-28,2025-11-26,2025-11-28,N,,N,N,N,Newly identified; added to VES.,Under Review,Y,Y,Awaiting Documentation
CDR-0050152,2025-11-23,CDS,,VES-030137,BNK-0600137,DEP-09000137,Quartz Peak Technology Corp,S260606,YW3XFMU6L,KYYW3XFMU6L5,Mini-Tender,,2025-11-28,2025-11-26,2025-11-28,Y,CUSIP,N,N,N,,Confirmed,N,Y,Awaiting Election
CDR-0050153,2025-11-30,Euroclear,,VES-030096,BNK-0600096,DEP-09000096,Cedarwood Capital plc,S661755,HLG2LMOD7,KYHLG2LMOD70,Monthly Redemption Privilege,,2025-12-05,2025-12-03,2025-12-05,Y,CUSIP,N,N,N,Newly identified; added to VES.,,N,Y,Monitored
CDR-0050154,2025-11-30,Euroclear,,VES-030055,BNK-0600055,DEP-09000055,Westmark Pharmaceuticals SA,S210795,MY3EKSVKF,USMY3EKSVKF9,Mini-Tender,,2025-12-20,2025-12-18,2025-12-20,Y,Depo Event ID,N,N,N,Newly identified; added to VES.,Under Review,N,Y,Closed
CDR-0050155,2025-11-30,I&TS,,VES-030033,BNK-0600033,DEP-09000033,Larkspur Energy SA,S945860,RZIDHS7DG,GBRZIDHS7DG4,Dutch Auction,,2025-12-07,2025-12-05,2025-12-07,Y,CUSIP,N,N,N,Multi-depository; using bulk-of-holdings expiry.,,N,Y,Closed
CDR-0050156,2025-11-30,CDS,,VES-030084,BNK-0600084,DEP-09000084,Zephyr Properties SE,S031501,E04ZI7CNK,CAE04ZI7CNK2,Convertible Debenture Conversion,,2025-12-16,2025-12-14,2025-12-16,Y,Depo Event ID,N,N,N,Newly identified; added to VES.,Under Review,N,Y,Closed
CDR-0050157,2025-11-30,Euroclear,,VES-030146,BNK-0600146,DEP-09000146,Westmark Mining SE,S470459,MPXVBOQDE,KYMPXVBOQDE2,Rights Offering,,2025-12-20,2025-12-18,2025-12-20,N,,N,N,N,Duplicate from prior report; removed.,Under Review,Y,Y,Awaiting Election
CDR-0050158,2025-12-07,Euroclear,,VES-030146,BNK-0600146,DEP-09000146,Westmark Mining SE,S470459,MPXVBOQDE,KYMPXVBOQDE2,Rights Offering,,2025-12-20,2025-12-18,2025-12-20,Y,ISIN,N,N,N,Already in VES; monitoring only.,,N,Y,Awaiting Documentation
CDR-0050159,2025-12-07,CDS,,VES-030084,BNK-0600084,DEP-09000084,Zephyr Properties SE,S031501,E04ZI7CNK,CAE04ZI7CNK2,Convertible Debenture Conversion,,2025-12-16,2025-12-14,2025-12-16,N,,N,N,N,Newly identified; added to VES.,Under Review,Y,Y,Monitored
CDR-0050160,2025-12-07,CDS,,VES-030006,BNK-0600006,DEP-09000006,Juniper Resources AG,S009268,7PUVMP1BD,US7PUVMP1BD8,Odd Lot Offer,,2025-12-29,2025-12-27,2025-12-29,N,,N,Y,N,Newly identified; added to VES.,,Y,Y,Monitored
CDR-0050161,2025-12-07,I&TS,,VES-030033,BNK-0600033,DEP-09000033,Larkspur Energy SA,S945860,RZIDHS7DG,GBRZIDHS7DG4,Dutch Auction,,2025-12-07,2025-12-05,2025-12-07,Y,ISIN,N,N,N,Newly identified; added to VES.,Under Review,N,Y,Closed
CDR-0050162,2025-12-07,Euroclear,,VES-030055,BNK-0600055,DEP-09000055,Westmark Pharmaceuticals SA,S210795,MY3EKSVKF,USMY3EKSVKF9,Mini-Tender,,2025-12-20,2025-12-18,2025-12-20,Y,Manual,N,N,N,Newly identified; added to VES.,Confirmed,N,Y,Monitored
CDR-0050163,2025-12-14,CDS,,VES-030006,BNK-0600006,DEP-09000006,Juniper Resources AG,S009268,7PUVMP1BD,US7PUVMP1BD8,Odd Lot Offer,,2025-12-29,2025-12-27,2025-12-29,Y,Depo Event ID,N,Y,N,Multi-depository; using bulk-of-holdings expiry.,Confirmed,N,Y,Monitored
CDR-0050164,2025-12-14,Euroclear,,VES-030146,BNK-0600146,DEP-09000146,Westmark Mining SE,S470459,MPXVBOQDE,KYMPXVBOQDE2,Rights Offering,,2025-12-20,2025-12-18,2025-12-20,N,,N,N,N,Multi-depository; using bulk-of-holdings expiry.,Under Review,Y,Y,Closed
CDR-0050165,2025-12-14,I&TS,,VES-030023,BNK-0600023,DEP-09000023,Evergreen Bank AG,S086943,WJ0U8M084,BMWJ0U8M0845,Convertible Debenture Conversion,,2026-01-03,2026-01-01,2026-01-03,Y,CUSIP,N,N,N,Already in VES; monitoring only.,Resolved,N,Y,Monitored
CDR-0050166,2025-12-14,CDS,,VES-030084,BNK-0600084,DEP-09000084,Zephyr Properties SE,S031501,E04ZI7CNK,CAE04ZI7CNK2,Convertible Debenture Conversion,,2025-12-16,2025-12-14,2025-12-16,Y,CUSIP,N,N,N,Within 15BD window; routed to Processing Officer.,Resolved,N,Y,Awaiting Election
CDR-0050167,2025-12-14,Euroclear,,VES-030055,BNK-0600055,DEP-09000055,Westmark Pharmaceuticals SA,S210795,MY3EKSVKF,USMY3EKSVKF9,Mini-Tender,,2025-12-20,2025-12-18,2025-12-20,Y,CUSIP,N,N,N,,,N,Y,Monitored
CDR-0050168,2025-12-21,DTC,ACCT-429762,VES-030029,BNK-0600029,DEP-09000029,Juniper Bio Inc,S758381,D8W72I6BN,GBD8W72I6BN5,Warrant Redemption,,2025-12-31,2025-12-29,2025-12-31,N,,N,N,N,Already in VES; monitoring only.,Under Review,Y,Y,Awaiting Documentation
CDR-0050169,2025-12-21,I&TS,,VES-030081,BNK-0600081,DEP-09000081,Oakhill Bank AG,S689913,DXGC9J90G,BMDXGC9J90G0,Mini-Tender,,2026-01-06,2026-01-04,2026-01-06,Y,Depo Event ID,N,N,N,,Resolved,N,Y,Awaiting Documentation
CDR-0050170,2025-12-21,CDS,,VES-030006,BNK-0600006,DEP-09000006,Juniper Resources AG,S009268,7PUVMP1BD,US7PUVMP1BD8,Odd Lot Offer,,2025-12-29,2025-12-27,2025-12-29,Y,ISIN,N,Y,N,Multi-depository; using bulk-of-holdings expiry.,,N,Y,Closed
CDR-0050171,2025-12-21,CDS,,VES-030065,BNK-0600065,DEP-09000065,Meadowfield Logistics plc,S589485,N0BIMVE3K,BMN0BIMVE3K4,Warrant Exercise,,2026-01-06,2026-01-04,2026-01-06,Y,Depo Event ID,N,N,N,Within 15BD window; routed to Processing Officer.,,N,Y,Closed
CDR-0050172,2025-12-21,I&TS,,VES-030023,BNK-0600023,DEP-09000023,Evergreen Bank AG,S086943,WJ0U8M084,BMWJ0U8M0845,Convertible Debenture Conversion,,2026-01-03,2026-01-01,2026-01-03,Y,CUSIP,N,N,N,,Confirmed,N,Y,Awaiting Documentation
CDR-0050173,2025-12-28,CDS,,VES-030006,BNK-0600006,DEP-09000006,Juniper Resources AG,S009268,7PUVMP1BD,US7PUVMP1BD8,Odd Lot Offer,,2025-12-29,2025-12-27,2025-12-29,Y,CUSIP,N,Y,N,Within 15BD window; routed to Processing Officer.,,N,Y,Awaiting Election
CDR-0050174,2025-12-28,I&TS,,VES-030059,BNK-0600059,DEP-09000059,Meadowfield Holdings AG,S671081,9DNRRNDAK,BM9DNRRNDAK9,Cease Trade Notice,,2026-01-19,2026-01-17,2026-01-19,Y,CUSIP,N,N,N,Duplicate from prior report; removed.,Confirmed,N,Y,Closed
CDR-0050175,2025-12-28,I&TS,,VES-030081,BNK-0600081,DEP-09000081,Oakhill Bank AG,S689913,DXGC9J90G,BMDXGC9J90G0,Mini-Tender,,2026-01-06,2026-01-04,2026-01-06,N,,N,N,N,,,Y,Y,Awaiting Election
CDR-0050176,2025-12-28,I&TS,,VES-030024,BNK-0600024,DEP-09000024,Pinewright Industries plc,S073457,P7AMV17FX,KYP7AMV17FX7,Dutch Auction,,2026-01-13,2026-01-11,2026-01-13,Y,CUSIP,N,N,N,,Under Review,N,Y,Closed
CDR-0050177,2026-01-04,I&TS,,VES-030024,BNK-0600024,DEP-09000024,Pinewright Industries plc,S073457,P7AMV17FX,KYP7AMV17FX7,Dutch Auction,,2026-01-13,2026-01-11,2026-01-13,Y,Depo Event ID,N,N,N,Already in VES; monitoring only.,Under Review,N,Y,Awaiting Election
CDR-0050178,2026-01-04,CDS,,VES-030037,BNK-0600037,DEP-09000037,Doverpoint Properties Ltd,S927373,Z5NPKC098,BMZ5NPKC0981,Late Tender Offer,,2026-01-14,2026-01-12,2026-01-14,Y,ISIN,N,N,N,Within 15BD window; routed to Processing Officer.,Confirmed,N,Y,Awaiting Election
CDR-0050179,2026-01-04,Euroclear,,VES-030047,BNK-0600047,DEP-09000047,Larkspur Aerospace AG,S130331,JXIO6L01A,CAJXIO6L01A7,Warrant Redemption,,2026-01-22,2026-01-20,2026-01-22,N,,N,N,N,Duplicate from prior report; removed.,Confirmed,Y,Y,Closed
CDR-0050180,2026-01-04,CDS,,VES-030065,BNK-0600065,DEP-09000065,Meadowfield Logistics plc,S589485,N0BIMVE3K,BMN0BIMVE3K4,Warrant Exercise,,2026-01-06,2026-01-04,2026-01-06,Y,Depo Event ID,N,N,N,Newly identified; added to VES.,Resolved,N,Y,Awaiting Documentation
CDR-0050181,2026-01-11,I&TS,,VES-030098,BNK-0600098,DEP-09000098,Zephyr Mining Corp,S806053,K5PVFQKP8,CAK5PVFQKP88,Monthly Redemption Privilege,,2026-01-27,2026-01-25,2026-01-27,Y,Manual,N,N,N,Within 15BD window; routed to Processing Officer.,Under Review,N,Y,Closed
CDR-0050182,2026-01-11,Euroclear,,VES-030062,BNK-0600062,DEP-09000062,Cedarwood Logistics Ltd,S427498,4K56TL7AF,CA4K56TL7AF0,Late Tender Offer,,2026-01-27,2026-01-25,2026-01-27,N,,N,N,N,Already in VES; monitoring only.,,Y,Y,Awaiting Documentation
CDR-0050183,2026-01-11,Euroclear,,VES-030047,BNK-0600047,DEP-09000047,Larkspur Aerospace AG,S130331,JXIO6L01A,CAJXIO6L01A7,Warrant Redemption,,2026-01-22,2026-01-20,2026-01-22,Y,ISIN,N,N,N,Within 15BD window; routed to Processing Officer.,Resolved,N,Y,Awaiting Election
CDR-0050184,2026-01-11,I&TS,,VES-030024,BNK-0600024,DEP-09000024,Pinewright Industries plc,S073457,P7AMV17FX,KYP7AMV17FX7,Dutch Auction,,2026-01-13,2026-01-11,2026-01-13,Y,CUSIP,N,N,N,Newly identified; added to VES.,Confirmed,N,Y,Closed
CDR-0050185,2026-01-11,I&TS,,VES-030059,BNK-0600059,DEP-09000059,Meadowfield Holdings AG,S671081,9DNRRNDAK,BM9DNRRNDAK9,Cease Trade Notice,,2026-01-19,2026-01-17,2026-01-19,Y,CUSIP,N,N,N,Duplicate from prior report; removed.,,N,Y,Monitored
CDR-0050186,2026-01-18,DTC,ACCT-487459,VES-030038,BNK-0600038,DEP-09000038,Harborlight Industries SE,S335197,PYSOTNDMF,CAPYSOTNDMF4,Warrant Redemption,,2026-01-27,2026-01-25,2026-01-27,N,,N,N,N,Newly identified; added to VES.,Under Review,Y,Y,Awaiting Election
CDR-0050187,2026-01-18,Euroclear,,VES-030062,BNK-0600062,DEP-09000062,Cedarwood Logistics Ltd,S427498,4K56TL7AF,CA4K56TL7AF0,Late Tender Offer,,2026-01-27,2026-01-25,2026-01-27,N,,N,N,N,Within 15BD window; routed to Processing Officer.,Resolved,Y,Y,Awaiting Documentation
CDR-0050188,2026-01-18,Euroclear,,VES-030047,BNK-0600047,DEP-09000047,Larkspur Aerospace AG,S130331,JXIO6L01A,CAJXIO6L01A7,Warrant Redemption,,2026-01-22,2026-01-20,2026-01-22,Y,Depo Event ID,N,N,N,,Resolved,N,Y,Closed
CDR-0050189,2026-01-18,I&TS,,VES-030098,BNK-0600098,DEP-09000098,Zephyr Mining Corp,S806053,K5PVFQKP8,CAK5PVFQKP88,Monthly Redemption Privilege,,2026-01-27,2026-01-25,2026-01-27,Y,Manual,N,N,N,Within 15BD window; routed to Processing Officer.,Resolved,N,Y,Awaiting Election
CDR-0050190,2026-01-18,I&TS,,VES-030064,BNK-0600064,DEP-09000064,Ironbridge Trust NV,S385221,BMK2E1CAW,BMBMK2E1CAW1,Convertible Debenture Conversion,,2026-02-07,2026-02-05,2026-02-07,Y,ISIN,N,N,N,Multi-depository; using bulk-of-holdings expiry.,Confirmed,N,Y,Monitored
CDR-0050191,2026-01-18,I&TS,,VES-030059,BNK-0600059,DEP-09000059,Meadowfield Holdings AG,S671081,9DNRRNDAK,BM9DNRRNDAK9,Cease Trade Notice,,2026-01-19,2026-01-17,2026-01-19,N,,N,N,N,Multi-depository; using bulk-of-holdings expiry.,,Y,Y,Monitored
CDR-0050192,2026-01-18,DTC,ACCT-443104,VES-030089,BNK-0600089,DEP-09000089,Harborlight Industries SE,S335197,PYSOTNDMF,CAPYSOTNDMF4,Tender Offer,,2026-02-07,2026-02-05,2026-02-07,Y,Manual,N,N,N,Newly identified; added to VES.,Confirmed,N,Y,Awaiting Documentation
CDR-0050193,2026-01-25,CDS,,VES-030014,BNK-0600014,DEP-09000014,Riverstone Mining SA,S064793,WWNQC46JT,USWWNQC46JT9,Tender Offer,,2026-02-13,2026-02-11,2026-02-13,Y,Depo Event ID,N,N,N,Within 15BD window; routed to Processing Officer.,,N,Y,Awaiting Documentation
CDR-0050194,2026-01-25,DTC,ACCT-732860,VES-030038,BNK-0600038,DEP-09000038,Harborlight Industries SE,S335197,PYSOTNDMF,CAPYSOTNDMF4,Warrant Redemption,,2026-01-27,2026-01-25,2026-01-27,Y,Depo Event ID,Y,N,N,Already in VES; monitoring only.,Confirmed,N,N,Monitored
CDR-0050195,2026-01-25,I&TS,,VES-030070,BNK-0600070,DEP-09000070,Westmark Capital AG,S327353,6LXRQUAZG,CA6LXRQUAZG3,Cease Trade Notice,,2026-02-13,2026-02-11,2026-02-13,Y,ISIN,N,N,N,Newly identified; added to VES.,Under Review,N,Y,Awaiting Election
CDR-0050196,2026-01-25,DTC,ACCT-199333,VES-030089,BNK-0600089,DEP-09000089,Harborlight Industries SE,S335197,PYSOTNDMF,CAPYSOTNDMF4,Tender Offer,,2026-02-07,2026-02-05,2026-02-07,Y,Manual,N,N,N,Already in VES; monitoring only.,Confirmed,N,Y,Awaiting Documentation
CDR-0050197,2026-01-25,I&TS,,VES-030098,BNK-0600098,DEP-09000098,Zephyr Mining Corp,S806053,K5PVFQKP8,CAK5PVFQKP88,Monthly Redemption Privilege,,2026-01-27,2026-01-25,2026-01-27,N,,N,N,N,Newly identified; added to VES.,Resolved,Y,Y,Monitored
CDR-0050198,2026-01-25,I&TS,,VES-030064,BNK-0600064,DEP-09000064,Ironbridge Trust NV,S385221,BMK2E1CAW,BMBMK2E1CAW1,Convertible Debenture Conversion,,2026-02-07,2026-02-05,2026-02-07,N,,N,N,N,Multi-depository; using bulk-of-holdings expiry.,Resolved,Y,Y,Closed
CDR-0050199,2026-01-25,Euroclear,,VES-030050,BNK-0600050,DEP-09000050,Evergreen Holdings Ltd,S623726,J38QTE4MI,BMJ38QTE4MI3,Consent Exchange Offer,,2026-02-16,2026-02-14,2026-02-16,Y,ISIN,N,N,N,Multi-depository; using bulk-of-holdings expiry.,Under Review,N,Y,Awaiting Election
CDR-0050200,2026-02-01,I&TS,,VES-030070,BNK-0600070,DEP-09000070,Westmark Capital AG,S327353,6LXRQUAZG,CA6LXRQUAZG3,Cease Trade Notice,,2026-02-13,2026-02-11,2026-02-13,N,,N,N,N,Newly identified; added to VES.,Confirmed,Y,Y,Awaiting Election
CDR-0050201,2026-02-01,DTC,ACCT-396359,VES-030089,BNK-0600089,DEP-09000089,Harborlight Industries SE,S335197,PYSOTNDMF,CAPYSOTNDMF4,Tender Offer,,2026-02-07,2026-02-05,2026-02-07,Y,CUSIP,N,N,N,Newly identified; added to VES.,Confirmed,N,Y,Awaiting Documentation
CDR-0050202,2026-02-01,I&TS,,VES-030064,BNK-0600064,DEP-09000064,Ironbridge Trust NV,S385221,BMK2E1CAW,BMBMK2E1CAW1,Convertible Debenture Conversion,,2026-02-07,2026-02-05,2026-02-07,N,,N,N,N,,Resolved,Y,Y,Awaiting Documentation
CDR-0050203,2026-02-01,DTC,ACCT-877207,VES-030049,BNK-0600049,DEP-09000049,Zephyr Communications plc,S519946,NOS5NV2EQ,USNOS5NV2EQ2,Dutch Auction,,2026-02-21,2026-02-19,2026-02-21,Y,CUSIP,N,N,N,Within 15BD window; routed to Processing Officer.,Resolved,N,Y,Closed
CDR-0050204,2026-02-08,I&TS,,VES-030070,BNK-0600070,DEP-09000070,Westmark Capital AG,S327353,6LXRQUAZG,CA6LXRQUAZG3,Cease Trade Notice,,2026-02-13,2026-02-11,2026-02-13,Y,Manual,N,N,N,,Resolved,N,Y,Monitored
CDR-0050205,2026-02-08,Euroclear,,VES-030050,BNK-0600050,DEP-09000050,Evergreen Holdings Ltd,S623726,J38QTE4MI,BMJ38QTE4MI3,Consent Exchange Offer,,2026-02-16,2026-02-14,2026-02-16,Y,Depo Event ID,N,N,N,Already in VES; monitoring only.,Under Review,N,Y,Monitored
CDR-0050206,2026-02-08,Euroclear,,VES-030149,BNK-0600149,DEP-09000149,Verdant Resources Ltd,S932609,LD5IW7BC9,GBLD5IW7BC93,Dutch Auction,,2026-03-02,2026-02-28,2026-03-02,Y,ISIN,N,N,N,,Confirmed,N,Y,Awaiting Documentation
CDR-0050207,2026-02-08,CDS,,VES-030014,BNK-0600014,DEP-09000014,Riverstone Mining SA,S064793,WWNQC46JT,USWWNQC46JT9,Tender Offer,,2026-02-13,2026-02-11,2026-02-13,Y,Manual,N,N,N,Newly identified; added to VES.,Resolved,N,Y,Monitored
CDR-0050208,2026-02-08,DTC,ACCT-175235,VES-030049,BNK-0600049,DEP-09000049,Zephyr Communications plc,S519946,NOS5NV2EQ,USNOS5NV2EQ2,Dutch Auction,,2026-02-21,2026-02-19,2026-02-21,Y,CUSIP,N,N,N,Within 15BD window; routed to Processing Officer.,Resolved,N,Y,Awaiting Documentation
CDR-0050209,2026-02-15,Euroclear,,VES-030149,BNK-0600149,DEP-09000149,Verdant Resources Ltd,S932609,LD5IW7BC9,GBLD5IW7BC93,Dutch Auction,,2026-03-02,2026-02-28,2026-03-02,Y,CUSIP,N,N,N,Multi-depository; using bulk-of-holdings expiry.,Under Review,N,Y,Awaiting Documentation
CDR-0050210,2026-02-15,DTC,ACCT-467719,VES-030049,BNK-0600049,DEP-09000049,Zephyr Communications plc,S519946,NOS5NV2EQ,USNOS5NV2EQ2,Dutch Auction,,2026-02-21,2026-02-19,2026-02-21,Y,ISIN,N,N,N,,Under Review,N,Y,Awaiting Election
CDR-0050211,2026-02-15,Euroclear,,VES-030050,BNK-0600050,DEP-09000050,Evergreen Holdings Ltd,S623726,J38QTE4MI,BMJ38QTE4MI3,Consent Exchange Offer,,2026-02-16,2026-02-14,2026-02-16,Y,Manual,N,N,N,Newly identified; added to VES.,Confirmed,N,Y,Monitored
CDR-0050212,2026-02-22,DTC,ACCT-229873,VES-030138,BNK-0600138,DEP-09000138,Ironbridge Bio AG,S037639,RBSOBVMN5,KYRBSOBVMN59,Warrant Redemption,,2026-03-14,2026-03-12,2026-03-14,Y,Manual,N,N,N,Within 15BD window; routed to Processing Officer.,Under Review,N,Y,Closed
CDR-0050213,2026-02-22,DTC,ACCT-511020,VES-030036,BNK-0600036,DEP-09000036,Westmark Industries Corp,S639716,YAS8DLQQ7,KYYAS8DLQQ77,Mini-Tender,,2026-03-11,2026-03-09,2026-03-11,Y,Depo Event ID,N,N,N,Newly identified; added to VES.,Under Review,N,Y,Closed
CDR-0050214,2026-02-22,I&TS,,VES-030066,BNK-0600066,DEP-09000066,Harborlight Capital NV,S957888,6RXNT96UV,GB6RXNT96UV4,Warrant Redemption,,2026-03-12,2026-03-10,2026-03-12,Y,ISIN,N,N,N,Already in VES; monitoring only.,,N,Y,Awaiting Election
CDR-0050215,2026-03-01,Euroclear,,VES-030056,BNK-0600056,DEP-09000056,Northstar Logistics plc,S640953,TTW7S0P9S,GBTTW7S0P9S4,Consent Solicitation,,2026-03-21,2026-03-19,2026-03-21,N,,N,N,N,Within 15BD window; routed to Processing Officer.,Confirmed,Y,Y,Closed
CDR-0050216,2026-03-01,DTC,ACCT-533979,VES-030138,BNK-0600138,DEP-09000138,Ironbridge Bio AG,S037639,RBSOBVMN5,KYRBSOBVMN59,Warrant Redemption,,2026-03-14,2026-03-12,2026-03-14,Y,Manual,N,N,N,,Resolved,N,Y,Monitored
CDR-0050217,2026-03-01,Euroclear,,VES-030149,BNK-0600149,DEP-09000149,Verdant Resources Ltd,S932609,LD5IW7BC9,GBLD5IW7BC93,Dutch Auction,,2026-03-02,2026-02-28,2026-03-02,N,,N,N,N,Within 15BD window; routed to Processing Officer.,,Y,Y,Awaiting Documentation
CDR-0050218,2026-03-01,DTC,ACCT-329108,VES-030036,BNK-0600036,DEP-09000036,Westmark Industries Corp,S639716,YAS8DLQQ7,KYYAS8DLQQ77,Mini-Tender,,2026-03-11,2026-03-09,2026-03-11,Y,ISIN,N,N,N,Within 15BD window; routed to Processing Officer.,Resolved,N,Y,Closed
CDR-0050219,2026-03-01,DTC,ACCT-329545,VES-030115,BNK-0600115,DEP-09000115,Kestrel Industries NV,S904578,LW843F2IV,KYLW843F2IV3,Tender Offer,,2026-03-20,2026-03-18,2026-03-20,Y,Depo Event ID,Y,N,N,,,N,N,Awaiting Documentation
CDR-0050220,2026-03-01,Euroclear,,VES-030039,BNK-0600039,DEP-09000039,Kestrel Industries NV,S904578,LW843F2IV,KYLW843F2IV3,Odd Lot Offer,,2026-03-21,2026-03-19,2026-03-21,Y,Depo Event ID,N,Y,N,Already in VES; monitoring only.,Confirmed,N,Y,Closed
CDR-0050221,2026-03-01,I&TS,,VES-030066,BNK-0600066,DEP-09000066,Harborlight Capital NV,S957888,6RXNT96UV,GB6RXNT96UV4,Warrant Redemption,,2026-03-12,2026-03-10,2026-03-12,Y,CUSIP,N,N,N,Within 15BD window; routed to Processing Officer.,Confirmed,N,Y,Closed
