Entitlement Event ID,Event Type,Report Number,Report Date,Security Code,CUSIP,ISIN,Depository,Record Date,Ex Date,Pay Date,Due Bill End Date,Rate,Declared Security Rate,Box Position,Depository Position,Broadridge Position,Position Reconciled Flag,P&S Report Required Flag,P&S Report Number,Daily Trades Quantity,Transfer In/Out Adjustment Quantity,Distribution Booking Date,Book Longs Date,Book Shorts Date,Shares Received Quantity,Excess Shares Quantity,Fractional Shares Flag,Cash In Lieu Required Flag,Cash In Lieu Amount,Taxable Event Flag,Fair Market Value,RAJ Entry Required Flag,RAJ Entry Amount,Tax Reporting Form,Worksheet Created Flag,Takeoff Tab Completed Flag,Booking Tab Completed Flag,Notice Tab Completed Flag,Final Break Amount,Final Status
ENT-060001,Taxable Stock Dividend,R-10436,2025-12-08,S063931,84TO591S1,KY84TO591S15,DTC,2025-12-08,2025-12-08,2025-12-18,,2.2798,2.3904,60398,60362,60409,N,Y,PS-43444,321,-107,2025-12-19,2025-12-18,2025-12-19,137695,48,Y,Y,59.98,Y,270.31,Y,1299.5,1099-DIV,Y,Y,N,Y,139.73,Pending Reconciliation
ENT-060002,Optional Stock Dividend,R-74011,2026-01-06,S068458,PR4M98UVB,USPR4M98UVB4,CDS,2026-01-06,2026-01-08,2026-01-20,,1.506,1.457,80236,80267,80244,N,Y,PS-89610,561,-446,2026-01-21,2026-01-20,2026-01-21,120835,6,N,N,0,Y,192.94,Y,580.27,T3,Y,Y,N,Y,488.3,Pending Reconciliation
ENT-060003,Optional Stock Dividend,R-75332,2025-07-14,S815467,H5VJV2PUJ,USH5VJV2PUJ7,Euroclear,2025-07-14,2025-07-14,2025-07-23,,0.9849,1.0145,84291,84290,84341,N,Y,PS-67132,898,-465,2025-07-24,2025-07-23,2025-07-24,83018,11,N,N,0,Y,165.96,Y,2286.25,T3,Y,Y,N,Y,123.71,Pending Reconciliation
ENT-060004,Cash In Lieu,R-10489,2026-02-21,S854237,O3QRU2X83,CAO3QRU2X838,Euroclear,2026-02-21,2026-02-22,2026-03-02,,2.6006,2.619,31416,31366,31372,N,Y,PS-15889,645,67,2026-03-03,2026-03-02,2026-03-03,81700,1,N,N,0,N,,N,,,Y,Y,N,Y,395.56,Pending Reconciliation
ENT-060005,Taxable Stock Dividend,R-87694,2025-10-23,S318943,2EPJ4KOM6,GB2EPJ4KOM66,CDS,2025-10-23,2025-10-25,2025-10-29,,1.39,1.4251,49179,49203,49150,N,Y,PS-72488,1315,169,2025-10-30,2025-10-29,2025-10-30,68358,36,Y,Y,195.98,Y,286.25,Y,4903.95,T5,Y,Y,N,Y,321.54,Pending Reconciliation
ENT-060006,Cash In Lieu,R-38231,2026-03-27,S793154,GKHRT44H6,BMGKHRT44H63,DTC,2026-03-27,2026-03-28,2026-03-30,,0.1293,0.1229,11320,11319,11321,Y,N,,164,-130,2026-03-31,2026-03-30,2026-03-31,1463,20,N,N,0,N,,N,,,Y,Y,Y,Y,0,Closed
ENT-060007,Taxable Stock Dividend,R-80844,2025-08-04,S257090,YSJU4S4RP,BMYSJU4S4RP1,CDS,2025-08-04,2025-08-04,2025-08-07,,2.4863,2.4825,2929,2928,2972,N,Y,PS-35119,1948,-357,2025-08-08,2025-08-07,2025-08-08,7282,45,N,N,0,Y,71.9,Y,2936.15,1099-B,Y,Y,N,Y,437.3,Pending Reconciliation
ENT-060008,Due Bill Event,R-68617,2025-09-14,S659233,MFJ6SEMJ8,KYMFJ6SEMJ83,CDS,2025-09-14,2025-09-14,2025-09-21,2025-09-23,1.9793,2.0696,96146,96185,96183,N,Y,PS-70280,1760,101,2025-09-22,2025-09-21,2025-09-22,190301,31,N,N,0,N,,N,,,Y,Y,N,Y,444.37,Pending Reconciliation
ENT-060009,Cash In Lieu,R-37624,2025-07-23,S783354,G6HZMB3GD,USG6HZMB3GD0,I&TS,2025-07-23,2025-07-25,2025-08-01,,0.7826,0.7741,19365,19345,19406,N,Y,PS-17126,707,-125,2025-08-02,2025-08-01,2025-08-02,15155,36,N,N,0,N,,N,,,Y,Y,N,Y,315.4,Pending Reconciliation
ENT-060010,Taxable Stock Dividend,R-63845,2025-08-04,S028611,HCTD25I0Y,BMHCTD25I0Y7,DTC,2025-08-04,2025-08-04,2025-08-16,,1.8994,1.9551,20387,20389,20404,N,Y,PS-46790,1137,-442,2025-08-17,2025-08-16,2025-08-17,38723,37,Y,Y,134.13,Y,443.05,Y,1397.23,,Y,Y,N,Y,401.64,Pending Reconciliation
ENT-060011,Taxable Stock Dividend,R-39621,2025-12-09,S261918,2KJYFZQOM,GB2KJYFZQOM3,Euroclear,2025-12-09,2025-12-11,2025-12-13,,2.4454,2.4886,77669,77653,77625,N,Y,PS-22508,259,-182,2025-12-14,2025-12-13,2025-12-14,189931,35,Y,Y,106.7,Y,465.82,Y,280.36,T3,Y,Y,N,Y,165.79,Pending Reconciliation
ENT-060012,Due Bill Event,R-56846,2025-10-07,S037639,RBSOBVMN5,KYRBSOBVMN59,DTC,2025-10-07,2025-10-07,2025-10-18,2025-10-20,2.8505,2.9749,24871,24919,24871,N,Y,PS-88188,987,-433,2025-10-19,2025-10-18,2025-10-19,70894,16,N,N,0,N,,N,,,Y,Y,N,Y,215.13,Pending Reconciliation
ENT-060013,Taxable Stock Dividend,R-41732,2026-03-13,S815467,H5VJV2PUJ,USH5VJV2PUJ7,Euroclear,2026-03-13,2026-03-14,2026-03-16,,1.2475,1.2138,60453,60437,60489,N,Y,PS-73493,820,91,2026-03-17,2026-03-16,2026-03-17,75415,14,N,N,0,Y,187.73,Y,1617.74,1099-B,Y,Y,N,Y,442.97,Pending Reconciliation
ENT-060014,Cash In Lieu,R-95026,2025-09-24,S205100,9F29Z3D8B,GB9F29Z3D8B5,Euroclear,2025-09-24,2025-09-25,2025-10-05,,1.1265,1.1261,59564,59551,59608,N,Y,PS-30590,1047,-306,2025-10-06,2025-10-05,2025-10-06,67098,8,N,N,0,N,,N,,,Y,Y,N,Y,41.3,Pending Reconciliation
ENT-060015,Spin-Off,R-17685,2025-10-15,S086943,WJ0U8M084,BMWJ0U8M0845,I&TS,2025-10-15,2025-10-16,2025-10-24,,1.4953,1.5694,69085,69134,69077,N,Y,PS-92305,1958,-248,2025-10-25,2025-10-24,2025-10-25,103302,10,Y,Y,205.85,N,,N,,,Y,Y,N,Y,314.91,Pending Reconciliation
ENT-060016,Taxable Stock Dividend,R-90854,2026-03-31,S233668,TUTZBQQBM,BMTUTZBQQBM4,CDS,2026-03-31,2026-04-02,2026-04-08,,1.5894,1.6652,81534,81512,81491,N,Y,PS-98066,1939,86,2026-04-09,2026-04-08,2026-04-09,129590,17,N,N,0,Y,365.84,Y,3473.95,T3,Y,Y,N,Y,6.48,Pending Reconciliation
ENT-060017,Rights Issue,R-78494,2026-04-03,S257090,YSJU4S4RP,BMYSJU4S4RP1,DTC,2026-04-03,2026-04-05,2026-04-16,,1.485,1.5161,12488,12488,12486,Y,N,,1119,-180,2026-04-17,2026-04-16,2026-04-17,18544,23,N,N,0,N,,N,,,Y,Y,Y,Y,0,Closed
ENT-060018,Taxable Stock Dividend,R-39571,2026-02-07,S405208,DA02RJ5DC,GBDA02RJ5DC9,CDS,2026-02-07,2026-02-07,2026-02-14,,2.4291,2.4712,61212,61187,61169,N,Y,PS-22123,1196,-388,2026-02-15,2026-02-14,2026-02-15,148690,1,Y,Y,159.77,Y,101.53,Y,1299.64,1099-B,Y,Y,N,Y,278.37,Pending Reconciliation
ENT-060019,Stock Split,R-14425,2026-02-14,S271586,ZM2NGCQVP,CAZM2NGCQVP3,I&TS,2026-02-14,2026-02-16,2026-02-18,,0.1892,0.1848,78970,78984,78952,N,Y,PS-74809,1379,-328,2026-02-19,2026-02-18,2026-02-19,14941,16,N,N,0,N,,N,,,Y,Y,N,Y,394.01,Pending Reconciliation
ENT-060020,Stock Dividend,R-49841,2026-03-01,S016798,NIM4FYJ1L,BMNIM4FYJ1L8,Euroclear,2026-03-01,2026-03-01,2026-03-06,,2.0493,1.9563,56651,56651,56608,N,Y,PS-39729,1127,285,2026-03-07,2026-03-06,2026-03-07,116094,17,N,N,0,N,,N,,,Y,Y,N,Y,37.48,Pending Reconciliation
ENT-060021,Due Bill Event,R-59966,2025-08-28,S016798,NIM4FYJ1L,BMNIM4FYJ1L8,Euroclear,2025-08-28,2025-08-29,2025-09-03,2025-09-05,2.0891,2.0627,9065,9031,9102,N,Y,PS-98658,211,83,2025-09-04,2025-09-03,2025-09-04,18937,31,Y,Y,35.47,N,,N,,,Y,Y,N,Y,5.35,Pending Reconciliation
ENT-060022,Optional Stock Dividend,R-68459,2025-08-05,S505299,JDI5ESH71,CAJDI5ESH710,DTC,2025-08-05,2025-08-07,2025-08-09,,0.8526,0.8939,82355,82398,82389,N,Y,PS-16459,146,-210,2025-08-10,2025-08-09,2025-08-10,70215,12,Y,Y,13.09,Y,313.81,Y,3845.3,T3,Y,Y,N,Y,176.03,Pending Reconciliation
ENT-060023,Cash In Lieu,R-31349,2026-02-16,S252282,578AL1VVF,BM578AL1VVF6,DTC,2026-02-16,2026-02-18,2026-02-24,,0.4519,0.4389,62864,62870,62901,N,Y,PS-21357,430,293,2026-02-25,2026-02-24,2026-02-25,28408,8,N,N,0,N,,N,,,Y,Y,N,Y,125.96,Pending Reconciliation
ENT-060024,Optional Stock Dividend,R-45671,2026-03-12,S534410,ES28GW5H9,BMES28GW5H92,Euroclear,2026-03-12,2026-03-12,2026-03-15,,1.6938,1.7705,30228,30190,30231,N,Y,PS-63004,625,469,2026-03-16,2026-03-15,2026-03-16,51200,32,Y,Y,127.64,Y,249.14,Y,2484.49,1099-B,Y,Y,N,Y,29.95,Pending Reconciliation
ENT-060025,Spin-Off,R-27837,2025-09-04,S571551,VXFZTXI76,CAVXFZTXI763,DTC,2025-09-04,2025-09-06,2025-09-10,,1.3735,1.3928,67721,67754,67713,N,Y,PS-35200,1659,93,2025-09-11,2025-09-10,2025-09-11,93014,12,N,N,0,N,,N,,,Y,Y,N,Y,489.95,Pending Reconciliation
ENT-060026,Taxable Stock Dividend,R-62811,2025-11-29,S930995,ZCSCYON94,KYZCSCYON945,I&TS,2025-11-29,2025-11-29,2025-12-09,,1.866,1.9296,76213,76259,76243,N,Y,PS-24431,395,-93,2025-12-10,2025-12-09,2025-12-10,142213,21,N,N,0,Y,94.48,Y,518.6,1099-DIV,Y,Y,N,Y,217.96,Pending Reconciliation
ENT-060027,Optional Stock Dividend,R-63513,2026-04-30,S432700,O2JRH82AK,GBO2JRH82AK4,I&TS,2026-04-30,2026-04-30,2026-05-10,,1.3294,1.2748,68121,68168,68130,N,Y,PS-87194,840,-27,2026-05-11,2026-05-10,2026-05-11,90560,47,N,N,0,Y,279.98,Y,219.85,1099-DIV,Y,Y,N,Y,104.92,Pending Reconciliation
ENT-060028,Rights Issue,R-48009,2025-10-12,S737316,581IBCFO8,BM581IBCFO83,CDS,2025-10-12,2025-10-12,2025-10-14,,1.0312,1.0655,32703,32741,32683,N,Y,PS-29687,571,-307,2025-10-15,2025-10-14,2025-10-15,33723,37,Y,Y,103.4,N,,N,,,Y,Y,N,Y,456.8,Pending Reconciliation
ENT-060029,Stock Dividend,R-44279,2025-11-20,S923489,ZNIAUSW0X,GBZNIAUSW0X2,I&TS,2025-11-20,2025-11-22,2025-11-25,,0.2399,0.2442,20472,20441,20458,N,Y,PS-12634,953,323,2025-11-26,2025-11-25,2025-11-26,4911,31,Y,Y,74.69,N,,N,,,Y,Y,N,Y,314.26,Pending Reconciliation
ENT-060030,Due Bill Event,R-65904,2025-10-24,S217087,C7VNRG9OX,GBC7VNRG9OX9,Euroclear,2025-10-24,2025-10-25,2025-10-31,2025-11-02,2.7822,2.7619,51713,51696,51705,N,Y,PS-81326,1531,313,2025-11-01,2025-10-31,2025-11-01,143875,38,N,N,0,N,,N,,,Y,Y,N,Y,218.75,Pending Reconciliation
ENT-060031,Optional Stock Dividend,R-61201,2025-06-14,S951288,EKLS5ZYG2,CAEKLS5ZYG24,CDS,2025-06-14,2025-06-15,2025-06-27,,0.7179,0.7484,45525,45478,45560,N,Y,PS-56045,427,-105,2025-06-28,2025-06-27,2025-06-28,32682,44,N,N,0,Y,76.44,Y,2989.65,,Y,Y,N,Y,104.22,Pending Reconciliation
ENT-060032,Due Bill Event,R-56927,2026-04-23,S936672,P7XF4BOCX,GBP7XF4BOCX7,CDS,2026-04-23,2026-04-24,2026-04-27,2026-04-29,0.6688,0.6904,29258,29222,29213,N,Y,PS-50518,784,-194,2026-04-28,2026-04-27,2026-04-28,19567,12,N,N,0,N,,Y,1496.3,,Y,Y,N,Y,325.02,Pending Reconciliation
ENT-060033,Taxable Stock Dividend,R-95196,2026-04-08,S238619,JJ9P5JZZG,CAJJ9P5JZZG3,CDS,2026-04-08,2026-04-09,2026-04-19,,2.3104,2.1954,73967,73983,73925,N,Y,PS-88554,522,12,2026-04-20,2026-04-19,2026-04-20,170893,21,N,N,0,Y,256.74,Y,2677.6,T3,Y,Y,N,Y,381.07,Pending Reconciliation
ENT-060034,Stock Split,R-59607,2025-10-19,S951288,EKLS5ZYG2,CAEKLS5ZYG24,CDS,2025-10-19,2025-10-20,2025-10-24,,0.7466,0.7689,69452,69421,69448,N,Y,PS-85603,1744,-412,2025-10-25,2025-10-24,2025-10-25,51852,23,N,N,0,N,,N,,,Y,Y,N,Y,140.93,Pending Reconciliation
ENT-060035,Taxable Stock Dividend,R-89149,2025-12-20,S318943,2EPJ4KOM6,GB2EPJ4KOM66,CDS,2025-12-20,2025-12-22,2026-01-02,,1.4411,1.4196,48468,48502,48458,N,Y,PS-69414,996,221,2026-01-03,2026-01-02,2026-01-03,69847,29,N,N,0,Y,155.58,Y,2511.06,T3,Y,Y,N,Y,231.53,Pending Reconciliation
ENT-060036,Spin-Off,R-58719,2026-01-24,S467524,P0AZVPYSL,BMP0AZVPYSL2,CDS,2026-01-24,2026-01-25,2026-02-05,,1.0266,1.0739,50917,50867,50870,N,Y,PS-21227,1652,-471,2026-02-06,2026-02-05,2026-02-06,52271,28,N,N,0,N,,N,,,Y,Y,N,Y,394.46,Pending Reconciliation
ENT-060037,Taxable Stock Dividend,R-45158,2025-12-05,S042663,RZYO1EZ0A,BMRZYO1EZ0A3,CDS,2025-12-05,2025-12-05,2025-12-14,,1.9641,1.9729,69036,69012,69028,N,Y,PS-37501,1805,285,2025-12-15,2025-12-14,2025-12-15,135593,24,Y,Y,74.09,Y,454.56,Y,3007.35,1099-DIV,Y,Y,N,Y,85.39,Pending Reconciliation
ENT-060038,Rights Issue,R-64371,2025-07-29,S068458,PR4M98UVB,USPR4M98UVB4,CDS,2025-07-29,2025-07-30,2025-08-10,,0.7327,0.7131,39645,39602,39614,N,Y,PS-56605,892,359,2025-08-11,2025-08-10,2025-08-11,29047,25,N,N,0,N,,N,,,Y,Y,N,Y,382.47,Pending Reconciliation
ENT-060039,Stock Split,R-43090,2025-12-07,S257090,YSJU4S4RP,BMYSJU4S4RP1,DTC,2025-12-07,2025-12-09,2025-12-16,,0.9772,1.0012,87662,87638,87632,N,Y,PS-29365,761,249,2025-12-17,2025-12-16,2025-12-17,85663,42,Y,Y,185.42,N,,N,,,Y,Y,N,Y,448.04,Pending Reconciliation
ENT-060040,Rights Issue,R-72170,2025-10-04,S936672,P7XF4BOCX,GBP7XF4BOCX7,CDS,2025-10-04,2025-10-06,2025-10-10,,2.9505,2.8975,20085,20067,20085,N,Y,PS-58742,157,-48,2025-10-11,2025-10-10,2025-10-11,59260,49,N,N,0,N,,N,,,Y,Y,N,Y,4.01,Pending Reconciliation
ENT-060041,Taxable Stock Dividend,R-96660,2026-01-17,S571551,VXFZTXI76,CAVXFZTXI763,CDS,2026-01-17,2026-01-18,2026-01-28,,0.3487,0.3621,61495,61464,61529,N,Y,PS-17562,1528,237,2026-01-29,2026-01-28,2026-01-29,21443,28,N,N,0,Y,396.11,Y,151.94,,Y,Y,N,Y,2.72,Pending Reconciliation
ENT-060042,Stock Split,R-44769,2026-01-04,S735362,EAHJJI2UH,CAEAHJJI2UH0,DTC,2026-01-04,2026-01-04,2026-01-16,,2.6069,2.535,1540,1556,1588,N,Y,PS-11677,535,-107,2026-01-17,2026-01-16,2026-01-17,4014,16,N,N,0,N,,N,,,Y,Y,N,Y,21.38,Pending Reconciliation
ENT-060043,Cash In Lieu,R-77833,2025-10-14,S882089,BNWJM9ZT4,USBNWJM9ZT49,CDS,2025-10-14,2025-10-16,2025-10-25,,0.6183,0.6052,75107,75140,75095,N,Y,PS-32382,157,147,2025-10-26,2025-10-25,2025-10-26,46438,24,N,N,0,N,,N,,,Y,Y,N,Y,408.26,Pending Reconciliation
ENT-060044,Stock Dividend,R-47279,2025-07-06,S505299,JDI5ESH71,CAJDI5ESH710,DTC,2025-07-06,2025-07-08,2025-07-17,,2.5507,2.6744,21753,21767,21775,N,Y,PS-13536,1792,-198,2025-07-18,2025-07-17,2025-07-18,55485,38,N,N,0,N,,N,,,Y,Y,N,Y,320.7,Pending Reconciliation
ENT-060045,Stock Split,R-31792,2025-06-15,S883721,MX4MUPO3Z,GBMX4MUPO3Z9,DTC,2025-06-15,2025-06-15,2025-06-23,,2.3399,2.3741,35821,35822,35802,N,Y,PS-64938,1959,368,2025-06-24,2025-06-23,2025-06-24,83817,2,Y,Y,191.55,N,,N,,,Y,Y,N,Y,90.91,Pending Reconciliation
ENT-060046,Spin-Off,R-89742,2025-12-22,S261918,2KJYFZQOM,GB2KJYFZQOM3,Euroclear,2025-12-22,2025-12-24,2025-12-27,,2.109,2.1679,91740,91737,91767,N,Y,PS-20821,752,-317,2025-12-28,2025-12-27,2025-12-28,193479,44,N,N,0,N,,N,,,Y,Y,N,Y,163.74,Pending Reconciliation
ENT-060047,Rights Issue,R-67849,2026-02-07,S233668,TUTZBQQBM,BMTUTZBQQBM4,DTC,2026-02-07,2026-02-08,2026-02-13,,0.8418,0.8067,27335,27306,27315,N,Y,PS-79149,403,96,2026-02-14,2026-02-13,2026-02-14,23010,34,Y,Y,109.88,N,,N,,,Y,Y,N,Y,256.96,Pending Reconciliation
ENT-060048,Stock Dividend,R-93890,2026-03-07,S503775,IPUFV2XFR,CAIPUFV2XFR3,DTC,2026-03-07,2026-03-07,2026-03-18,,2.7178,2.6629,79339,79355,79322,N,Y,PS-33701,376,167,2026-03-19,2026-03-18,2026-03-19,215627,12,Y,Y,16.68,N,,N,,,Y,Y,N,Y,330.76,Pending Reconciliation
ENT-060049,Spin-Off,R-43748,2026-04-29,S997319,XVSDIEX0Q,USXVSDIEX0Q9,Euroclear,2026-04-29,2026-04-30,2026-05-04,,1.1252,1.1488,8838,8830,8829,Y,N,,1228,140,2026-05-05,2026-05-04,2026-05-05,9944,4,N,N,0,N,,N,,,Y,Y,Y,Y,0,Closed
ENT-060050,Optional Stock Dividend,R-33447,2026-01-20,S205100,9F29Z3D8B,GB9F29Z3D8B5,Euroclear,2026-01-20,2026-01-22,2026-01-25,,2.092,2.1839,15559,15564,15550,Y,N,,1259,67,2026-01-26,2026-01-25,2026-01-26,32549,45,Y,Y,47.31,Y,204.31,Y,3169.29,T3,Y,Y,Y,Y,0,Closed
ENT-060051,Stock Split,R-33700,2025-10-26,S063931,84TO591S1,KY84TO591S15,DTC,2025-10-26,2025-10-28,2025-11-03,,2.0703,2.1392,82162,82180,82187,N,Y,PS-69505,943,-147,2025-11-04,2025-11-03,2025-11-04,170099,1,Y,Y,61.18,N,,N,,,Y,Y,N,Y,254.38,Pending Reconciliation
ENT-060052,Rights Issue,R-87417,2025-11-06,S217087,C7VNRG9OX,GBC7VNRG9OX9,Euroclear,2025-11-06,2025-11-07,2025-11-19,,1.0049,0.9739,89435,89458,89406,N,Y,PS-95176,578,12,2025-11-20,2025-11-19,2025-11-20,89873,32,Y,Y,141.36,N,,N,,,Y,Y,N,Y,210.8,Pending Reconciliation
ENT-060053,Stock Dividend,R-85340,2025-10-07,S737316,581IBCFO8,BM581IBCFO83,CDS,2025-10-07,2025-10-09,2025-10-21,,1.359,1.3178,23194,23161,23207,N,Y,PS-53435,1785,-168,2025-10-22,2025-10-21,2025-10-22,31520,42,Y,Y,54.72,N,,N,,,Y,Y,N,Y,108.24,Pending Reconciliation
ENT-060054,Stock Dividend,R-58307,2025-10-15,S650358,8V5SCD7TS,CA8V5SCD7TS3,Euroclear,2025-10-15,2025-10-16,2025-10-18,,1.3818,1.4427,75257,75235,75224,N,Y,PS-10821,273,171,2025-10-19,2025-10-18,2025-10-19,103990,34,Y,Y,188.74,N,,N,,,Y,Y,N,Y,235.67,Pending Reconciliation
ENT-060055,Taxable Stock Dividend,R-60923,2025-11-21,S689913,DXGC9J90G,BMDXGC9J90G0,CDS,2025-11-21,2025-11-23,2025-12-05,,2.8945,2.8353,31076,31074,31120,N,Y,PS-41087,859,282,2025-12-06,2025-12-05,2025-12-06,89949,16,Y,Y,161.21,Y,430.09,Y,531.8,1099-DIV,Y,Y,N,Y,164.97,Pending Reconciliation
ENT-060056,Taxable Stock Dividend,R-81250,2025-07-03,S898920,2V9BK9CQJ,US2V9BK9CQJ0,I&TS,2025-07-03,2025-07-04,2025-07-11,,1.4,1.3561,73383,73376,73381,Y,N,,518,15,2025-07-12,2025-07-11,2025-07-12,102736,4,Y,Y,244.62,Y,166.92,Y,1278.36,T5,Y,Y,Y,Y,0,Closed
ENT-060057,Optional Stock Dividend,R-59181,2026-01-28,S930995,ZCSCYON94,KYZCSCYON945,I&TS,2026-01-28,2026-01-30,2026-02-07,,2.3276,2.288,67315,67319,67295,N,Y,PS-89083,1067,471,2026-02-08,2026-02-07,2026-02-08,156682,27,N,N,0,Y,366.61,Y,4607.74,1099-DIV,Y,Y,N,Y,55.85,Pending Reconciliation
ENT-060058,Stock Dividend,R-38003,2025-06-12,S898920,2V9BK9CQJ,US2V9BK9CQJ0,I&TS,2025-06-12,2025-06-12,2025-06-17,,2.1682,2.1633,64321,64295,64300,N,Y,PS-74011,1340,-257,2025-06-18,2025-06-17,2025-06-18,139460,2,N,N,0,N,,N,,,Y,Y,N,Y,71.6,Pending Reconciliation
ENT-060059,Spin-Off,R-57898,2025-09-30,S238619,JJ9P5JZZG,CAJJ9P5JZZG3,DTC,2025-09-30,2025-10-01,2025-10-10,,2.2206,2.2006,58745,58771,58761,N,Y,PS-70241,861,302,2025-10-11,2025-10-10,2025-10-11,130449,8,Y,Y,102.97,N,,N,,,Y,Y,N,Y,407.91,Pending Reconciliation
ENT-060060,Optional Stock Dividend,R-56663,2025-10-29,S699641,XZLLXH802,KYXZLLXH8020,DTC,2025-10-29,2025-10-31,2025-11-06,,1.4497,1.5105,23587,23600,23622,N,Y,PS-39620,1928,-159,2025-11-07,2025-11-06,2025-11-07,34194,42,N,N,0,Y,41.08,Y,560.11,T5,Y,Y,N,Y,277.54,Pending Reconciliation
ENT-060061,Due Bill Event,R-15174,2025-10-23,S883721,MX4MUPO3Z,GBMX4MUPO3Z9,DTC,2025-10-23,2025-10-23,2025-10-25,2025-10-27,0.0472,0.0486,24324,24290,24319,N,Y,PS-47892,1848,241,2025-10-26,2025-10-25,2025-10-26,1148,49,Y,Y,185.27,N,,N,,,Y,Y,N,Y,258.05,Pending Reconciliation
ENT-060062,Spin-Off,R-36498,2026-01-27,S873587,H9GTF85MN,GBH9GTF85MN0,Euroclear,2026-01-27,2026-01-29,2026-02-07,,2.7121,2.7759,57274,57266,57272,Y,N,,855,-165,2026-02-08,2026-02-07,2026-02-08,155332,42,N,N,0,N,,N,,,Y,Y,Y,Y,0,Closed
ENT-060063,Rights Issue,R-30472,2025-12-19,S843399,BR0KI3125,KYBR0KI31252,Euroclear,2025-12-19,2025-12-20,2025-12-28,,0.8781,0.8399,20308,20326,20312,N,Y,PS-12825,947,214,2025-12-29,2025-12-28,2025-12-29,17832,40,Y,Y,44.05,N,,N,,,Y,Y,N,Y,260.2,Pending Reconciliation
ENT-060064,Spin-Off,R-52410,2025-11-23,S699641,XZLLXH802,KYXZLLXH8020,DTC,2025-11-23,2025-11-24,2025-12-06,,0.2049,0.1993,98284,98247,98331,N,Y,PS-86563,725,215,2025-12-07,2025-12-06,2025-12-07,20138,1,Y,Y,211.28,N,,N,,,Y,Y,N,Y,256.45,Pending Reconciliation
ENT-060065,Cash In Lieu,R-54426,2025-09-20,S042663,RZYO1EZ0A,BMRZYO1EZ0A3,CDS,2025-09-20,2025-09-21,2025-10-02,,2.9688,2.9801,92052,92084,92080,N,Y,PS-11189,1690,122,2025-10-03,2025-10-02,2025-10-03,273283,3,Y,Y,209.23,N,,N,,,Y,Y,N,Y,165.63,Pending Reconciliation
ENT-060066,Cash In Lieu,R-38738,2026-03-10,S378173,WBQC56WOF,BMWBQC56WOF9,CDS,2026-03-10,2026-03-12,2026-03-16,,0.7265,0.6975,43711,43680,43722,N,Y,PS-87792,1016,-342,2026-03-17,2026-03-16,2026-03-17,31756,13,N,N,0,N,,Y,2813.82,,Y,Y,N,Y,226.0,Pending Reconciliation
ENT-060067,Stock Dividend,R-75641,2025-09-23,S864645,MQ2KI9ZJP,CAMQ2KI9ZJP5,Euroclear,2025-09-23,2025-09-25,2025-10-06,,2.2854,2.3383,81699,81686,81687,N,Y,PS-80753,885,-7,2025-10-07,2025-10-06,2025-10-07,186714,5,N,N,0,N,,N,,,Y,Y,N,Y,244.21,Pending Reconciliation
ENT-060068,Optional Stock Dividend,R-85086,2026-03-04,S246806,S98OAS50E,CAS98OAS50E2,I&TS,2026-03-04,2026-03-06,2026-03-13,,0.8005,0.7608,52119,52086,52122,N,Y,PS-77762,977,-453,2026-03-14,2026-03-13,2026-03-14,41721,29,Y,Y,95.27,Y,91.03,Y,3693.58,1099-DIV,Y,Y,N,Y,272.13,Pending Reconciliation
ENT-060069,Rights Issue,R-46396,2026-03-17,S923489,ZNIAUSW0X,GBZNIAUSW0X2,I&TS,2026-03-17,2026-03-18,2026-03-24,,2.3861,2.449,67943,67934,67982,N,Y,PS-50072,1775,127,2026-03-25,2026-03-24,2026-03-25,162118,38,Y,Y,152.81,N,,N,,,Y,Y,N,Y,100.96,Pending Reconciliation
ENT-060070,Stock Split,R-68240,2026-03-26,S673871,B463O9A4D,KYB463O9A4D0,DTC,2026-03-26,2026-03-28,2026-04-03,,1.6923,1.7361,13355,13338,13384,N,Y,PS-94286,1713,-383,2026-04-04,2026-04-03,2026-04-04,22600,29,N,N,0,N,,N,,,Y,Y,N,Y,193.06,Pending Reconciliation
ENT-060071,Rights Issue,R-13064,2025-10-14,S559928,ZN4HP21M8,USZN4HP21M83,DTC,2025-10-14,2025-10-14,2025-10-21,,0.5057,0.5003,58450,58487,58468,N,Y,PS-67823,706,200,2025-10-22,2025-10-21,2025-10-22,29558,24,N,N,0,N,,N,,,Y,Y,N,Y,50.34,Pending Reconciliation
ENT-060072,Stock Split,R-44837,2025-08-26,S882089,BNWJM9ZT4,USBNWJM9ZT49,CDS,2025-08-26,2025-08-28,2025-09-09,,1.1213,1.0741,91767,91794,91750,N,Y,PS-52236,688,65,2025-09-10,2025-09-09,2025-09-10,102898,40,N,N,0,N,,N,,,Y,Y,N,Y,382.7,Pending Reconciliation
ENT-060073,Rights Issue,R-60563,2025-07-11,S936672,P7XF4BOCX,GBP7XF4BOCX7,CDS,2025-07-11,2025-07-13,2025-07-19,,0.9783,0.9745,35819,35800,35781,N,Y,PS-51310,1313,-167,2025-07-20,2025-07-19,2025-07-20,35041,19,Y,Y,8.04,N,,N,,,Y,Y,N,Y,141.22,Pending Reconciliation
ENT-060074,Spin-Off,R-90942,2025-07-22,S631348,G2MQSFUCZ,KYG2MQSFUCZ8,DTC,2025-07-22,2025-07-24,2025-07-28,,2.3371,2.4041,51140,51118,51093,N,Y,PS-56147,365,46,2025-07-29,2025-07-28,2025-07-29,119519,8,Y,Y,98.53,N,,N,,,Y,Y,N,Y,195.49,Pending Reconciliation
ENT-060075,Cash In Lieu,R-11866,2026-03-22,S918973,SV4W8AHWD,BMSV4W8AHWD9,Euroclear,2026-03-22,2026-03-22,2026-03-29,,0.7613,0.7256,10090,10098,10057,N,Y,PS-45417,564,294,2026-03-30,2026-03-29,2026-03-30,7681,40,N,N,0,N,,N,,,Y,Y,N,Y,436.31,Pending Reconciliation
ENT-060076,Rights Issue,R-70680,2025-08-15,S438955,TKE2XRV0Q,CATKE2XRV0Q7,CDS,2025-08-15,2025-08-15,2025-08-23,,1.6086,1.5559,75529,75549,75547,N,Y,PS-36831,1110,-491,2025-08-24,2025-08-23,2025-08-24,121495,30,N,N,0,N,,N,,,Y,Y,N,Y,109.88,Pending Reconciliation
ENT-060077,Stock Dividend,R-53329,2026-01-04,S421737,UOOXI3CQU,CAUOOXI3CQU6,I&TS,2026-01-04,2026-01-04,2026-01-14,,2.9668,2.9252,91121,91126,91123,Y,N,,1984,81,2026-01-15,2026-01-14,2026-01-15,270337,38,N,N,0,N,,N,,,Y,Y,Y,Y,0,Closed
ENT-060078,Rights Issue,R-81002,2025-09-08,S467524,P0AZVPYSL,BMP0AZVPYSL2,CDS,2025-09-08,2025-09-08,2025-09-16,,1.8593,1.8344,80561,80576,80515,N,Y,PS-97153,1765,-352,2025-09-17,2025-09-16,2025-09-17,149787,5,Y,Y,69.89,N,,N,,,Y,Y,N,Y,226.48,Pending Reconciliation
ENT-060079,Cash In Lieu,R-28878,2025-10-13,S432221,AYUUHZS0P,CAAYUUHZS0P3,CDS,2025-10-13,2025-10-13,2025-10-24,,1.9438,2.0381,77368,77414,77403,N,Y,PS-73859,1883,-220,2025-10-25,2025-10-24,2025-10-25,150387,33,N,N,0,N,,N,,,Y,Y,N,Y,141.09,Pending Reconciliation
ENT-060080,Rights Issue,R-24492,2025-09-10,S815467,H5VJV2PUJ,USH5VJV2PUJ7,Euroclear,2025-09-10,2025-09-12,2025-09-22,,0.5888,0.5723,73602,73602,73634,N,Y,PS-32931,1980,-287,2025-09-23,2025-09-22,2025-09-23,43336,15,N,N,0,N,,N,,,Y,Y,N,Y,115.53,Pending Reconciliation
ENT-060081,Rights Issue,R-63627,2026-01-13,S159417,523BPBVN6,KY523BPBVN62,CDS,2026-01-13,2026-01-13,2026-01-16,,1.8069,1.799,73195,73221,73217,N,Y,PS-41693,1326,467,2026-01-17,2026-01-16,2026-01-17,132256,30,N,N,0,N,,N,,,Y,Y,N,Y,378.0,Pending Reconciliation
ENT-060082,Stock Split,R-27204,2026-04-27,S783354,G6HZMB3GD,USG6HZMB3GD0,I&TS,2026-04-27,2026-04-27,2026-05-03,,0.4068,0.3877,20469,20480,20447,N,Y,PS-96421,55,-88,2026-05-04,2026-05-03,2026-05-04,8326,35,N,N,0,N,,N,,,Y,Y,N,Y,465.75,Pending Reconciliation
ENT-060083,Due Bill Event,R-29525,2025-11-10,S036040,FYXP5NGG3,BMFYXP5NGG33,I&TS,2025-11-10,2025-11-11,2025-11-13,2025-11-15,0.4865,0.4845,36970,36981,37000,N,Y,PS-52473,556,201,2025-11-14,2025-11-13,2025-11-14,17985,39,Y,Y,15.43,N,,N,,,Y,Y,N,Y,432.29,Pending Reconciliation
ENT-060084,Rights Issue,R-12511,2025-07-25,S951288,EKLS5ZYG2,CAEKLS5ZYG24,CDS,2025-07-25,2025-07-25,2025-07-30,,2.4612,2.3712,61342,61323,61363,N,Y,PS-61693,779,80,2025-07-31,2025-07-30,2025-07-31,150974,32,Y,Y,145.6,N,,N,,,Y,Y,N,Y,485.6,Pending Reconciliation
ENT-060085,Taxable Stock Dividend,R-17812,2025-07-21,S864645,MQ2KI9ZJP,CAMQ2KI9ZJP5,Euroclear,2025-07-21,2025-07-22,2025-07-26,,1.0211,1.0657,4713,4685,4750,N,Y,PS-15249,1042,-69,2025-07-27,2025-07-26,2025-07-27,4812,0,N,N,0,Y,85.47,Y,712.02,1099-DIV,Y,Y,N,Y,157.87,Pending Reconciliation
ENT-060086,Optional Stock Dividend,R-34254,2026-02-28,S807955,JC6H1V564,CAJC6H1V5643,I&TS,2026-02-28,2026-03-01,2026-03-09,,1.9834,1.9686,21167,21207,21168,N,Y,PS-79602,1163,122,2026-03-10,2026-03-09,2026-03-10,41982,34,Y,Y,33.54,Y,123.89,Y,1293.82,T3,Y,Y,N,Y,337.57,Pending Reconciliation
ENT-060087,Rights Issue,R-92090,2025-12-03,S063931,84TO591S1,KY84TO591S15,DTC,2025-12-03,2025-12-04,2025-12-06,,1.3457,1.3035,21203,21176,21246,N,Y,PS-93868,142,388,2025-12-07,2025-12-06,2025-12-07,28532,43,Y,Y,161.57,N,,Y,3852.78,,Y,Y,N,Y,150.24,Pending Reconciliation
ENT-060088,Cash In Lieu,R-61326,2025-10-16,S640378,74DN24QPH,CA74DN24QPH4,DTC,2025-10-16,2025-10-16,2025-10-26,,1.164,1.1148,19574,19547,19557,N,Y,PS-29281,1082,148,2025-10-27,2025-10-26,2025-10-27,22784,10,Y,Y,16.78,N,,N,,,Y,Y,N,Y,482.12,Pending Reconciliation
ENT-060089,Cash In Lieu,R-73008,2025-10-05,S281943,9JWT9UK7L,US9JWT9UK7L3,Euroclear,2025-10-05,2025-10-07,2025-10-10,,2.9741,2.8795,1486,1466,1456,N,Y,PS-63016,39,-481,2025-10-11,2025-10-10,2025-10-11,4419,42,N,N,0,N,,N,,,Y,Y,N,Y,75.31,Pending Reconciliation
ENT-060090,Due Bill Event,R-59244,2026-03-21,S927373,Z5NPKC098,BMZ5NPKC0981,CDS,2026-03-21,2026-03-23,2026-04-04,2026-04-06,1.255,1.2031,62434,62427,62476,N,Y,PS-20272,379,-82,2026-04-05,2026-04-04,2026-04-05,78354,47,N,N,0,N,,N,,,Y,Y,N,Y,497.86,Pending Reconciliation
ENT-060091,Stock Split,R-89151,2025-10-08,S257090,YSJU4S4RP,BMYSJU4S4RP1,CDS,2025-10-08,2025-10-09,2025-10-17,,1.8162,1.7541,76963,76941,76974,N,Y,PS-33109,844,-250,2025-10-18,2025-10-17,2025-10-18,139780,35,N,N,0,N,,N,,,Y,Y,N,Y,425.46,Pending Reconciliation
ENT-060092,Spin-Off,R-34644,2026-01-15,S068458,PR4M98UVB,USPR4M98UVB4,CDS,2026-01-15,2026-01-15,2026-01-18,,0.5293,0.5173,32778,32756,32825,N,Y,PS-65678,42,-299,2026-01-19,2026-01-18,2026-01-19,17349,14,Y,Y,200.56,N,,N,,,Y,Y,N,Y,170.2,Pending Reconciliation
ENT-060093,Spin-Off,R-38155,2025-12-06,S267070,JPAUSQ8OW,USJPAUSQ8OW6,DTC,2025-12-06,2025-12-07,2025-12-10,,1.9537,2.0388,81964,81933,81961,N,Y,PS-31641,1582,-338,2025-12-11,2025-12-10,2025-12-11,160133,36,N,N,0,N,,Y,2601.27,,Y,Y,N,Y,133.94,Pending Reconciliation
ENT-060094,Stock Split,R-39739,2025-10-03,S265274,JZWH8FPRH,BMJZWH8FPRH9,CDS,2025-10-03,2025-10-03,2025-10-07,,1.6108,1.5409,51264,51271,51305,N,Y,PS-18686,1962,60,2025-10-08,2025-10-07,2025-10-08,82576,49,N,N,0,N,,N,,,Y,Y,N,Y,478.64,Pending Reconciliation
ENT-060095,Rights Issue,R-69757,2025-08-12,S252282,578AL1VVF,BM578AL1VVF6,DTC,2025-08-12,2025-08-13,2025-08-20,,1.9822,1.9619,27794,27818,27840,N,Y,PS-20749,845,-179,2025-08-21,2025-08-20,2025-08-21,55093,41,N,N,0,N,,N,,,Y,Y,N,Y,165.83,Pending Reconciliation
ENT-060096,Due Bill Event,R-36174,2025-12-24,S037639,RBSOBVMN5,KYRBSOBVMN59,DTC,2025-12-24,2025-12-24,2026-01-02,2026-01-04,1.4834,1.5129,84179,84193,84187,N,Y,PS-46365,761,-460,2026-01-03,2026-01-02,2026-01-03,124871,5,Y,Y,6.79,N,,N,,,Y,Y,N,Y,163.06,Pending Reconciliation
ENT-060097,Taxable Stock Dividend,R-56130,2026-03-20,S063931,84TO591S1,KY84TO591S15,DTC,2026-03-20,2026-03-22,2026-04-02,,2.8846,2.8398,76833,76818,76832,N,Y,PS-36751,927,-401,2026-04-03,2026-04-02,2026-04-03,221632,39,Y,Y,212.47,Y,413.63,Y,2148.3,,Y,Y,N,Y,207.95,Pending Reconciliation
ENT-060098,Stock Split,R-25751,2026-03-10,S031501,E04ZI7CNK,CAE04ZI7CNK2,CDS,2026-03-10,2026-03-10,2026-03-15,,1.8019,1.7909,42428,42473,42449,N,Y,PS-81263,1537,119,2026-03-16,2026-03-15,2026-03-16,76451,33,Y,Y,239.58,N,,N,,,Y,Y,N,Y,255.62,Pending Reconciliation
ENT-060099,Rights Issue,R-85939,2026-04-24,S137496,1584IYRSN,CA1584IYRSN6,DTC,2026-04-24,2026-04-24,2026-04-30,,0.548,0.5233,79209,79230,79234,N,Y,PS-77152,1633,295,2026-05-01,2026-04-30,2026-05-01,43406,48,N,N,0,N,,N,,,Y,Y,N,Y,215.39,Pending Reconciliation
ENT-060100,Due Bill Event,R-14291,2026-03-18,S807955,JC6H1V564,CAJC6H1V5643,I&TS,2026-03-18,2026-03-20,2026-03-22,2026-03-24,0.0488,0.0504,48074,48080,48093,N,Y,PS-99147,1251,187,2026-03-23,2026-03-22,2026-03-23,2346,37,N,N,0,N,,N,,,Y,Y,N,Y,256.17,Pending Reconciliation
ENT-060101,Cash In Lieu,R-44719,2025-08-13,S276997,BXHGDKLOM,GBBXHGDKLOM3,DTC,2025-08-13,2025-08-13,2025-08-25,,0.559,0.5864,15638,15673,15627,N,Y,PS-49374,1148,-451,2025-08-26,2025-08-25,2025-08-26,8741,11,Y,Y,167.01,N,,N,,,Y,Y,N,Y,56.68,Pending Reconciliation
ENT-060102,Cash In Lieu,R-61602,2025-12-08,S534410,ES28GW5H9,BMES28GW5H92,Euroclear,2025-12-08,2025-12-09,2025-12-19,,2.1029,2.0849,56801,56840,56781,N,Y,PS-52722,1733,-195,2025-12-20,2025-12-19,2025-12-20,119446,28,Y,Y,12.48,N,,N,,,Y,Y,N,Y,134.33,Pending Reconciliation
ENT-060103,Due Bill Event,R-58380,2025-10-14,S659233,MFJ6SEMJ8,KYMFJ6SEMJ83,CDS,2025-10-14,2025-10-14,2025-10-19,2025-10-21,0.7535,0.7898,67189,67188,67207,N,Y,PS-87890,990,-139,2025-10-20,2025-10-19,2025-10-20,50626,2,Y,Y,108.17,N,,N,,,Y,Y,N,Y,72.66,Pending Reconciliation
ENT-060104,Rights Issue,R-14456,2025-07-30,S815467,H5VJV2PUJ,USH5VJV2PUJ7,Euroclear,2025-07-30,2025-08-01,2025-08-09,,0.2529,0.2419,39772,39802,39733,N,Y,PS-73821,847,-443,2025-08-10,2025-08-09,2025-08-10,10058,38,N,N,0,N,,N,,,Y,Y,N,Y,280.94,Pending Reconciliation
ENT-060105,Taxable Stock Dividend,R-56947,2025-12-24,S079844,WJHIH191Z,CAWJHIH191Z8,I&TS,2025-12-24,2025-12-24,2025-12-29,,2.4202,2.4438,87103,87107,87123,N,Y,PS-68895,643,137,2025-12-30,2025-12-29,2025-12-30,210806,21,Y,Y,17.67,Y,281.19,Y,4219.63,T3,Y,Y,N,Y,362.93,Pending Reconciliation
ENT-060106,Rights Issue,R-81451,2026-03-09,S432221,AYUUHZS0P,CAAYUUHZS0P3,DTC,2026-03-09,2026-03-10,2026-03-13,,2.8675,2.7631,86656,86653,86609,N,Y,PS-82008,842,32,2026-03-14,2026-03-13,2026-03-14,248486,43,Y,Y,27.96,N,,N,,,Y,Y,N,Y,96.24,Pending Reconciliation
ENT-060107,Stock Split,R-42766,2026-01-12,S017543,02WA2TS4W,KY02WA2TS4W4,CDS,2026-01-12,2026-01-13,2026-01-20,,1.1123,1.0653,50272,50286,50231,N,Y,PS-61905,329,82,2026-01-21,2026-01-20,2026-01-21,55917,17,Y,Y,102.87,N,,N,,,Y,Y,N,Y,418.33,Pending Reconciliation
ENT-060108,Optional Stock Dividend,R-54807,2025-07-24,S793154,GKHRT44H6,BMGKHRT44H63,DTC,2025-07-24,2025-07-25,2025-08-06,,1.5673,1.5939,45463,45440,45460,N,Y,PS-49507,394,493,2025-08-07,2025-08-06,2025-08-07,71254,18,N,N,0,Y,275.52,Y,1462.42,T5,Y,Y,N,Y,305.31,Pending Reconciliation
ENT-060109,Due Bill Event,R-88444,2025-10-25,S470459,MPXVBOQDE,KYMPXVBOQDE2,Euroclear,2025-10-25,2025-10-27,2025-10-31,2025-11-02,0.5531,0.5259,63056,63037,63102,N,Y,PS-10641,1137,28,2025-11-01,2025-10-31,2025-11-01,34876,29,N,N,0,N,,N,,,Y,Y,N,Y,461.52,Pending Reconciliation
ENT-060110,Due Bill Event,R-88902,2026-02-26,S873145,IOUGJM5LA,CAIOUGJM5LA0,DTC,2026-02-26,2026-02-26,2026-03-03,2026-03-05,1.5945,1.5455,80586,80579,80591,Y,N,,1184,-237,2026-03-04,2026-03-03,2026-03-04,128494,13,Y,Y,211.55,N,,N,,,Y,Y,Y,Y,0,Closed
ENT-060111,Spin-Off,R-50574,2025-09-28,S737316,581IBCFO8,BM581IBCFO83,DTC,2025-09-28,2025-09-28,2025-10-02,,2.406,2.3387,2411,2430,2386,N,Y,PS-73560,1981,-82,2025-10-03,2025-10-02,2025-10-03,5800,49,N,N,0,N,,N,,,Y,Y,N,Y,496.11,Pending Reconciliation
ENT-060112,Due Bill Event,R-34339,2026-01-18,S036040,FYXP5NGG3,BMFYXP5NGG33,I&TS,2026-01-18,2026-01-20,2026-02-01,2026-02-03,1.1133,1.1183,25605,25600,25648,N,Y,PS-20832,1339,17,2026-02-02,2026-02-01,2026-02-02,28506,17,N,N,0,N,,N,,,Y,Y,N,Y,242.72,Pending Reconciliation
ENT-060113,Stock Dividend,R-86111,2026-01-30,S228164,5STIX5565,US5STIX55650,Euroclear,2026-01-30,2026-02-01,2026-02-12,,2.0512,2.0084,47442,47435,47450,Y,N,,1781,-469,2026-02-13,2026-02-12,2026-02-13,97313,39,Y,Y,75.28,N,,N,,,Y,Y,Y,Y,0,Closed
ENT-060114,Stock Split,R-50149,2025-11-28,S709794,GQL3ARI8Z,KYGQL3ARI8Z4,CDS,2025-11-28,2025-11-29,2025-12-11,,0.6783,0.7071,74199,74199,74180,N,Y,PS-10705,282,216,2025-12-12,2025-12-11,2025-12-12,50329,40,N,N,0,N,,N,,,Y,Y,N,Y,168.1,Pending Reconciliation
ENT-060115,Optional Stock Dividend,R-83642,2025-09-28,S640378,74DN24QPH,CA74DN24QPH4,DTC,2025-09-28,2025-09-29,2025-10-08,,0.363,0.3626,79519,79500,79507,N,Y,PS-16910,1712,-431,2025-10-09,2025-10-08,2025-10-09,28865,25,N,N,0,Y,231.33,Y,732.74,,Y,Y,N,Y,270.08,Pending Reconciliation
ENT-060116,Rights Issue,R-55318,2026-03-03,S036040,FYXP5NGG3,BMFYXP5NGG33,I&TS,2026-03-03,2026-03-03,2026-03-11,,2.7082,2.7164,46097,46052,46128,N,Y,PS-73274,127,203,2026-03-12,2026-03-11,2026-03-12,124839,47,Y,Y,191.28,N,,N,,,Y,Y,N,Y,399.8,Pending Reconciliation
ENT-060117,Stock Split,R-16162,2026-02-10,S267070,JPAUSQ8OW,USJPAUSQ8OW6,DTC,2026-02-10,2026-02-11,2026-02-23,,2.2108,2.3063,59398,59446,59437,N,Y,PS-53654,1000,-436,2026-02-24,2026-02-23,2026-02-24,131317,29,Y,Y,107.82,N,,N,,,Y,Y,N,Y,112.4,Pending Reconciliation
ENT-060118,Spin-Off,R-55744,2026-01-07,S873145,IOUGJM5LA,CAIOUGJM5LA0,CDS,2026-01-07,2026-01-08,2026-01-12,,1.2231,1.1845,94783,94804,94832,N,Y,PS-28993,32,191,2026-01-13,2026-01-12,2026-01-13,115929,10,Y,Y,163.68,N,,N,,,Y,Y,N,Y,452.51,Pending Reconciliation
ENT-060119,Rights Issue,R-18900,2025-07-20,S959780,REPZHFPJP,USREPZHFPJP8,Euroclear,2025-07-20,2025-07-21,2025-07-24,,1.4121,1.4617,15784,15778,15785,Y,N,,574,-490,2025-07-25,2025-07-24,2025-07-25,22288,42,N,N,0,N,,N,,,Y,Y,Y,Y,0,Closed
ENT-060120,Taxable Stock Dividend,R-97750,2025-07-04,S028611,HCTD25I0Y,BMHCTD25I0Y7,CDS,2025-07-04,2025-07-06,2025-07-08,,2.5356,2.5099,56669,56636,56657,N,Y,PS-45157,1730,-17,2025-07-09,2025-07-08,2025-07-09,143689,5,N,N,0,Y,493.57,Y,1118.4,T3,Y,Y,N,Y,123.19,Pending Reconciliation
