Bond Event ID,Depository,Report Source,Report ID,CUSIP,ISIN,ADP Code,Security Description,Currency,Principal Amount,Interest Amount,Net Amount,Payment Rate,Maturity Date,Payment Date,Value Date,Payment Received Date,Payment Received Flag,Greater Than 5MM Flag,Control Account From,Control Account To,Reorg Bond Control Account,Manual Journal Required Flag,JEFE Required Flag,Journal Reference ID,Journal Status,Backdated Entry Flag,Client Payment Processed Flag,Payment Sheet Created Flag,Physical Certificate Flag,Certificate Number,Vault Box Account,Transfer Box Account,Computershare Sent Date,Courier Tracking Reference,Principal Interest Split Required Flag,Email Notification Sent Flag,Final Reconciliation Status
BND-050001,DTC,DTC Full Call,RPT-DTC-301387,74MRZA1Z1,KY74MRZA1Z15,EGD7CG,Northstar Bio SE Conv 4.5% 2027,EUR,5393854.38,210363.63,5604218.01,102.3625,2025-07-23,2025-07-23,2025-07-23,2025-07-23,Y,Y,CA-35463,CA-33874,RBA-4998,N,N,,,N,Y,Y,Y,CERT-725557,VLT-627,XFR-502,2025-07-10,TRK892407505,Y,Y,Variance Investigation
BND-050002,Euroclear,Euroclear Final Redemption,RPT-Euroclear-208025,IOQSTII9A,CAIOQSTII9A6,4KLCDZ,Juniper Mining plc Conv 4.5% 2027,USD,7380241.95,29861.78,7410103.73,101.8414,2026-02-04,2026-02-04,2026-02-04,,N,Y,CA-64001,CA-52928,RBA-3866,Y,Y,JRN-500297,Posted,N,N,N,N,,,,,,Y,Y,Variance Investigation
BND-050003,State of Israel,Israel Physical Cert Maturity,RPT-State of Israel-726293,PEM59EVCX,BMPEM59EVCX8,R2SBMH,Meadowfield Holdings AG Conv 4.5% 2027,GBP,680574.01,23009.86,703583.87,99.6894,2026-03-20,2026-03-20,2026-03-20,2026-03-20,Y,N,CA-79046,CA-70197,RBA-1396,N,N,,,N,Y,Y,Y,CERT-530446,VLT-683,XFR-722,2026-03-14,TRK363701271,Y,N,Reconciled
BND-050004,Euroclear,Euroclear Cash and Share Redemption,RPT-Euroclear-563021,T1AU71G4R,CAT1AU71G4R5,6387KI,Oakhill Capital NV Conv 4.5% 2027,CAD,12606436.66,136117.94,12742554.6,103.1549,2026-03-26,2026-03-26,2026-03-26,2026-03-28,Y,Y,CA-99186,CA-87429,RBA-1634,N,N,,,N,Y,Y,N,,,,,,N,Y,Variance Investigation
BND-050005,DTC,DTC Full Call,RPT-DTC-336956,V68R6266H,GBV68R6266H2,SV4QNR,Ironbridge Media SE FRN 2030,USD,3895763.8,105862.47,4001626.27,97.1218,2026-03-24,2026-03-24,2026-03-24,2026-03-26,Y,N,CA-90013,CA-73481,RBA-3891,N,N,,,N,Y,Y,N,,,,,,N,Y,Reconciled
BND-050006,DTC,DTC Maturity (Not Bond Desk),RPT-DTC-100304,CLUG2YRGC,CACLUG2YRGC1,M72TRY,Umbra Mining Inc 6.00% 2028,GBP,20868959.8,758506.31,21627466.11,102.893,2025-08-04,2025-08-04,2025-08-04,2025-08-04,Y,Y,CA-46217,CA-77183,RBA-5362,Y,Y,JRN-601277,Approved,N,Y,Y,N,,,,,,Y,Y,Variance Investigation
BND-050007,Euroclear,Euroclear Final Redemption,RPT-Euroclear-915346,A6CHJ9LMK,KYA6CHJ9LMK0,5SC85W,Larkspur Bank SA 6.00% 2028,CAD,17656306.23,485038.98,18141345.21,104.5056,2026-01-05,2026-01-05,2026-01-05,2026-01-07,Y,Y,CA-13406,CA-45789,RBA-9582,N,N,,,N,Y,Y,N,,,,,,Y,Y,Reconciled
BND-050008,DTC,DTC Full Call,RPT-DTC-677758,V0LFPC6B6,USV0LFPC6B66,X7A0PZ,Glenmoor Properties NV 6.00% 2028,USD,17648293.28,258477.16,17906770.44,102.1595,2025-09-27,2025-09-27,2025-09-27,2025-09-30,Y,Y,CA-80176,CA-67719,RBA-1568,N,N,,,N,Y,Y,N,,,,,,Y,Y,Variance Investigation
BND-050009,DTC,DTC Maturity (Not Bond Desk),RPT-DTC-623155,D8W72I6BN,GBD8W72I6BN5,Y7MQMB,Juniper Bio Inc Conv 4.5% 2027,EUR,12373365.6,275448.74,12648814.34,103.1952,2025-06-21,2025-06-21,2025-06-21,2025-06-21,Y,Y,CA-69117,CA-28542,RBA-3725,Y,Y,JRN-178014,Approved,N,Y,Y,N,,,,,,N,Y,In Progress
BND-050010,Euroclear,Euroclear Cash and Share Redemption,RPT-Euroclear-368212,243Q63M0K,GB243Q63M0K8,XYN1Q0,Yarrow Aerospace SA 6.00% 2028,GBP,7732644.6,199104.76,7931749.359999999,99.5126,2025-09-10,2025-09-10,2025-09-10,2025-09-11,Y,Y,CA-99062,CA-23270,RBA-7542,Y,N,JRN-848005,Pending Approval,N,Y,Y,N,,,,,,N,Y,Reconciled
BND-050011,Euroclear,Euroclear Final Redemption,RPT-Euroclear-486649,LW843F2IV,KYLW843F2IV3,DXZOVN,Kestrel Industries NV 6.00% 2028,USD,9623741.13,369646.45,9993387.58,102.2479,2026-01-24,2026-01-24,2026-01-24,2026-01-25,Y,Y,CA-13825,CA-33085,RBA-8594,Y,Y,JRN-939964,Approved,Y,Y,Y,N,,,,,,N,Y,In Progress
BND-050012,DTC,DTC Full Call,RPT-DTC-850200,2O31OBP1J,CA2O31OBP1J6,DVB3WL,Cedarwood Bio Inc FRN 2030,USD,19288583.74,664700.81,19953284.549999997,102.2653,2025-08-27,2025-08-27,2025-08-27,2025-08-28,Y,Y,CA-73110,CA-19895,RBA-9202,Y,Y,JRN-938019,Approved,N,Y,Y,N,,,,,,Y,Y,Reconciled
BND-050013,CDS,CDS Daily Redemption,RPT-CDS-843507,MATWH65DV,KYMATWH65DV8,KFKEUR,Nightingale Media plc 6.00% 2028,GBP,12016508.51,15426.88,12031935.39,99.992,2025-06-20,2025-06-20,2025-06-20,2025-06-20,Y,Y,CA-12105,CA-14713,RBA-1965,N,N,,,N,Y,Y,N,,,,,,Y,Y,Reconciled
BND-050014,Euroclear,Euroclear Final Redemption,RPT-Euroclear-320755,UEDF3YTOR,USUEDF3YTOR2,7O3MDS,Pinewright Properties NV 5.25% 2031,USD,3523187.62,112313.58,3635501.2,95.2529,2025-12-14,2025-12-14,2025-12-14,2025-12-16,Y,N,CA-46121,CA-64113,RBA-1089,Y,Y,JRN-766596,Reversed,N,Y,Y,N,,,,,,N,N,Variance Investigation
BND-050015,Euroclear,Euroclear Final Redemption,RPT-Euroclear-666848,JSRFS7ZJF,CAJSRFS7ZJF3,P9SR5B,Evergreen Resources Corp FRN 2030,GBP,20938588.99,221311.43,21159900.419999998,101.1021,2025-10-13,2025-10-13,2025-10-13,2025-10-14,Y,Y,CA-71600,CA-53763,RBA-9987,Y,Y,JRN-220491,Reversed,Y,Y,Y,N,,,,,,Y,Y,Variance Investigation
BND-050016,DTC,DTC Full Call,RPT-DTC-387106,MKLM2ICM7,KYMKLM2ICM73,S992KW,Pinewright Energy AG FRN 2030,CAD,14300973.09,135471.0,14436444.09,101.8164,2026-03-25,2026-03-25,2026-03-25,2026-03-28,Y,Y,CA-99242,CA-94276,RBA-1250,Y,Y,JRN-770723,Approved,N,Y,Y,N,,,,,,Y,Y,Reconciled
BND-050017,State of Israel,Israel Physical Cert Maturity,RPT-State of Israel-862133,TYPANCJY1,KYTYPANCJY18,I1D6NS,Oakhill Holdings Inc 5.25% 2031,USD,15479810.3,601881.24,16081691.540000001,102.0275,2025-11-18,2025-11-18,2025-11-18,2025-11-20,Y,Y,CA-34747,CA-55616,RBA-4938,N,N,,,N,Y,Y,Y,CERT-634303,VLT-997,XFR-902,2025-11-07,TRK751793049,Y,Y,Reconciled
BND-050018,Euroclear,Euroclear Cash and Share Redemption,RPT-Euroclear-696715,I8OXWXTJA,KYI8OXWXTJA5,PI442H,Northstar Media NV 6.00% 2028,EUR,15054121.56,277445.97,15331567.530000001,104.1097,2025-11-25,2025-11-25,2025-11-25,2025-11-28,Y,Y,CA-39178,CA-42271,RBA-2722,N,N,,,Y,Y,Y,N,,,,,,Y,Y,Variance Investigation
BND-050019,DTC,DTC Maturity (Not Bond Desk),RPT-DTC-168806,V0LFPC6B6,USV0LFPC6B66,4CN1W3,Glenmoor Properties NV Sub Notes 2032,CAD,14541924.12,60541.35,14602465.469999999,95.353,2026-02-28,2026-02-28,2026-02-28,2026-03-01,Y,Y,CA-28022,CA-36017,RBA-2127,Y,Y,JRN-437169,Posted,N,Y,Y,N,,,,,,Y,Y,In Progress
BND-050020,BNY,Bank of New York Scheduled Payment,RPT-BNY-407383,EO530JMR8,KYEO530JMR86,0RJXE9,Juniper Pharmaceuticals SE 6.00% 2028,CAD,20501991.81,292149.63,20794141.439999998,102.1573,2025-10-06,2025-10-06,2025-10-06,2025-10-07,Y,Y,CA-42665,CA-45903,RBA-2120,Y,Y,JRN-357814,Pending Approval,N,Y,Y,N,,,,,,Y,Y,Reconciled
BND-050021,CDS,CDS Daily Redemption,RPT-CDS-663678,COX6ZJ8ND,BMCOX6ZJ8ND4,0MINNY,Fairhaven Bio NV 5.25% 2031,USD,9275854.2,331597.99,9607452.19,98.8822,2025-12-21,2025-12-21,2025-12-21,2025-12-22,Y,Y,CA-93293,CA-12943,RBA-5236,Y,Y,JRN-602453,Posted,N,Y,Y,N,,,,,,Y,Y,In Progress
BND-050022,BNY,Bank of New York Scheduled Payment,RPT-BNY-218736,MKLM2ICM7,KYMKLM2ICM73,44DFR0,Pinewright Energy AG FRN 2030,EUR,22016187.44,608317.95,22624505.39,104.4234,2026-05-20,2026-05-20,2026-05-20,2026-05-20,Y,Y,CA-61698,CA-14234,RBA-5947,N,N,,,N,Y,Y,N,,,,,,N,Y,Variance Investigation
BND-050023,CDS,CDS Daily Redemption,RPT-CDS-712598,IOQSTII9A,CAIOQSTII9A6,1FDSJG,Juniper Mining plc Conv 4.5% 2027,GBP,21070105.49,270047.75,21340153.24,103.9917,2026-03-11,2026-03-11,2026-03-11,2026-03-12,Y,Y,CA-61674,CA-18139,RBA-3624,Y,Y,JRN-159599,Posted,N,Y,Y,N,,,,,,Y,Y,In Progress
BND-050024,Euroclear,Euroclear Cash and Share Redemption,RPT-Euroclear-256210,UEDF3YTOR,USUEDF3YTOR2,WM08LP,Pinewright Properties NV FRN 2030,CAD,199691.43,4627.31,204318.74,96.8401,2026-01-01,2026-01-01,2026-01-01,2026-01-01,Y,N,CA-90434,CA-73430,RBA-1789,N,N,,,N,Y,Y,N,,,,,,Y,N,In Progress
BND-050025,Euroclear,Euroclear Final Redemption,RPT-Euroclear-377711,V68R6266H,GBV68R6266H2,SZXIFZ,Ironbridge Media SE 6.00% 2028,CAD,6323678.34,57748.5,6381426.84,104.6087,2025-10-10,2025-10-10,2025-10-10,2025-10-11,Y,Y,CA-94983,CA-95667,RBA-1069,N,N,,,N,Y,Y,N,,,,,,N,Y,Reconciled
BND-050026,DTC,DTC Full Call,RPT-DTC-942628,80QXORTIR,KY80QXORTIR7,EO0SP9,Tideline Capital SA Conv 4.5% 2027,EUR,19012500.3,652205.85,19664706.150000002,97.7859,2025-06-07,2025-06-07,2025-06-07,2025-06-07,Y,Y,CA-74845,CA-62620,RBA-4366,N,N,,,N,Y,Y,N,,,,,,N,Y,Variance Investigation
BND-050027,BNY,Bank of New York Scheduled Payment,RPT-BNY-942914,MKLM2ICM7,KYMKLM2ICM73,1II9M9,Pinewright Energy AG 5.25% 2031,USD,3549337.76,94674.99,3644012.75,98.6865,2026-03-09,2026-03-09,2026-03-09,2026-03-11,Y,N,CA-38127,CA-61239,RBA-5471,Y,Y,JRN-977019,Reversed,Y,Y,Y,N,,,,,,N,N,Reconciled
BND-050028,BNY,Bank of New York Scheduled Payment,RPT-BNY-446700,SDAN28YVA,KYSDAN28YVA1,87G6LU,Yarrow Holdings Inc Sub Notes 2032,GBP,3041598.85,76955.9,3118554.75,102.3131,2025-06-18,2025-06-18,2025-06-18,2025-06-21,Y,N,CA-97306,CA-39746,RBA-8526,N,N,,,N,Y,Y,N,,,,,,Y,N,Reconciled
BND-050029,DTC,DTC Maturity (Not Bond Desk),RPT-DTC-607791,AIEWVKQAJ,KYAIEWVKQAJ4,NUSKK4,Brightcap Bio plc 5.25% 2031,CAD,7402481.04,101109.74,7503590.78,103.5784,2026-02-14,2026-02-14,2026-02-14,2026-02-15,Y,Y,CA-95013,CA-38095,RBA-5729,N,N,,,N,Y,Y,N,,,,,,Y,Y,Variance Investigation
BND-050030,DTC,DTC Full Call,RPT-DTC-557825,X69NI389U,GBX69NI389U4,NQLMCX,Ironbridge Capital plc Conv 4.5% 2027,GBP,537108.21,10397.12,547505.33,95.9822,2026-01-26,2026-01-26,2026-01-26,2026-01-26,Y,N,CA-43965,CA-59693,RBA-4781,Y,Y,JRN-169416,Posted,N,Y,Y,N,,,,,,N,Y,Reconciled
BND-050031,Euroclear,Euroclear Cash and Share Redemption,RPT-Euroclear-811380,T3VOSPW21,BMT3VOSPW216,FDFCQN,Evergreen Mining Inc 5.25% 2031,EUR,12370050.64,393254.33,12763304.97,100.1782,2025-09-29,2025-09-29,2025-09-29,2025-09-30,Y,Y,CA-23719,CA-68676,RBA-7574,N,N,,,N,Y,Y,N,,,,,,Y,Y,Reconciled
BND-050032,Euroclear,Euroclear Cash and Share Redemption,RPT-Euroclear-356971,TYPANCJY1,KYTYPANCJY18,GE3JU2,Oakhill Holdings Inc 6.00% 2028,USD,11870584.29,198915.57,12069499.86,97.5619,2026-03-19,2026-03-19,2026-03-19,2026-03-21,Y,Y,CA-36366,CA-10525,RBA-8730,N,N,,,N,Y,Y,Y,CERT-974743,VLT-188,XFR-170,2026-03-07,TRK508631727,N,Y,In Progress
BND-050033,Euroclear,Euroclear Final Redemption,RPT-Euroclear-384817,SDAN28YVA,KYSDAN28YVA1,G0R5TS,Yarrow Holdings Inc 5.25% 2031,USD,16327192.77,302869.73,16630062.5,102.2307,2025-10-02,2025-10-02,2025-10-02,2025-10-04,Y,Y,CA-79904,CA-42173,RBA-3209,N,N,,,N,Y,Y,Y,CERT-840450,VLT-371,XFR-280,2025-09-13,TRK790361431,Y,Y,In Progress
BND-050034,BNY,Bank of New York Scheduled Payment,RPT-BNY-156395,TYPANCJY1,KYTYPANCJY18,1ABKVV,Oakhill Holdings Inc Conv 4.5% 2027,EUR,3444863.86,57987.37,3502851.23,100.4556,2025-07-18,2025-07-18,2025-07-18,2025-07-20,Y,N,CA-13277,CA-30923,RBA-8392,N,N,,,N,Y,Y,N,,,,,,Y,N,Variance Investigation
BND-050035,Euroclear,Euroclear Final Redemption,RPT-Euroclear-947124,DGZ6091DR,USDGZ6091DR8,SZ0HQX,Meadowfield Capital AG Sub Notes 2032,USD,12970432.44,446156.38,13416588.82,98.1528,2025-12-27,2025-12-27,2025-12-27,2025-12-30,Y,Y,CA-23821,CA-23904,RBA-4399,Y,Y,JRN-661768,Reversed,N,Y,Y,N,,,,,,Y,Y,Variance Investigation
BND-050036,DTC,DTC Maturity (Not Bond Desk),RPT-DTC-109597,FMID9M4HJ,BMFMID9M4HJ7,90IQ2T,Oakhill Capital Ltd FRN 2030,GBP,12547018.73,340708.98,12887727.71,96.4118,2025-09-22,2025-09-22,2025-09-22,2025-09-22,Y,Y,CA-20261,CA-24129,RBA-9970,Y,Y,JRN-243861,Reversed,N,Y,Y,N,,,,,,Y,Y,In Progress
BND-050037,State of Israel,Israel Physical Cert Maturity,RPT-State of Israel-485915,V68R6266H,GBV68R6266H2,8FBE3X,Ironbridge Media SE 6.00% 2028,USD,5989063.14,196264.5,6185327.64,96.3454,2025-09-09,2025-09-09,2025-09-09,2025-09-11,Y,Y,CA-90771,CA-59799,RBA-6085,N,N,,,Y,Y,Y,Y,CERT-351030,VLT-506,XFR-307,2025-08-31,TRK896455014,N,Y,In Progress
BND-050038,Euroclear,Euroclear Cash and Share Redemption,RPT-Euroclear-275429,WVM09UVFJ,USWVM09UVFJ8,FH98JV,Evergreen Energy NV Sub Notes 2032,EUR,11301626.76,317770.88,11619397.64,95.0006,2025-06-27,2025-06-27,2025-06-27,2025-06-30,Y,Y,CA-15325,CA-57733,RBA-4660,N,N,,,N,Y,Y,N,,,,,,Y,Y,Variance Investigation
BND-050039,DTC,DTC Maturity (Not Bond Desk),RPT-DTC-432207,SDAN28YVA,KYSDAN28YVA1,9LDRGN,Yarrow Holdings Inc 6.00% 2028,GBP,12219409.1,236374.47,12455783.57,102.212,2025-12-12,2025-12-12,2025-12-12,2025-12-14,Y,Y,CA-44640,CA-28406,RBA-3754,Y,Y,JRN-694414,Posted,N,Y,Y,N,,,,,,Y,Y,Reconciled
BND-050040,DTC,DTC Maturity (Not Bond Desk),RPT-DTC-978412,MATWH65DV,KYMATWH65DV8,2AJPA5,Nightingale Media plc 6.00% 2028,USD,23396902.57,893128.21,24290030.78,95.4396,2025-07-20,2025-07-20,2025-07-20,2025-07-23,Y,Y,CA-19220,CA-56690,RBA-5281,Y,Y,JRN-940799,Reversed,N,Y,Y,N,,,,,,Y,Y,Variance Investigation
BND-050041,DTC,DTC Maturity (Not Bond Desk),RPT-DTC-169199,UEDF3YTOR,USUEDF3YTOR2,N3PJP5,Pinewright Properties NV Sub Notes 2032,USD,4582639.03,7459.47,4590098.5,103.0728,2026-02-27,2026-02-27,2026-02-27,2026-03-02,Y,N,CA-75268,CA-65578,RBA-7246,N,N,,,N,Y,Y,N,,,,,,N,N,In Progress
BND-050042,Euroclear,Euroclear Cash and Share Redemption,RPT-Euroclear-874707,FMID9M4HJ,BMFMID9M4HJ7,HJ8U0H,Oakhill Capital Ltd Conv 4.5% 2027,CAD,24626524.9,52125.19,24678650.09,104.0169,2026-05-11,2026-05-11,2026-05-11,2026-05-14,Y,Y,CA-35210,CA-38643,RBA-3061,N,N,,,N,Y,Y,N,,,,,,Y,Y,Reconciled
BND-050043,CDS,CDS Daily Redemption,RPT-CDS-740294,IOQSTII9A,CAIOQSTII9A6,P7ZSQW,Juniper Mining plc 6.00% 2028,GBP,10025934.12,134587.12,10160521.239999998,95.5934,2026-03-17,2026-03-17,2026-03-17,2026-03-19,Y,Y,CA-52420,CA-33433,RBA-9631,N,N,,,N,Y,Y,Y,CERT-588819,VLT-892,XFR-657,2026-03-12,TRK643913260,Y,Y,Reconciled
BND-050044,Euroclear,Euroclear Final Redemption,RPT-Euroclear-833860,HMWNR09HK,CAHMWNR09HK6,ONPNJR,Glenmoor Holdings plc FRN 2030,USD,24686203.02,103341.38,24789544.4,99.746,2026-01-12,2026-01-12,2026-01-12,,N,Y,CA-96386,CA-46558,RBA-2967,Y,Y,JRN-939430,Reversed,N,N,N,N,,,,,,N,Y,In Progress
BND-050045,CDS,CDS Daily Redemption,RPT-CDS-292769,M9AN33RDP,KYM9AN33RDP6,1F6DAB,Brightcap Bio Inc Sub Notes 2032,GBP,5486252.59,77349.01,5563601.6,96.759,2026-03-26,2026-03-26,2026-03-26,2026-03-27,Y,Y,CA-14072,CA-13528,RBA-1075,Y,Y,JRN-646341,Posted,N,Y,Y,N,,,,,,Y,Y,Reconciled
BND-050046,Euroclear,Euroclear Cash and Share Redemption,RPT-Euroclear-514962,JSRFS7ZJF,CAJSRFS7ZJF3,MHQR8J,Evergreen Resources Corp FRN 2030,USD,17466239.57,469873.38,17936112.95,96.8742,2025-12-31,2025-12-31,2025-12-31,2026-01-03,Y,Y,CA-52989,CA-91457,RBA-8854,Y,Y,JRN-185193,Pending Approval,N,Y,Y,Y,CERT-444426,VLT-827,XFR-892,2025-12-23,TRK590328356,Y,Y,Variance Investigation
BND-050047,DTC,DTC Maturity (Not Bond Desk),RPT-DTC-764728,J38QTE4MI,BMJ38QTE4MI3,E0N5V4,Evergreen Holdings Ltd FRN 2030,USD,14004467.8,217614.86,14222082.66,103.6092,2025-09-24,2025-09-24,2025-09-24,2025-09-27,Y,Y,CA-10993,CA-58245,RBA-4530,N,N,,,N,Y,Y,N,,,,,,Y,Y,In Progress
BND-050048,CDS,CDS Daily Redemption,RPT-CDS-926476,LW843F2IV,KYLW843F2IV3,I3T5I0,Kestrel Industries NV 5.25% 2031,GBP,18303787.93,528246.29,18832034.22,98.7153,2026-02-04,2026-02-04,2026-02-04,2026-02-05,Y,Y,CA-41202,CA-94960,RBA-8089,N,N,,,N,Y,Y,N,,,,,,N,Y,In Progress
BND-050049,BNY,Bank of New York Scheduled Payment,RPT-BNY-484511,PEM59EVCX,BMPEM59EVCX8,V52V9G,Meadowfield Holdings AG 5.25% 2031,EUR,2714957.43,98088.42,2813045.85,97.1754,2025-10-25,2025-10-25,2025-10-25,2025-10-26,Y,N,CA-34620,CA-41864,RBA-8181,N,N,,,N,Y,Y,N,,,,,,Y,N,Reconciled
BND-050050,DTC,DTC Full Call,RPT-DTC-650487,A6CHJ9LMK,KYA6CHJ9LMK0,FANYV4,Larkspur Bank SA Conv 4.5% 2027,GBP,21252686.81,144402.08,21397088.889999997,97.79,2026-04-25,2026-04-25,2026-04-25,,N,Y,CA-12887,CA-70190,RBA-9709,N,N,,,N,N,N,N,,,,,,N,Y,Variance Investigation
BND-050051,Euroclear,Euroclear Final Redemption,RPT-Euroclear-253779,IOQSTII9A,CAIOQSTII9A6,PSQWX0,Juniper Mining plc 6.00% 2028,USD,455388.66,13223.47,468612.12999999995,96.0059,2025-06-27,2025-06-27,2025-06-27,2025-06-27,Y,N,CA-96670,CA-62076,RBA-5755,N,N,,,N,Y,Y,N,,,,,,Y,N,In Progress
BND-050052,CDS,CDS Daily Redemption,RPT-CDS-295953,V0LFPC6B6,USV0LFPC6B66,C7D5O4,Glenmoor Properties NV FRN 2030,USD,17573030.11,26694.37,17599724.48,97.2598,2025-07-06,2025-07-06,2025-07-06,2025-07-08,Y,Y,CA-17198,CA-20751,RBA-8537,Y,N,JRN-902682,Reversed,N,Y,Y,N,,,,,,N,Y,Reconciled
BND-050053,CDS,CDS Daily Redemption,RPT-CDS-470226,W9DJSSI40,CAW9DJSSI403,DYALWM,Aldergrove Bank Inc 6.00% 2028,USD,16538107.18,325197.92,16863305.1,102.8624,2026-01-02,2026-01-02,2026-01-02,2026-01-02,Y,Y,CA-82806,CA-82730,RBA-6837,Y,N,JRN-141126,Reversed,N,Y,Y,N,,,,,,Y,Y,In Progress
BND-050054,Euroclear,Euroclear Cash and Share Redemption,RPT-Euroclear-436426,EO530JMR8,KYEO530JMR86,B2R2TC,Juniper Pharmaceuticals SE 5.25% 2031,USD,13891710.61,28415.01,13920125.62,97.1802,2026-05-16,2026-05-16,2026-05-16,2026-05-17,Y,Y,CA-81315,CA-33319,RBA-6875,N,N,,,N,Y,Y,N,,,,,,Y,Y,In Progress
BND-050055,DTC,DTC Maturity (Not Bond Desk),RPT-DTC-303194,J38QTE4MI,BMJ38QTE4MI3,FTG2TM,Evergreen Holdings Ltd Conv 4.5% 2027,USD,18485387.46,671302.27,19156689.73,104.6096,2025-06-19,2025-06-19,2025-06-19,2025-06-19,Y,Y,CA-91735,CA-76435,RBA-7563,Y,Y,JRN-232453,Reversed,N,Y,Y,N,,,,,,N,Y,Reconciled
BND-050056,State of Israel,Israel Physical Cert Maturity,RPT-State of Israel-801786,WVM09UVFJ,USWVM09UVFJ8,0W14TK,Evergreen Energy NV FRN 2030,CAD,896413.83,7652.8,904066.63,101.4897,2026-01-07,2026-01-07,2026-01-07,2026-01-07,Y,N,CA-93036,CA-29034,RBA-1578,N,N,,,N,Y,Y,Y,CERT-574778,VLT-421,XFR-506,2025-12-29,TRK261325637,Y,Y,Reconciled
BND-050057,Euroclear,Euroclear Final Redemption,RPT-Euroclear-139901,YPU0CQTB7,KYYPU0CQTB77,S082US,Glenmoor Bio Inc 5.25% 2031,EUR,13306975.77,27337.99,13334313.76,98.8228,2026-05-14,2026-05-14,2026-05-14,2026-05-16,Y,Y,CA-68567,CA-78291,RBA-6113,N,N,,,N,Y,Y,N,,,,,,Y,Y,Reconciled
BND-050058,CDS,CDS Daily Redemption,RPT-CDS-405792,0BV6UOYI6,GB0BV6UOYI68,U1GMPK,Evergreen Properties SE 5.25% 2031,CAD,11840627.57,117484.89,11958112.46,97.7568,2025-12-15,2025-12-15,2025-12-15,2025-12-15,Y,Y,CA-32164,CA-75679,RBA-4522,N,N,,,N,Y,Y,N,,,,,,Y,Y,Reconciled
BND-050059,State of Israel,Israel Physical Cert Maturity,RPT-State of Israel-603986,MKLM2ICM7,KYMKLM2ICM73,264GLB,Pinewright Energy AG FRN 2030,CAD,10071155.94,259265.6,10330421.54,95.9584,2026-04-28,2026-04-28,2026-04-28,2026-04-28,Y,Y,CA-26419,CA-90505,RBA-9906,Y,N,JRN-418162,Posted,N,Y,Y,Y,CERT-609657,VLT-177,XFR-187,2026-04-13,TRK825533554,Y,Y,Variance Investigation
BND-050060,CDS,CDS Daily Redemption,RPT-CDS-535626,UEDF3YTOR,USUEDF3YTOR2,7OHJ7E,Pinewright Properties NV FRN 2030,GBP,4588418.18,171709.32,4760127.5,101.9207,2025-12-29,2025-12-29,2025-12-29,2025-12-29,Y,N,CA-65352,CA-30456,RBA-7547,Y,Y,JRN-539056,Reversed,N,Y,Y,N,,,,,,Y,Y,Variance Investigation
BND-050061,Euroclear,Euroclear Final Redemption,RPT-Euroclear-818636,T1AU71G4R,CAT1AU71G4R5,F14XMI,Oakhill Capital NV FRN 2030,EUR,14035917.67,442916.22,14478833.89,96.0806,2026-02-06,2026-02-06,2026-02-06,2026-02-06,Y,Y,CA-53428,CA-33048,RBA-1339,N,N,,,N,Y,Y,N,,,,,,N,Y,Variance Investigation
BND-050062,Euroclear,Euroclear Final Redemption,RPT-Euroclear-333340,IOQSTII9A,CAIOQSTII9A6,JDATMC,Juniper Mining plc 6.00% 2028,GBP,15550864.99,574392.77,16125257.76,95.5807,2025-08-06,2025-08-06,2025-08-06,2025-08-09,Y,Y,CA-97079,CA-60032,RBA-8603,Y,Y,JRN-248421,Approved,N,Y,Y,N,,,,,,Y,Y,In Progress
BND-050063,DTC,DTC Maturity (Not Bond Desk),RPT-DTC-631756,TYPANCJY1,KYTYPANCJY18,8YTX9F,Oakhill Holdings Inc 6.00% 2028,CAD,5144379.84,187497.26,5331877.1,95.1124,2026-03-16,2026-03-16,2026-03-16,,N,Y,CA-25012,CA-58158,RBA-6863,Y,Y,JRN-695782,Approved,N,N,N,N,,,,,,N,Y,In Progress
BND-050064,CDS,CDS Daily Redemption,RPT-CDS-218983,018LUMYCT,GB018LUMYCT2,PNXAIB,Oakhill Technology SE 6.00% 2028,EUR,3617906.91,41915.05,3659821.96,95.0408,2025-06-18,2025-06-18,2025-06-18,2025-06-21,Y,N,CA-68768,CA-46974,RBA-9064,N,N,,,N,Y,Y,N,,,,,,N,N,In Progress
BND-050065,Euroclear,Euroclear Final Redemption,RPT-Euroclear-749285,X69NI389U,GBX69NI389U4,I81LZR,Ironbridge Capital plc Conv 4.5% 2027,EUR,14201796.06,171411.91,14373207.97,96.7333,2025-09-22,2025-09-22,2025-09-22,2025-09-24,Y,Y,CA-90685,CA-38303,RBA-1055,N,N,,,N,Y,Y,N,,,,,,N,Y,Variance Investigation
BND-050066,Euroclear,Euroclear Cash and Share Redemption,RPT-Euroclear-311637,CLUG2YRGC,CACLUG2YRGC1,96WMR8,Umbra Mining Inc 6.00% 2028,CAD,24747880.08,214814.07,24962694.15,104.8133,2025-12-24,2025-12-24,2025-12-24,2025-12-26,Y,Y,CA-88800,CA-59267,RBA-3638,Y,Y,JRN-102368,Posted,N,Y,Y,N,,,,,,N,Y,Variance Investigation
BND-050067,DTC,DTC Maturity (Not Bond Desk),RPT-DTC-544709,UEDF3YTOR,USUEDF3YTOR2,KXVACM,Pinewright Properties NV Sub Notes 2032,CAD,17364167.06,78758.72,17442925.779999997,95.732,2025-09-12,2025-09-12,2025-09-12,2025-09-13,Y,Y,CA-20397,CA-61450,RBA-5432,Y,N,JRN-881964,Posted,N,Y,Y,N,,,,,,N,Y,Reconciled
BND-050068,DTC,DTC Full Call,RPT-DTC-664767,X69NI389U,GBX69NI389U4,2PIAP8,Ironbridge Capital plc Sub Notes 2032,EUR,23425466.56,735852.19,24161318.75,101.5553,2026-05-23,2026-05-23,2026-05-23,2026-05-24,Y,Y,CA-46295,CA-35868,RBA-1665,Y,Y,JRN-114586,Approved,N,Y,Y,N,,,,,,Y,Y,In Progress
BND-050069,DTC,DTC Maturity (Not Bond Desk),RPT-DTC-718177,D8W72I6BN,GBD8W72I6BN5,SWXW3H,Juniper Bio Inc 6.00% 2028,EUR,12116601.4,458939.43,12575540.83,95.3976,2025-06-28,2025-06-28,2025-06-28,2025-06-28,Y,Y,CA-93115,CA-41154,RBA-6104,Y,N,JRN-360236,Pending Approval,N,Y,Y,N,,,,,,N,Y,Reconciled
BND-050070,CDS,CDS Daily Redemption,RPT-CDS-916087,HMWNR09HK,CAHMWNR09HK6,E8MJR6,Glenmoor Holdings plc 6.00% 2028,EUR,22971525.32,862870.57,23834395.89,100.0522,2026-03-19,2026-03-19,2026-03-19,2026-03-20,Y,Y,CA-60133,CA-98021,RBA-6787,Y,Y,JRN-396635,Reversed,N,Y,Y,N,,,,,,N,Y,Reconciled
BND-050071,DTC,DTC Full Call,RPT-DTC-616583,M9AN33RDP,KYM9AN33RDP6,VPBLXB,Brightcap Bio Inc Conv 4.5% 2027,EUR,296633.82,7751.83,304385.65,102.2254,2025-06-02,2025-06-02,2025-06-02,2025-06-02,Y,N,CA-48733,CA-30576,RBA-7956,N,N,,,N,Y,Y,N,,,,,,Y,Y,Variance Investigation
BND-050072,Euroclear,Euroclear Cash and Share Redemption,RPT-Euroclear-785582,243Q63M0K,GB243Q63M0K8,X9GCVQ,Yarrow Aerospace SA Sub Notes 2032,CAD,23487436.43,578840.17,24066276.6,103.8033,2026-03-19,2026-03-19,2026-03-19,2026-03-19,Y,Y,CA-27060,CA-64856,RBA-4494,N,N,,,N,Y,Y,N,,,,,,Y,Y,Variance Investigation
BND-050073,State of Israel,Israel Physical Cert Maturity,RPT-State of Israel-154380,MATWH65DV,KYMATWH65DV8,E4RJ7K,Nightingale Media plc 6.00% 2028,CAD,21803977.49,123465.41,21927442.9,103.635,2025-11-26,2025-11-26,2025-11-26,,N,Y,CA-62216,CA-31804,RBA-7938,Y,N,JRN-274233,Approved,N,N,N,Y,CERT-497666,VLT-420,XFR-307,2025-11-21,TRK148791183,Y,Y,Variance Investigation
BND-050074,Euroclear,Euroclear Cash and Share Redemption,RPT-Euroclear-656857,SDAN28YVA,KYSDAN28YVA1,CFHZBD,Yarrow Holdings Inc Sub Notes 2032,USD,18080027.19,64733.71,18144760.900000002,102.7541,2026-03-08,2026-03-08,2026-03-08,2026-03-11,Y,Y,CA-70083,CA-33301,RBA-5475,N,N,,,N,Y,Y,N,,,,,,Y,Y,Reconciled
BND-050075,State of Israel,Israel Physical Cert Maturity,RPT-State of Israel-891008,T1AU71G4R,CAT1AU71G4R5,X06N4A,Oakhill Capital NV Conv 4.5% 2027,GBP,16382950.12,452140.12,16835090.24,95.8486,2025-06-23,2025-06-23,2025-06-23,2025-06-25,Y,Y,CA-15674,CA-78573,RBA-4639,N,N,,,N,Y,Y,Y,CERT-691786,VLT-858,XFR-879,2025-06-08,TRK740129282,Y,Y,Variance Investigation
BND-050076,State of Israel,Israel Physical Cert Maturity,RPT-State of Israel-232917,CLUG2YRGC,CACLUG2YRGC1,812ASY,Umbra Mining Inc 6.00% 2028,USD,12514091.86,278279.83,12792371.69,97.8522,2025-08-17,2025-08-17,2025-08-17,2025-08-19,Y,Y,CA-11211,CA-89795,RBA-3573,N,N,,,N,Y,Y,Y,CERT-239881,VLT-732,XFR-410,2025-08-12,TRK124461865,N,Y,Variance Investigation
BND-050077,DTC,DTC Maturity (Not Bond Desk),RPT-DTC-548411,PEM59EVCX,BMPEM59EVCX8,MW2HN5,Meadowfield Holdings AG 5.25% 2031,GBP,22859052.74,851375.22,23710427.959999997,99.4439,2025-07-22,2025-07-22,2025-07-22,2025-07-24,Y,Y,CA-19557,CA-47875,RBA-9103,N,N,,,N,Y,Y,N,,,,,,Y,Y,In Progress
BND-050078,CDS,CDS Daily Redemption,RPT-CDS-284949,IOQSTII9A,CAIOQSTII9A6,XVX6X4,Juniper Mining plc Sub Notes 2032,CAD,8707603.73,97341.37,8804945.1,104.4649,2025-06-27,2025-06-27,2025-06-27,2025-06-27,Y,Y,CA-22389,CA-40139,RBA-3743,N,N,,,N,Y,Y,N,,,,,,Y,Y,Reconciled
BND-050079,State of Israel,Israel Physical Cert Maturity,RPT-State of Israel-727469,IHUZ8ZS9T,USIHUZ8ZS9T7,8D0TYU,Pinewright Holdings Corp Sub Notes 2032,GBP,1632760.47,3853.71,1636614.18,100.288,2025-09-19,2025-09-19,2025-09-19,2025-09-22,Y,N,CA-62501,CA-30669,RBA-8298,N,N,,,N,Y,Y,Y,CERT-618292,VLT-610,XFR-191,2025-09-11,TRK820741133,Y,Y,In Progress
BND-050080,DTC,DTC Full Call,RPT-DTC-134957,HMWNR09HK,CAHMWNR09HK6,4U60SV,Glenmoor Holdings plc Sub Notes 2032,GBP,20671179.84,108643.73,20779823.57,97.2274,2025-08-31,2025-08-31,2025-08-31,2025-09-01,Y,Y,CA-98165,CA-20454,RBA-5293,Y,N,JRN-201260,Reversed,N,Y,Y,N,,,,,,Y,Y,In Progress
BND-050081,State of Israel,Israel Physical Cert Maturity,RPT-State of Israel-239353,V0LFPC6B6,USV0LFPC6B66,9IFLGX,Glenmoor Properties NV 5.25% 2031,CAD,13628420.09,25714.54,13654134.629999999,99.4179,2025-11-05,2025-11-05,2025-11-05,2025-11-06,Y,Y,CA-81587,CA-93008,RBA-7007,N,N,,,N,Y,Y,Y,CERT-267984,VLT-651,XFR-158,2025-10-22,TRK733810200,Y,Y,Variance Investigation
BND-050082,DTC,DTC Full Call,RPT-DTC-881113,FMID9M4HJ,BMFMID9M4HJ7,06VO1E,Oakhill Capital Ltd 6.00% 2028,EUR,7801501.63,130880.72,7932382.35,95.5806,2026-02-02,2026-02-02,2026-02-02,2026-02-02,Y,Y,CA-56745,CA-46303,RBA-1730,Y,Y,JRN-533933,Posted,N,Y,Y,N,,,,,,N,Y,Variance Investigation
BND-050083,CDS,CDS Daily Redemption,RPT-CDS-179539,COX6ZJ8ND,BMCOX6ZJ8ND4,GWS1YB,Fairhaven Bio NV Sub Notes 2032,CAD,13234112.06,258121.21,13492233.270000001,98.4562,2025-07-11,2025-07-11,2025-07-11,2025-07-11,Y,Y,CA-18503,CA-70745,RBA-8783,N,N,,,N,Y,Y,N,,,,,,Y,Y,Reconciled
BND-050084,BNY,Bank of New York Scheduled Payment,RPT-BNY-350995,V0LFPC6B6,USV0LFPC6B66,NPV822,Glenmoor Properties NV FRN 2030,EUR,5125590.07,36441.74,5162031.8100000005,97.2848,2025-12-11,2025-12-11,2025-12-11,2025-12-14,Y,Y,CA-75556,CA-37267,RBA-3666,N,N,,,N,Y,Y,N,,,,,,Y,Y,Variance Investigation
BND-050085,DTC,DTC Maturity (Not Bond Desk),RPT-DTC-622627,PEM59EVCX,BMPEM59EVCX8,YNNBON,Meadowfield Holdings AG 6.00% 2028,EUR,2387482.3,4283.07,2391765.3699999996,99.5677,2026-04-20,2026-04-20,2026-04-20,2026-04-22,Y,N,CA-89194,CA-86586,RBA-3590,N,N,,,N,Y,Y,N,,,,,,Y,Y,In Progress
BND-050086,DTC,DTC Full Call,RPT-DTC-773293,HMWNR09HK,CAHMWNR09HK6,663PTI,Glenmoor Holdings plc 5.25% 2031,EUR,24688509.53,44399.32,24732908.85,95.5934,2025-08-26,2025-08-26,2025-08-26,2025-08-29,Y,Y,CA-73206,CA-93561,RBA-5882,Y,N,JRN-326434,Pending Approval,N,Y,Y,N,,,,,,N,Y,Variance Investigation
BND-050087,Euroclear,Euroclear Cash and Share Redemption,RPT-Euroclear-819767,NNVKF4SNA,USNNVKF4SNA1,UNFRW8,Juniper Communications SE 5.25% 2031,EUR,21689447.97,495297.58,22184745.549999997,102.6096,2025-12-13,2025-12-13,2025-12-13,,N,Y,CA-13759,CA-51720,RBA-4757,Y,Y,JRN-968113,Pending Approval,N,N,N,N,,,,,,Y,Y,Reconciled
BND-050088,CDS,CDS Daily Redemption,RPT-CDS-471107,T1AU71G4R,CAT1AU71G4R5,M9DQD9,Oakhill Capital NV Sub Notes 2032,CAD,18554836.2,680920.65,19235756.849999998,101.0363,2026-05-18,2026-05-18,2026-05-18,2026-05-20,Y,Y,CA-80246,CA-39913,RBA-5609,Y,Y,JRN-926228,Approved,N,Y,Y,N,,,,,,N,Y,In Progress
BND-050089,BNY,Bank of New York Scheduled Payment,RPT-BNY-695445,LW843F2IV,KYLW843F2IV3,L6Q019,Kestrel Industries NV Conv 4.5% 2027,EUR,24040684.35,935961.74,24976646.09,102.7557,2025-12-21,2025-12-21,2025-12-21,2025-12-24,Y,Y,CA-73855,CA-65268,RBA-1116,N,N,,,N,Y,Y,N,,,,,,Y,Y,Reconciled
BND-050090,DTC,DTC Full Call,RPT-DTC-458136,T1AU71G4R,CAT1AU71G4R5,N1XVSC,Oakhill Capital NV 6.00% 2028,EUR,23177851.07,888449.38,24066300.45,101.1881,2025-10-02,2025-10-02,2025-10-02,2025-10-02,Y,Y,CA-70216,CA-90709,RBA-3226,N,N,,,N,Y,Y,N,,,,,,Y,Y,Reconciled
BND-050091,DTC,DTC Full Call,RPT-DTC-743800,JSRFS7ZJF,CAJSRFS7ZJF3,HZPCQ5,Evergreen Resources Corp Conv 4.5% 2027,GBP,2820324.8,82815.02,2903139.82,100.9229,2025-11-17,2025-11-17,2025-11-17,2025-11-20,Y,N,CA-98350,CA-16168,RBA-6601,N,N,,,N,Y,Y,N,,,,,,Y,Y,Reconciled
BND-050092,Euroclear,Euroclear Final Redemption,RPT-Euroclear-709504,243Q63M0K,GB243Q63M0K8,M60DJ3,Yarrow Aerospace SA 6.00% 2028,EUR,15053211.44,70574.47,15123785.91,103.32,2025-11-24,2025-11-24,2025-11-24,2025-11-27,Y,Y,CA-72895,CA-98548,RBA-2641,N,N,,,N,Y,Y,N,,,,,,Y,Y,In Progress
BND-050093,DTC,DTC Maturity (Not Bond Desk),RPT-DTC-883864,EO530JMR8,KYEO530JMR86,DVFNDP,Juniper Pharmaceuticals SE FRN 2030,USD,7053088.32,33478.21,7086566.53,104.7658,2026-03-15,2026-03-15,2026-03-15,2026-03-17,Y,Y,CA-78712,CA-33466,RBA-3543,Y,Y,JRN-655615,Posted,N,Y,Y,N,,,,,,N,Y,Variance Investigation
BND-050094,BNY,Bank of New York Scheduled Payment,RPT-BNY-285369,J38QTE4MI,BMJ38QTE4MI3,O4RUTA,Evergreen Holdings Ltd Sub Notes 2032,GBP,17045294.81,678643.47,17723938.279999997,100.6871,2025-08-07,2025-08-07,2025-08-07,2025-08-09,Y,Y,CA-70392,CA-49644,RBA-5525,Y,Y,JRN-912942,Posted,Y,Y,Y,N,,,,,,Y,Y,Variance Investigation
BND-050095,Euroclear,Euroclear Cash and Share Redemption,RPT-Euroclear-964578,0I0S2SFXQ,CA0I0S2SFXQ8,2WXFF4,Doverpoint Energy Inc 6.00% 2028,USD,13030935.3,306109.43,13337044.73,98.521,2025-11-20,2025-11-20,2025-11-20,2025-11-20,Y,Y,CA-46961,CA-68726,RBA-7152,N,N,,,N,Y,Y,N,,,,,,Y,Y,In Progress
BND-050096,Euroclear,Euroclear Cash and Share Redemption,RPT-Euroclear-855211,I8OKQ4R2E,USI8OKQ4R2E2,S432ML,Ironbridge Resources NV Sub Notes 2032,GBP,15158386.26,289189.25,15447575.51,97.0115,2026-03-17,2026-03-17,2026-03-17,2026-03-17,Y,Y,CA-72259,CA-42698,RBA-4580,N,N,,,Y,Y,Y,N,,,,,,Y,Y,Reconciled
BND-050097,DTC,DTC Maturity (Not Bond Desk),RPT-DTC-284029,YPU0CQTB7,KYYPU0CQTB77,E1MMC9,Glenmoor Bio Inc Sub Notes 2032,GBP,17768094.92,580369.75,18348464.67,103.763,2026-05-25,2026-05-25,2026-05-25,2026-05-28,Y,Y,CA-92591,CA-72119,RBA-3915,Y,N,JRN-853547,Reversed,N,Y,Y,N,,,,,,Y,Y,In Progress
BND-050098,Euroclear,Euroclear Final Redemption,RPT-Euroclear-824769,IHUZ8ZS9T,USIHUZ8ZS9T7,PENWRC,Pinewright Holdings Corp 6.00% 2028,CAD,21683093.38,246116.74,21929210.119999997,96.7729,2026-04-18,2026-04-18,2026-04-18,2026-04-21,Y,Y,CA-58306,CA-55920,RBA-9698,N,N,,,Y,Y,Y,N,,,,,,Y,Y,In Progress
BND-050099,DTC,DTC Maturity (Not Bond Desk),RPT-DTC-867087,018LUMYCT,GB018LUMYCT2,HAFXET,Oakhill Technology SE Conv 4.5% 2027,USD,3268933.85,96104.99,3365038.8400000003,100.6314,2025-10-19,2025-10-19,2025-10-19,2025-10-21,Y,N,CA-86845,CA-21953,RBA-1224,N,N,,,N,Y,Y,N,,,,,,Y,Y,Reconciled
BND-050100,DTC,DTC Full Call,RPT-DTC-333284,AIEWVKQAJ,KYAIEWVKQAJ4,BQLPF0,Brightcap Bio plc FRN 2030,CAD,8622957.6,96644.21,8719601.81,101.9744,2025-12-18,2025-12-18,2025-12-18,2025-12-21,Y,Y,CA-22629,CA-53760,RBA-3022,N,N,,,N,Y,Y,N,,,,,,Y,Y,Reconciled
BND-050101,State of Israel,Israel Physical Cert Maturity,RPT-State of Israel-100825,YPU0CQTB7,KYYPU0CQTB77,JB5SKX,Glenmoor Bio Inc Sub Notes 2032,USD,16727827.05,83981.51,16811808.560000002,98.6458,2026-01-29,2026-01-29,2026-01-29,2026-01-29,Y,Y,CA-93206,CA-73447,RBA-2661,Y,Y,JRN-921026,Reversed,Y,Y,Y,Y,CERT-789186,VLT-377,XFR-888,2026-01-15,TRK196747126,Y,Y,In Progress
BND-050102,BNY,Bank of New York Scheduled Payment,RPT-BNY-426409,HMWNR09HK,CAHMWNR09HK6,5TBMIE,Glenmoor Holdings plc Conv 4.5% 2027,EUR,21482503.56,215662.03,21698165.59,96.851,2026-01-27,2026-01-27,2026-01-27,,N,Y,CA-11814,CA-78918,RBA-2133,N,N,,,N,N,N,N,,,,,,N,Y,Variance Investigation
BND-050103,Euroclear,Euroclear Cash and Share Redemption,RPT-Euroclear-443397,J38QTE4MI,BMJ38QTE4MI3,V6J7MS,Evergreen Holdings Ltd Sub Notes 2032,CAD,14158990.61,463262.58,14622253.19,96.4894,2025-06-12,2025-06-12,2025-06-12,2025-06-14,Y,Y,CA-77100,CA-15133,RBA-5212,N,N,,,N,Y,Y,N,,,,,,N,Y,Reconciled
BND-050104,Euroclear,Euroclear Final Redemption,RPT-Euroclear-330884,SDAN28YVA,KYSDAN28YVA1,V8OZ22,Yarrow Holdings Inc Sub Notes 2032,CAD,23750586.2,735493.61,24486079.81,97.3914,2025-12-30,2025-12-30,2025-12-30,2025-12-30,Y,Y,CA-96723,CA-55615,RBA-5707,N,N,,,N,Y,Y,Y,CERT-178019,VLT-920,XFR-600,2025-12-19,TRK351215085,Y,Y,Variance Investigation
BND-050105,CDS,CDS Daily Redemption,RPT-CDS-184329,IOQSTII9A,CAIOQSTII9A6,RSM14X,Juniper Mining plc FRN 2030,USD,24219434.94,731344.55,24950779.490000002,95.4633,2025-06-24,2025-06-24,2025-06-24,2025-06-25,Y,Y,CA-57825,CA-48673,RBA-4510,N,N,,,Y,Y,Y,N,,,,,,Y,Y,Reconciled
BND-050106,Euroclear,Euroclear Final Redemption,RPT-Euroclear-611090,YPU0CQTB7,KYYPU0CQTB77,AB9RJ5,Glenmoor Bio Inc 5.25% 2031,USD,10027178.65,210449.5,10237628.15,99.4271,2026-02-06,2026-02-06,2026-02-06,2026-02-08,Y,Y,CA-80482,CA-85946,RBA-7950,N,N,,,N,Y,Y,N,,,,,,Y,Y,Variance Investigation
BND-050107,State of Israel,Israel Physical Cert Maturity,RPT-State of Israel-735859,T1AU71G4R,CAT1AU71G4R5,UB72EH,Oakhill Capital NV Sub Notes 2032,CAD,5488968.27,172734.06,5661702.329999999,102.3598,2025-06-17,2025-06-17,2025-06-17,2025-06-20,Y,Y,CA-35173,CA-80785,RBA-8884,Y,Y,JRN-304827,Approved,N,Y,Y,Y,CERT-668582,VLT-443,XFR-186,2025-06-09,TRK520945739,Y,Y,Variance Investigation
BND-050108,BNY,Bank of New York Scheduled Payment,RPT-BNY-964593,2O31OBP1J,CA2O31OBP1J6,Y4CIPX,Cedarwood Bio Inc 5.25% 2031,USD,7352904.98,32780.69,7385685.670000001,96.4359,2025-08-30,2025-08-30,2025-08-30,2025-08-31,Y,Y,CA-92351,CA-50449,RBA-4982,N,N,,,N,Y,Y,N,,,,,,Y,Y,Variance Investigation
BND-050109,Euroclear,Euroclear Cash and Share Redemption,RPT-Euroclear-656861,2O31OBP1J,CA2O31OBP1J6,TWZGFA,Cedarwood Bio Inc Sub Notes 2032,USD,23278590.87,146165.18,23424756.05,96.4662,2025-10-09,2025-10-09,2025-10-09,2025-10-12,Y,Y,CA-25510,CA-81024,RBA-9644,N,N,,,N,Y,Y,N,,,,,,Y,Y,Reconciled
BND-050110,Euroclear,Euroclear Cash and Share Redemption,RPT-Euroclear-769917,I8OKQ4R2E,USI8OKQ4R2E2,UHZBCV,Ironbridge Resources NV Conv 4.5% 2027,GBP,11656930.54,454820.13,12111750.67,99.3586,2025-08-06,2025-08-06,2025-08-06,2025-08-07,Y,Y,CA-35164,CA-15529,RBA-5977,Y,Y,JRN-330672,Pending Approval,N,Y,Y,N,,,,,,N,Y,Variance Investigation
