Mandatory Event ID,Depository Event ID,Event Source,Event Type,Entry Code,Event Status,Business Line,Security Name,Security Code,CUSIP,ISIN,Jurisdiction,Depository,Depository Account,Submit/Hold Indicator,Submit/Hold Security Name,Submit/Hold Security Code,Submit/Hold ISIN,Submit/Hold Rate,Receive Security Name,Receive Security Code,Receive ISIN,Receive Rate,Receive Currency,Cash Rate,Record Date,Ex Date,Anticipated Payable Date,Actual Payable Date,Publish Date,Holder Count,Total Holdings,Control Account,Payment Required Flag,Payment Received Flag,Payment Processed Flag,Discrepancy Flag,Discrepancy Resolution Notes,Published to DSNet Flag,Published By,Reviewed By,Final Status
MEQ-040001,DEP-91000001,Euroclear,ADR Termination,ADRT,Published,Capital Markets,Fairhaven Energy AG,S137496,1584IYRSN,CA1584IYRSN6,Cayman Islands,DTC,DA-4890,Hold,Fairhaven Energy AG,S137496,CA1584IYRSN6,3.3339,Zephyr Technology Inc,S650358,CA8V5SCD7TS3,2.2885,USD,43.4433,2026-04-27,2026-04-28,2026-05-06,,2026-04-21,2772,9175320,CA-52831,Y,N,N,N,,Y,Pub B,Rev 1,In Progress
MEQ-040002,DEP-91000002,CDS,Warrant Expiration,WEXP,Closed,Direct Investing,Pinewright Mining NV,S559928,ZN4HP21M8,USZN4HP21M83,United States,CDS,DA-1633,Hold,Pinewright Mining NV,S559928,USZN4HP21M83,1.6732,,,,,,,2025-06-19,2025-06-21,2025-06-26,,2025-06-09,1932,7886424,CA-33172,N,N,N,N,,Y,Pub A,Rev 1,In Progress
MEQ-040003,DEP-91000003,Euroclear,Unit Split,USPL,Closed,Direct Investing,Zephyr Properties SE,S031501,E04ZI7CNK,CAE04ZI7CNK2,United States,CDS,DA-6726,Submit,Zephyr Properties SE,S031501,CAE04ZI7CNK2,3.2597,Ironbridge Energy SE,S815678,GBTB8CO0UAE2,2.3985,EUR,26.0613,2025-08-05,2025-08-05,2025-08-18,2025-08-19,2025-07-27,974,2507076,CA-85081,Y,Y,Y,N,,Y,Pub B,Rev 2,Completed
MEQ-040004,DEP-91000004,Broadridge,Pushout / Cancellation,PUSH,Published,Capital Markets,Fairhaven Bio SA,S320626,2YG3UK0V0,BM2YG3UK0V02,Bermuda,CDS,DA-5717,Submit,Fairhaven Bio SA,S320626,BM2YG3UK0V02,1.6333,,,,,,29.7335,2025-10-02,2025-10-04,2025-10-11,2025-10-13,2025-09-28,3987,6670251,CA-75462,Y,Y,Y,N,,Y,Pub C,Rev 2,Completed
MEQ-040005,DEP-91000005,DTC,No Payment / Deemed Worthless,NPMT,Published,Asset Servicing,Westmark Technology plc,S959780,REPZHFPJP,USREPZHFPJP8,Bermuda,Euroclear,DA-8632,Submit,Westmark Technology plc,S959780,USREPZHFPJP8,0.6187,,,,,,,2026-03-14,2026-03-14,2026-03-26,,2026-03-09,1802,893792,CA-23270,N,N,N,N,,Y,Pub A,Rev 3,In Progress
MEQ-040006,DEP-91000006,CDS,Pushout / Cancellation,PUSH,Published,Asset Servicing,Meadowfield Bio Ltd,S882089,BNWJM9ZT4,USBNWJM9ZT49,Cayman Islands,CDS,DA-1594,Hold,Meadowfield Bio Ltd,S882089,USBNWJM9ZT49,3.9023,,,,,,24.9847,2026-04-23,2026-04-23,2026-04-25,2026-04-25,2026-04-13,1572,158772,CA-95252,Y,Y,Y,N,,Y,Pub A,Rev 3,Completed
MEQ-040007,DEP-91000007,CDS,Pushout / Cancellation,PUSH,Pending,Asset Servicing,Meadowfield Energy plc,S228164,5STIX5565,US5STIX55650,Canada,Euroclear,DA-7441,Hold,Meadowfield Energy plc,S228164,US5STIX55650,4.7317,,,,,,15.5379,2025-07-08,2025-07-08,2025-07-17,2025-07-20,2025-06-26,3233,6362544,CA-42738,Y,Y,Y,Y,Reconciled with depository confirmation; variance within tolerance.,Y,Pub A,Rev 1,Completed
MEQ-040008,DEP-91000008,I&TS,Stock Dividend,STDV,Pending,Wealth Management,Doverpoint Aerospace SA,S585288,4VG8898ET,CA4VG8898ET5,Bermuda,Euroclear,DA-5563,Submit,Doverpoint Aerospace SA,S585288,CA4VG8898ET5,2.153,Kestrel Trust SA,S257090,BMYSJU4S4RP1,1.3117,EUR,7.4322,2026-03-03,2026-03-05,2026-03-19,2026-03-22,2026-02-21,1575,7032375,CA-87525,Y,Y,Y,N,,Y,Pub C,Rev 1,Completed
MEQ-040009,DEP-91000009,Issuer Direct,Rights Expiration,REXP,Closed,Direct Investing,Nightingale Pharmaceuticals SE,S437191,XBGFSKFEO,CAXBGFSKFEO4,United States,I&TS,DA-5941,Submit,Nightingale Pharmaceuticals SE,S437191,CAXBGFSKFEO4,1.2094,,,,,,,2025-11-22,2025-11-23,2025-11-28,,2025-11-16,339,1050561,CA-68054,N,N,N,N,,Y,Pub A,Rev 3,In Progress
MEQ-040010,DEP-91000010,Issuer Direct,Redemption,RDMP,Published,Direct Investing,Cedarwood Resources Ltd,S649062,WYKE9O860,BMWYKE9O8602,United Kingdom,CDS,DA-7331,Submit,Cedarwood Resources Ltd,S649062,BMWYKE9O8602,3.4649,,,,,,22.5427,2025-10-26,2025-10-27,2025-11-01,2025-11-02,2025-10-21,2989,9845766,CA-98851,Y,Y,Y,N,,Y,Pub A,Rev 2,Completed
MEQ-040011,DEP-91000011,Issuer Direct,Stock Dividend,STDV,Cancelled,Capital Markets,Evergreen Bank AG,S086943,WJ0U8M084,BMWJ0U8M0845,United States,I&TS,DA-4301,Submit,Evergreen Bank AG,S086943,BMWJ0U8M0845,3.3239,Brightcap Capital SA,S505299,CAJDI5ESH710,2.6058,USD,45.7023,2026-01-05,2026-01-06,2026-01-10,2026-01-11,2025-12-29,3286,5904942,CA-81251,Y,Y,Y,N,,Y,Pub A,Rev 2,Completed
MEQ-040012,DEP-91000012,Euroclear,Merger,MERG,Published,Asset Servicing,Ironbridge Energy SE,S815678,TB8CO0UAE,GBTB8CO0UAE2,Cayman Islands,I&TS,DA-5460,Submit,Ironbridge Energy SE,S815678,GBTB8CO0UAE2,0.8514,Evergreen Holdings plc,S017543,KY02WA2TS4W4,0.3546,USD,35.8171,2025-07-03,2025-07-05,2025-07-17,2025-07-18,2025-06-25,1270,2147570,CA-38946,Y,Y,Y,N,,Y,Pub C,Rev 3,Completed
MEQ-040013,DEP-91000013,CDS,Consolidation,CONS,Published,Wealth Management,Oakhill Industries SA,S918973,SV4W8AHWD,BMSV4W8AHWD9,Canada,Euroclear,DA-6172,Hold,Oakhill Industries SA,S918973,BMSV4W8AHWD9,2.0462,,,,,,14.3856,2025-10-05,2025-10-06,2025-10-17,,2025-09-25,991,85226,CA-44430,Y,N,N,N,,Y,Pub A,Rev 3,In Progress
MEQ-040014,DEP-91000014,DTC,Name Change,NAME,Published,Asset Servicing,Yarrow Aerospace Corp,S205100,9F29Z3D8B,GB9F29Z3D8B5,Bermuda,Euroclear,DA-1271,Submit,Yarrow Aerospace Corp,S205100,GB9F29Z3D8B5,0.5648,,,,,,,2025-07-02,2025-07-02,2025-07-09,,2025-06-21,817,3455093,CA-28678,N,N,N,N,,Y,Pub C,Rev 1,In Progress
MEQ-040015,DEP-91000015,I&TS,Cash and Shares,CASH,Closed,Direct Investing,Nightingale Bank Inc,S352887,UFPYRP15N,CAUFPYRP15N1,United States,DTC,DA-6802,Hold,Nightingale Bank Inc,S352887,CAUFPYRP15N1,4.2694,Zephyr Properties NV,S898920,US2V9BK9CQJ0,1.3839,EUR,49.4133,2026-02-08,2026-02-10,2026-02-21,2026-02-23,2026-01-26,1497,3735015,CA-72372,Y,Y,Y,Y,Reconciled with depository confirmation; variance within tolerance.,Y,Pub A,Rev 3,Completed
MEQ-040016,DEP-91000016,Issuer Direct,No Payment / Deemed Worthless,NPMT,Published,Capital Markets,Westmark Bank AG,S936672,P7XF4BOCX,GBP7XF4BOCX7,United States,CDS,DA-3892,Submit,Westmark Bank AG,S936672,GBP7XF4BOCX7,1.5448,,,,,,,2025-12-16,2025-12-17,2025-12-21,,2025-12-13,2463,1817694,CA-24193,N,N,N,N,,Y,Pub A,Rev 2,In Progress
MEQ-040017,DEP-91000017,Euroclear,Stock Dividend,STDV,Closed,Capital Markets,Westmark Communications Inc,S571551,VXFZTXI76,CAVXFZTXI763,United Kingdom,CDS,DA-1276,Hold,Westmark Communications Inc,S571551,CAVXFZTXI763,1.5795,Westmark Holdings SE,S237200,BMZF3VGZYYV1,0.7865,USD,0.2919,2025-06-13,2025-06-13,2025-06-16,2025-06-18,2025-05-31,1561,3811962,CA-53594,Y,Y,Y,N,,Y,Pub B,Rev 1,Completed
MEQ-040018,DEP-91000018,I&TS,Redemption,RDMP,Pending,Direct Investing,Meadowfield Pharmaceuticals Ltd,S260312,K0PMUJVWY,GBK0PMUJVWY3,Canada,CDS,DA-6860,Hold,Meadowfield Pharmaceuticals Ltd,S260312,GBK0PMUJVWY3,1.3556,,,,,,13.248,2025-12-18,2025-12-20,2026-01-01,2026-01-02,2025-12-06,1441,3732190,CA-27558,Y,Y,Y,N,,Y,Pub A,Rev 2,Completed
MEQ-040019,DEP-91000019,CDS,Stock Dividend,STDV,Published,Asset Servicing,Zephyr Technology Inc,S650358,8V5SCD7TS,CA8V5SCD7TS3,United States,Euroclear,DA-3402,Hold,Zephyr Technology Inc,S650358,CA8V5SCD7TS3,2.6322,Oakhill Logistics Corp,S600207,KYMM1XVFLZZ2,0.999,EUR,21.5656,2025-12-14,2025-12-15,2025-12-30,2025-12-30,2025-12-04,2243,5540210,CA-81661,Y,Y,Y,Y,Reconciled with depository confirmation; variance within tolerance.,Y,Pub A,Rev 3,Completed
MEQ-040020,DEP-91000020,DTC,Consolidation,CONS,Closed,Asset Servicing,Meadowfield Energy plc,S228164,5STIX5565,US5STIX55650,Canada,Euroclear,DA-1259,Hold,Meadowfield Energy plc,S228164,US5STIX55650,3.6335,,,,,,9.2658,2026-01-03,2026-01-03,2026-01-07,2026-01-09,2025-12-29,1486,4750742,CA-86680,Y,Y,Y,N,,Y,Pub A,Rev 3,Completed
MEQ-040021,DEP-91000021,Issuer Direct,Exchange,EXCH,Published,Direct Investing,Westmark Communications NV,S699641,XZLLXH802,KYXZLLXH8020,Canada,DTC,DA-3639,Hold,Westmark Communications NV,S699641,KYXZLLXH8020,1.5336,Brightcap Industries Inc,S432184,KYGZ023BQ123,2.7714,USD,35.5049,2025-10-28,2025-10-30,2025-11-08,2025-11-09,2025-10-25,242,438262,CA-85286,Y,Y,Y,N,,Y,Pub B,Rev 2,Completed
MEQ-040022,DEP-91000022,Euroclear,No Payment / Deemed Worthless,NPMT,Pending,Asset Servicing,Oakhill Aerospace Inc,S735362,EAHJJI2UH,CAEAHJJI2UH0,United Kingdom,DTC,DA-1356,Hold,Oakhill Aerospace Inc,S735362,CAEAHJJI2UH0,2.2482,,,,,,,2026-02-26,2026-02-27,2026-03-08,,2026-02-20,3248,1503824,CA-49205,N,N,N,N,,Y,Pub A,Rev 3,In Progress
MEQ-040023,DEP-91000023,Euroclear,Cash Merger,CMER,Closed,Asset Servicing,Zephyr Resources NV,S793154,GKHRT44H6,BMGKHRT44H63,Bermuda,DTC,DA-2858,Hold,Zephyr Resources NV,S793154,BMGKHRT44H63,0.9567,,,,,,48.4319,2025-07-19,2025-07-21,2025-08-05,2025-08-08,2025-07-07,2314,3093818,CA-64420,Y,Y,Y,N,,Y,Pub A,Rev 1,Completed
MEQ-040024,DEP-91000024,DTC,Warrant Expiration,WEXP,Published,Direct Investing,Oakhill Aerospace Inc,S735362,EAHJJI2UH,CAEAHJJI2UH0,United Kingdom,DTC,DA-6972,Submit,Oakhill Aerospace Inc,S735362,CAEAHJJI2UH0,4.8183,,,,,,,2025-11-01,2025-11-03,2025-11-14,,2025-10-19,1326,2522052,CA-65114,N,N,N,N,,Y,Pub A,Rev 3,In Progress
MEQ-040025,DEP-91000025,I&TS,Pushout / Cancellation,PUSH,Closed,Capital Markets,Westmark Pharmaceuticals SA,S210795,MY3EKSVKF,USMY3EKSVKF9,Cayman Islands,Euroclear,DA-6060,Submit,Westmark Pharmaceuticals SA,S210795,USMY3EKSVKF9,2.8107,,,,,,38.9375,2026-04-06,2026-04-07,2026-04-10,2026-04-13,2026-03-29,3973,7695701,CA-30795,Y,Y,N,N,,Y,Pub C,Rev 3,In Progress
MEQ-040026,DEP-91000026,Issuer Direct,Full Call,FCAL,Published,Direct Investing,Ironbridge Energy Ltd,S534410,ES28GW5H9,BMES28GW5H92,United Kingdom,Euroclear,DA-7870,Submit,Ironbridge Energy Ltd,S534410,BMES28GW5H92,1.8935,,,,,,3.2584,2026-04-08,2026-04-10,2026-04-15,,2026-03-24,3591,1231713,CA-65430,Y,N,N,N,,Y,Pub C,Rev 2,In Progress
MEQ-040027,DEP-91000027,CDS,Stock Dividend,STDV,Pending,Capital Markets,Doverpoint Media Inc,S354664,MF76KEQNZ,KYMF76KEQNZ9,United Kingdom,DTC,DA-5934,Submit,Doverpoint Media Inc,S354664,KYMF76KEQNZ9,2.6145,Ironbridge Energy SE,S815678,GBTB8CO0UAE2,2.3117,CAD,1.5808,2025-06-28,2025-06-28,2025-07-12,2025-07-15,2025-06-13,2211,5149419,CA-20118,Y,Y,Y,N,,Y,Pub C,Rev 3,Completed
MEQ-040028,DEP-91000028,CDS,Cash Merger,CMER,Published,Direct Investing,Verdant Energy Corp,S709794,GQL3ARI8Z,KYGQL3ARI8Z4,United States,CDS,DA-4623,Hold,Verdant Energy Corp,S709794,KYGQL3ARI8Z4,3.7943,,,,,,45.9775,2026-03-30,2026-03-31,2026-04-06,2026-04-07,2026-03-16,2886,6715722,CA-72418,Y,Y,Y,N,,Y,Pub A,Rev 1,Completed
MEQ-040029,DEP-91000029,I&TS,Unit Split,USPL,Closed,Wealth Management,Westmark Industries Corp,S639716,YAS8DLQQ7,KYYAS8DLQQ77,United States,DTC,DA-9269,Hold,Westmark Industries Corp,S639716,KYYAS8DLQQ77,3.9534,Umbra Media SA,S024028,KYHK6W23LHW6,1.2072,USD,26.4799,2025-07-28,2025-07-28,2025-08-02,2025-08-05,2025-07-16,3182,6211264,CA-73269,Y,Y,Y,Y,Reconciled with depository confirmation; variance within tolerance.,Y,Pub C,Rev 3,Completed
MEQ-040030,DEP-91000030,CDS,Consolidation,CONS,Published,Wealth Management,Evergreen Bank AG,S086943,WJ0U8M084,BMWJ0U8M0845,United States,I&TS,DA-8952,Hold,Evergreen Bank AG,S086943,BMWJ0U8M0845,0.7478,,,,,,40.9544,2026-02-11,2026-02-12,2026-02-19,2026-02-19,2026-02-08,558,266166,CA-99731,Y,Y,Y,N,,Y,Pub A,Rev 1,Completed
MEQ-040031,DEP-91000031,Issuer Direct,Name Change,NAME,Cancelled,Asset Servicing,Ironbridge Energy Ltd,S534410,ES28GW5H9,BMES28GW5H92,United Kingdom,Euroclear,DA-8671,Submit,Ironbridge Energy Ltd,S534410,BMES28GW5H92,2.4398,,,,,,,2025-06-16,2025-06-16,2025-06-19,,2025-06-09,1162,4560850,CA-72522,N,N,N,N,,Y,Pub C,Rev 2,In Progress
MEQ-040032,DEP-91000032,CDS,Cash and Shares,CASH,Closed,Capital Markets,Aldergrove Pharmaceuticals SE,S586804,GSTXGSLKX,CAGSTXGSLKX5,Cayman Islands,CDS,DA-9367,Submit,Aldergrove Pharmaceuticals SE,S586804,CAGSTXGSLKX5,3.0427,Meadowfield Properties SA,S854237,CAO3QRU2X838,2.2819,GBP,3.3328,2026-01-15,2026-01-17,2026-01-21,2026-01-23,2026-01-11,2212,6018852,CA-46559,Y,Y,Y,N,,Y,Pub A,Rev 2,Completed
MEQ-040033,DEP-91000033,Issuer Direct,Merger,MERG,Pending,Direct Investing,Cedarwood Bio Corp,S276997,BXHGDKLOM,GBBXHGDKLOM3,Bermuda,DTC,DA-5720,Submit,Cedarwood Bio Corp,S276997,GBBXHGDKLOM3,3.0747,Oakhill Aerospace Inc,S735362,CAEAHJJI2UH0,1.3219,EUR,22.0856,2026-04-01,2026-04-03,2026-04-13,2026-04-15,2026-03-21,2465,1138830,CA-98659,Y,Y,Y,N,,Y,Pub C,Rev 1,Completed
MEQ-040034,DEP-91000034,I&TS,Pushout / Cancellation,PUSH,Closed,Asset Servicing,Glenmoor Properties Ltd,S432700,O2JRH82AK,GBO2JRH82AK4,Cayman Islands,I&TS,DA-3394,Hold,Glenmoor Properties Ltd,S432700,GBO2JRH82AK4,2.0109,,,,,,39.0778,2025-10-21,2025-10-23,2025-10-29,,2025-10-13,1335,6091605,CA-53917,Y,N,N,N,,Y,Pub C,Rev 1,In Progress
MEQ-040035,DEP-91000035,Broadridge,Cash Merger,CMER,Published,Capital Markets,Oakhill Trust SA,S432221,AYUUHZS0P,CAAYUUHZS0P3,United States,DTC,DA-6316,Submit,Oakhill Trust SA,S432221,CAAYUUHZS0P3,3.7158,,,,,,15.2046,2026-04-10,2026-04-11,2026-04-22,2026-04-25,2026-04-01,2589,5048550,CA-40371,Y,Y,Y,N,,Y,Pub C,Rev 1,Completed
MEQ-040036,DEP-91000036,Broadridge,Full Call,FCAL,Published,Direct Investing,Fairhaven Energy AG,S137496,1584IYRSN,CA1584IYRSN6,Cayman Islands,Euroclear,DA-9978,Hold,Fairhaven Energy AG,S137496,CA1584IYRSN6,4.4956,,,,,,25.8361,2026-01-16,2026-01-18,2026-01-21,2026-01-22,2026-01-13,2761,8771697,CA-55443,Y,Y,Y,N,,Y,Pub B,Rev 3,Completed
MEQ-040037,DEP-91000037,CDS,No Payment / Deemed Worthless,NPMT,Pending,Direct Investing,Doverpoint Media Inc,S354664,MF76KEQNZ,KYMF76KEQNZ9,United Kingdom,DTC,DA-9018,Submit,Doverpoint Media Inc,S354664,KYMF76KEQNZ9,2.9749,,,,,,,2025-07-19,2025-07-21,2025-08-03,,2025-07-07,1384,4784488,CA-91780,N,N,N,N,,Y,Pub B,Rev 2,In Progress
MEQ-040038,DEP-91000038,Issuer Direct,Cash and Shares,CASH,Published,Wealth Management,Juniper Holdings Ltd,S405208,DA02RJ5DC,GBDA02RJ5DC9,Bermuda,CDS,DA-3186,Hold,Juniper Holdings Ltd,S405208,GBDA02RJ5DC9,2.6278,Nightingale Communications Inc,S887103,BM6M74JOXLA7,1.2321,USD,44.4638,2025-08-09,2025-08-11,2025-08-17,2025-08-17,2025-07-31,1893,2144769,CA-79575,Y,Y,Y,N,,Y,Pub C,Rev 3,Completed
MEQ-040039,DEP-91000039,I&TS,Name Change,NAME,Published,Wealth Management,Nightingale Communications NV,S907871,PR3TT2SBJ,KYPR3TT2SBJ1,Cayman Islands,CDS,DA-9714,Submit,Nightingale Communications NV,S907871,KYPR3TT2SBJ1,4.1875,,,,,,,2025-08-17,2025-08-18,2025-08-27,,2025-08-02,2791,664258,CA-23666,N,N,N,N,,Y,Pub C,Rev 1,In Progress
MEQ-040040,DEP-91000040,Broadridge,Unit Split,USPL,Pending,Direct Investing,Yarrow Aerospace Corp,S205100,9F29Z3D8B,GB9F29Z3D8B5,Bermuda,Euroclear,DA-3909,Hold,Yarrow Aerospace Corp,S205100,GB9F29Z3D8B5,4.0533,Doverpoint Aerospace NV,S079844,CAWJHIH191Z8,0.8067,USD,40.3018,2025-06-06,2025-06-06,2025-06-13,2025-06-14,2025-05-29,2276,1456640,CA-96801,Y,Y,Y,N,,Y,Pub B,Rev 3,Completed
MEQ-040041,DEP-91000041,Euroclear,Rights Expiration,REXP,Published,Capital Markets,Cedarwood Holdings SE,S512381,NB2WIF3C2,USNB2WIF3C25,United Kingdom,I&TS,DA-8119,Submit,Cedarwood Holdings SE,S512381,USNB2WIF3C25,4.4139,,,,,,,2025-08-16,2025-08-16,2025-08-29,,2025-08-11,764,3110244,CA-58303,N,N,N,N,,Y,Pub C,Rev 1,In Progress
MEQ-040042,DEP-91000042,I&TS,Stock Split,STSP,Published,Direct Investing,Brightcap Energy SE,S849963,EPUSLD2LR,KYEPUSLD2LR1,United Kingdom,CDS,DA-8038,Hold,Brightcap Energy SE,S849963,KYEPUSLD2LR1,1.3458,Doverpoint Logistics AG,S261918,GB2KJYFZQOM3,1.4642,GBP,36.7355,2025-07-21,2025-07-22,2025-07-24,,2025-07-12,386,1129436,CA-55920,Y,N,N,N,,Y,Pub A,Rev 3,In Progress
MEQ-040043,DEP-91000043,I&TS,Rights Expiration,REXP,Published,Capital Markets,Umbra Media SA,S024028,HK6W23LHW,KYHK6W23LHW6,Canada,I&TS,DA-7312,Submit,Umbra Media SA,S024028,KYHK6W23LHW6,1.2494,,,,,,,2025-11-02,2025-11-04,2025-11-07,,2025-10-20,652,974740,CA-96212,N,N,N,N,,Y,Pub A,Rev 1,In Progress
MEQ-040044,DEP-91000044,DTC,Consolidation,CONS,Pending,Direct Investing,Meadowfield Pharmaceuticals Ltd,S260312,K0PMUJVWY,GBK0PMUJVWY3,Canada,CDS,DA-4796,Hold,Meadowfield Pharmaceuticals Ltd,S260312,GBK0PMUJVWY3,4.0162,,,,,,3.3927,2026-04-13,2026-04-14,2026-04-21,2026-04-24,2026-04-01,1228,5614416,CA-45042,Y,Y,Y,N,,Y,Pub B,Rev 2,Completed
MEQ-040045,DEP-91000045,I&TS,Pushout / Cancellation,PUSH,Closed,Asset Servicing,Juniper Bank plc,S646471,15YKTKQS7,US15YKTKQS73,United Kingdom,DTC,DA-5257,Submit,Juniper Bank plc,S646471,US15YKTKQS73,1.8148,,,,,,12.6709,2026-04-24,2026-04-25,2026-04-29,,2026-04-11,1182,400698,CA-15078,Y,N,N,N,,Y,Pub B,Rev 2,In Progress
MEQ-040046,DEP-91000046,CDS,Exchange,EXCH,Published,Wealth Management,Quartz Peak Media NV,S503775,IPUFV2XFR,CAIPUFV2XFR3,Bermuda,DTC,DA-3054,Hold,Quartz Peak Media NV,S503775,CAIPUFV2XFR3,2.9372,Doverpoint Media Inc,S354664,KYMF76KEQNZ9,0.2562,CAD,24.4586,2025-12-28,2025-12-29,2026-01-01,2026-01-01,2025-12-20,1612,6746220,CA-92386,Y,Y,Y,N,,Y,Pub C,Rev 3,Completed
MEQ-040047,DEP-91000047,Euroclear,Pushout / Cancellation,PUSH,Published,Capital Markets,Westmark Pharmaceuticals SA,S210795,MY3EKSVKF,USMY3EKSVKF9,Cayman Islands,Euroclear,DA-2732,Hold,Westmark Pharmaceuticals SA,S210795,USMY3EKSVKF9,0.5631,,,,,,5.3054,2026-02-23,2026-02-24,2026-03-07,2026-03-08,2026-02-10,1277,1803124,CA-58396,Y,Y,Y,N,,Y,Pub B,Rev 3,Completed
MEQ-040048,DEP-91000048,DTC,Pushout / Cancellation,PUSH,Closed,Wealth Management,Pinewright Resources Ltd,S864645,MQ2KI9ZJP,CAMQ2KI9ZJP5,United States,Euroclear,DA-9566,Submit,Pinewright Resources Ltd,S864645,CAMQ2KI9ZJP5,0.7499,,,,,,39.2142,2026-04-27,2026-04-27,2026-05-12,2026-05-14,2026-04-19,1651,4262882,CA-94274,Y,Y,Y,N,,Y,Pub B,Rev 1,Completed
MEQ-040049,DEP-91000049,Euroclear,Consolidation,CONS,Closed,Asset Servicing,Pinewright Aerospace Ltd,S923489,ZNIAUSW0X,GBZNIAUSW0X2,United Kingdom,I&TS,DA-4827,Hold,Pinewright Aerospace Ltd,S923489,GBZNIAUSW0X2,4.3031,,,,,,1.5183,2025-08-21,2025-08-21,2025-08-31,2025-09-03,2025-08-12,1059,350529,CA-24022,Y,Y,Y,N,,Y,Pub C,Rev 3,Completed
MEQ-040050,DEP-91000050,Euroclear,Cash Merger,CMER,Published,Wealth Management,Westmark Technology plc,S959780,REPZHFPJP,USREPZHFPJP8,Bermuda,Euroclear,DA-8522,Hold,Westmark Technology plc,S959780,USREPZHFPJP8,4.7837,,,,,,17.6394,2026-01-13,2026-01-13,2026-01-23,2026-01-24,2026-01-02,2758,5060930,CA-97698,Y,Y,Y,Y,Reconciled with depository confirmation; variance within tolerance.,Y,Pub A,Rev 3,Completed
MEQ-040051,DEP-91000051,Broadridge,Unit Split,USPL,Published,Wealth Management,Westmark Industries Corp,S639716,YAS8DLQQ7,KYYAS8DLQQ77,United States,DTC,DA-4808,Submit,Westmark Industries Corp,S639716,KYYAS8DLQQ77,0.806,Oakhill Aerospace Inc,S735362,CAEAHJJI2UH0,2.7349,EUR,45.2239,2025-10-14,2025-10-14,2025-10-24,2025-10-25,2025-10-06,514,2400380,CA-80081,Y,Y,Y,N,,Y,Pub C,Rev 1,Completed
MEQ-040052,DEP-91000052,Euroclear,Pushout / Cancellation,PUSH,Pending,Asset Servicing,Doverpoint Media Inc,S354664,MF76KEQNZ,KYMF76KEQNZ9,United Kingdom,DTC,DA-2752,Submit,Doverpoint Media Inc,S354664,KYMF76KEQNZ9,4.6821,,,,,,21.6964,2025-10-30,2025-10-31,2025-11-03,2025-11-05,2025-10-15,3145,1946755,CA-21893,Y,Y,Y,N,,Y,Pub A,Rev 1,Completed
MEQ-040053,DEP-91000053,I&TS,Unit Split,USPL,Cancelled,Wealth Management,Oakhill Trust SA,S432221,AYUUHZS0P,CAAYUUHZS0P3,United States,DTC,DA-6466,Hold,Oakhill Trust SA,S432221,CAAYUUHZS0P3,2.1766,Verdant Technology NV,S036040,BMFYXP5NGG33,1.3796,EUR,28.3717,2025-06-14,2025-06-16,2025-06-29,2025-06-30,2025-06-04,1717,8499150,CA-80992,Y,Y,Y,N,,Y,Pub C,Rev 3,Completed
MEQ-040054,DEP-91000054,Issuer Direct,Stock Dividend,STDV,Published,Asset Servicing,Pinewright Mining NV,S559928,ZN4HP21M8,USZN4HP21M83,United States,I&TS,DA-1741,Submit,Pinewright Mining NV,S559928,USZN4HP21M83,3.7446,Meadowfield Communications SE,S058327,USBY8RE4H3U8,1.138,USD,7.3286,2025-06-11,2025-06-13,2025-06-24,,2025-06-05,3980,16771720,CA-53891,Y,N,N,N,,Y,Pub C,Rev 1,In Progress
MEQ-040055,DEP-91000055,CDS,Cash Merger,CMER,Published,Capital Markets,Nightingale Bio Corp,S064073,IH4FCZHOJ,BMIH4FCZHOJ4,Bermuda,I&TS,DA-3174,Submit,Nightingale Bio Corp,S064073,BMIH4FCZHOJ4,1.4841,,,,,,0.1567,2026-02-05,2026-02-07,2026-02-16,2026-02-16,2026-01-22,2490,988530,CA-59555,Y,Y,Y,N,,Y,Pub B,Rev 2,Completed
MEQ-040056,DEP-91000056,Broadridge,Pushout / Cancellation,PUSH,Published,Wealth Management,Pinewright Industries plc,S073457,P7AMV17FX,KYP7AMV17FX7,Bermuda,I&TS,DA-5835,Submit,Pinewright Industries plc,S073457,KYP7AMV17FX7,1.5378,,,,,,18.9993,2025-08-03,2025-08-04,2025-08-16,2025-08-17,2025-07-24,2823,3926793,CA-66323,Y,Y,Y,N,,Y,Pub C,Rev 3,Completed
MEQ-040057,DEP-91000057,Issuer Direct,Partial Call,PCAL,Pending,Capital Markets,Westmark Capital AG,S327353,6LXRQUAZG,CA6LXRQUAZG3,Cayman Islands,I&TS,DA-1209,Submit,Westmark Capital AG,S327353,CA6LXRQUAZG3,0.8879,,,,,,35.3438,2026-02-06,2026-02-06,2026-02-19,2026-02-20,2026-01-26,1405,6779125,CA-51834,Y,Y,Y,N,,Y,Pub B,Rev 2,Completed
MEQ-040058,DEP-91000058,I&TS,No Payment / Deemed Worthless,NPMT,Published,Wealth Management,Meadowfield Bio Ltd,S882089,BNWJM9ZT4,USBNWJM9ZT49,Cayman Islands,CDS,DA-5160,Submit,Meadowfield Bio Ltd,S882089,USBNWJM9ZT49,2.5074,,,,,,,2025-09-12,2025-09-13,2025-09-19,,2025-09-01,1417,3291691,CA-13480,N,N,N,N,,Y,Pub A,Rev 2,In Progress
MEQ-040059,DEP-91000059,Broadridge,Stock Dividend,STDV,Pending,Wealth Management,Westmark Communications Inc,S571551,VXFZTXI76,CAVXFZTXI763,United Kingdom,CDS,DA-5307,Hold,Westmark Communications Inc,S571551,CAVXFZTXI763,2.1976,Cedarwood Industries plc,S673871,KYB463O9A4D0,2.9162,EUR,39.4739,2026-03-07,2026-03-09,2026-03-18,2026-03-20,2026-02-24,2608,4232784,CA-77889,Y,Y,Y,N,,Y,Pub A,Rev 1,Completed
MEQ-040060,DEP-91000060,DTC,Redemption,RDMP,Published,Capital Markets,Juniper Industries NV,S737316,581IBCFO8,BM581IBCFO83,Bermuda,I&TS,DA-6176,Hold,Juniper Industries NV,S737316,BM581IBCFO83,4.9308,,,,,,10.5803,2025-08-12,2025-08-14,2025-08-28,2025-08-29,2025-08-09,3440,1241840,CA-35038,Y,Y,Y,N,,Y,Pub A,Rev 2,Completed
MEQ-040061,DEP-91000061,Issuer Direct,Partial Call,PCAL,Published,Wealth Management,Westmark Communications Inc,S571551,VXFZTXI76,CAVXFZTXI763,United Kingdom,I&TS,DA-7086,Hold,Westmark Communications Inc,S571551,CAVXFZTXI763,0.7706,,,,,,42.3122,2025-09-09,2025-09-09,2025-09-23,2025-09-25,2025-08-27,3737,8359669,CA-12658,Y,Y,Y,N,,Y,Pub A,Rev 1,Completed
MEQ-040062,DEP-91000062,Euroclear,Full Call,FCAL,Closed,Wealth Management,Umbra Technology SE,S970784,MD17LCOGJ,BMMD17LCOGJ6,Bermuda,CDS,DA-3338,Hold,Umbra Technology SE,S970784,BMMD17LCOGJ6,2.9001,,,,,,0.5391,2026-01-11,2026-01-13,2026-01-17,2026-01-17,2025-12-29,28,34832,CA-77622,Y,Y,Y,Y,Reconciled with depository confirmation; variance within tolerance.,Y,Pub B,Rev 1,Completed
MEQ-040063,DEP-91000063,Broadridge,No Payment / Deemed Worthless,NPMT,Published,Capital Markets,Ironbridge Trust Ltd,S233668,TUTZBQQBM,BMTUTZBQQBM4,Canada,DTC,DA-7644,Hold,Ironbridge Trust Ltd,S233668,BMTUTZBQQBM4,3.8584,,,,,,,2025-11-12,2025-11-12,2025-11-25,,2025-11-04,3100,7077300,CA-72779,N,N,N,N,,Y,Pub B,Rev 2,In Progress
MEQ-040064,DEP-91000064,Issuer Direct,Rights Expiration,REXP,Published,Wealth Management,Brightcap Capital SA,S505299,JDI5ESH71,CAJDI5ESH710,United States,DTC,DA-1473,Submit,Brightcap Capital SA,S505299,CAJDI5ESH710,3.1949,,,,,,,2025-12-23,2025-12-23,2025-12-30,,2025-12-16,2630,2879850,CA-11327,N,N,N,N,,Y,Pub B,Rev 3,In Progress
MEQ-040065,DEP-91000065,CDS,ADR Termination,ADRT,Published,Capital Markets,Ironbridge Energy Ltd,S534410,ES28GW5H9,BMES28GW5H92,United Kingdom,Euroclear,DA-9992,Hold,Ironbridge Energy Ltd,S534410,BMES28GW5H92,2.4358,Westmark Technology plc,S959780,USREPZHFPJP8,2.0736,USD,49.0101,2026-02-26,2026-02-26,2026-03-06,2026-03-06,2026-02-21,3636,16329276,CA-52268,Y,Y,Y,N,,Y,Pub A,Rev 3,Completed
MEQ-040066,DEP-91000066,CDS,No Payment / Deemed Worthless,NPMT,Published,Asset Servicing,Yarrow Aerospace Corp,S205100,9F29Z3D8B,GB9F29Z3D8B5,Bermuda,Euroclear,DA-4047,Submit,Yarrow Aerospace Corp,S205100,GB9F29Z3D8B5,1.1373,,,,,,,2026-04-16,2026-04-16,2026-04-23,,2026-04-03,2351,7210517,CA-33044,N,N,N,N,,Y,Pub A,Rev 3,In Progress
MEQ-040067,DEP-91000067,I&TS,Rights Expiration,REXP,Closed,Wealth Management,Northstar Bio SA,S238619,JJ9P5JZZG,CAJJ9P5JZZG3,United States,Euroclear,DA-4520,Submit,Northstar Bio SA,S238619,CAJJ9P5JZZG3,4.272,,,,,,,2025-08-24,2025-08-25,2025-09-08,,2025-08-15,1295,4805745,CA-63294,N,N,N,N,,Y,Pub A,Rev 2,In Progress
MEQ-040068,DEP-91000068,DTC,Warrant Expiration,WEXP,Pending,Wealth Management,Kestrel Trust SA,S257090,YSJU4S4RP,BMYSJU4S4RP1,Cayman Islands,I&TS,DA-3530,Submit,Kestrel Trust SA,S257090,BMYSJU4S4RP1,1.2697,,,,,,,2025-10-21,2025-10-21,2025-10-29,,2025-10-09,1454,4215146,CA-67296,N,N,N,Y,Reconciled with depository confirmation; variance within tolerance.,Y,Pub B,Rev 3,In Progress
MEQ-040069,DEP-91000069,Broadridge,Cash Merger,CMER,Closed,Capital Markets,Oakhill Industries SA,S918973,SV4W8AHWD,BMSV4W8AHWD9,Canada,Euroclear,DA-7890,Submit,Oakhill Industries SA,S918973,BMSV4W8AHWD9,3.8842,,,,,,43.6967,2026-03-05,2026-03-05,2026-03-14,,2026-02-20,1311,1128771,CA-39140,Y,N,N,N,,Y,Pub A,Rev 1,In Progress
MEQ-040070,DEP-91000070,CDS,Cash Merger,CMER,Published,Wealth Management,Yarrow Aerospace Corp,S205100,9F29Z3D8B,GB9F29Z3D8B5,Bermuda,Euroclear,DA-2014,Submit,Yarrow Aerospace Corp,S205100,GB9F29Z3D8B5,4.0841,,,,,,42.0129,2026-03-02,2026-03-04,2026-03-19,2026-03-20,2026-02-18,272,893248,CA-66781,Y,Y,Y,N,,Y,Pub B,Rev 1,Completed
MEQ-040071,DEP-91000071,CDS,Liquidation,LIQ,Published,Direct Investing,Meadowfield Logistics plc,S589485,N0BIMVE3K,BMN0BIMVE3K4,Bermuda,DTC,DA-3727,Submit,Meadowfield Logistics plc,S589485,BMN0BIMVE3K4,1.9349,,,,,,42.5538,2025-06-14,2025-06-16,2025-06-22,2025-06-24,2025-06-09,3425,10648325,CA-35317,Y,Y,Y,N,,Y,Pub B,Rev 2,Completed
MEQ-040072,DEP-91000072,Issuer Direct,Merger,MERG,Published,Asset Servicing,Pinewright Communications SA,S265274,JZWH8FPRH,BMJZWH8FPRH9,United Kingdom,CDS,DA-7469,Submit,Pinewright Communications SA,S265274,BMJZWH8FPRH9,3.208,Nightingale Bio Corp,S064073,BMIH4FCZHOJ4,0.9084,USD,31.2026,2025-08-01,2025-08-03,2025-08-08,2025-08-10,2025-07-29,189,655830,CA-60574,Y,Y,N,N,,Y,Pub C,Rev 3,In Progress
MEQ-040073,DEP-91000073,I&TS,Liquidation,LIQ,Closed,Asset Servicing,Ironbridge Trust Ltd,S233668,TUTZBQQBM,BMTUTZBQQBM4,Canada,DTC,DA-4545,Hold,Ironbridge Trust Ltd,S233668,BMTUTZBQQBM4,2.1559,,,,,,46.8452,2026-04-21,2026-04-22,2026-04-30,2026-05-02,2026-04-13,3354,1827930,CA-45474,Y,Y,Y,N,,Y,Pub A,Rev 3,Completed
MEQ-040074,DEP-91000074,DTC,Pushout / Cancellation,PUSH,Published,Asset Servicing,Westmark Mining SE,S470459,MPXVBOQDE,KYMPXVBOQDE2,United Kingdom,Euroclear,DA-6271,Hold,Westmark Mining SE,S470459,KYMPXVBOQDE2,1.5426,,,,,,20.5291,2025-07-14,2025-07-15,2025-07-21,2025-07-23,2025-07-06,1155,4852155,CA-71316,Y,Y,Y,N,,Y,Pub A,Rev 3,Completed
MEQ-040075,DEP-91000075,CDS,Spin-Off,SPIN,Published,Asset Servicing,Cedarwood Bio Corp,S276997,BXHGDKLOM,GBBXHGDKLOM3,Bermuda,I&TS,DA-1866,Submit,Cedarwood Bio Corp,S276997,GBBXHGDKLOM3,1.2289,Westmark Pharmaceuticals SA,S210795,USMY3EKSVKF9,2.9638,EUR,39.5705,2025-09-24,2025-09-25,2025-10-01,2025-10-02,2025-09-12,3769,8736542,CA-74170,Y,Y,N,N,,Y,Pub B,Rev 1,In Progress
MEQ-040076,DEP-91000076,I&TS,Redemption,RDMP,Published,Direct Investing,Northstar Bio SA,S238619,JJ9P5JZZG,CAJJ9P5JZZG3,United States,DTC,DA-8389,Hold,Northstar Bio SA,S238619,CAJJ9P5JZZG3,2.2306,,,,,,44.9273,2026-03-11,2026-03-13,2026-03-16,2026-03-18,2026-03-03,2025,9835425,CA-41412,Y,Y,Y,N,,Y,Pub C,Rev 2,Completed
MEQ-040077,DEP-91000077,Broadridge,Liquidation,LIQ,Closed,Capital Markets,Westmark Bank NV,S883721,MX4MUPO3Z,GBMX4MUPO3Z9,United States,DTC,DA-2932,Submit,Westmark Bank NV,S883721,GBMX4MUPO3Z9,3.2205,,,,,,20.9513,2025-09-29,2025-09-29,2025-10-03,2025-10-06,2025-09-24,1186,1062656,CA-38173,Y,Y,Y,Y,Reconciled with depository confirmation; variance within tolerance.,Y,Pub C,Rev 1,Completed
MEQ-040078,DEP-91000078,I&TS,Warrant Expiration,WEXP,Cancelled,Capital Markets,Glenmoor Properties Ltd,S432700,O2JRH82AK,GBO2JRH82AK4,Cayman Islands,I&TS,DA-2055,Hold,Glenmoor Properties Ltd,S432700,GBO2JRH82AK4,2.4987,,,,,,,2026-01-04,2026-01-04,2026-01-08,,2025-12-30,3034,9602610,CA-41043,N,N,N,N,,Y,Pub C,Rev 1,In Progress
MEQ-040079,DEP-91000079,Euroclear,Spin-Off,SPIN,Published,Asset Servicing,Pinewright Mining NV,S559928,ZN4HP21M8,USZN4HP21M83,United States,I&TS,DA-3408,Submit,Pinewright Mining NV,S559928,USZN4HP21M83,1.3227,Meadowfield Pharmaceuticals Ltd,S260312,GBK0PMUJVWY3,0.9426,CAD,20.6553,2026-01-29,2026-01-31,2026-02-05,2026-02-05,2026-01-24,3608,17938976,CA-79693,Y,Y,Y,N,,Y,Pub A,Rev 1,Completed
MEQ-040080,DEP-91000080,Euroclear,Rights Expiration,REXP,Closed,Direct Investing,Meadowfield Communications SE,S058327,BY8RE4H3U,USBY8RE4H3U8,Cayman Islands,DTC,DA-9053,Submit,Meadowfield Communications SE,S058327,USBY8RE4H3U8,3.0955,,,,,,,2025-10-15,2025-10-15,2025-10-18,,2025-10-08,3152,8359104,CA-36815,N,N,N,N,,Y,Pub B,Rev 3,In Progress
MEQ-040081,DEP-91000081,I&TS,Consolidation,CONS,Published,Asset Servicing,Brightcap Capital SA,S807955,JC6H1V564,CAJC6H1V5643,United Kingdom,I&TS,DA-8706,Submit,Brightcap Capital SA,S807955,CAJC6H1V5643,3.2856,,,,,,31.0946,2025-06-02,2025-06-04,2025-06-19,2025-06-22,2025-05-24,1466,494042,CA-70645,Y,Y,Y,N,,Y,Pub B,Rev 2,Completed
MEQ-040082,DEP-91000082,Euroclear,Cash Merger,CMER,Closed,Capital Markets,Oakhill Resources Corp,S252282,578AL1VVF,BM578AL1VVF6,United Kingdom,DTC,DA-6560,Submit,Oakhill Resources Corp,S252282,BM578AL1VVF6,1.8554,,,,,,11.5094,2026-01-25,2026-01-27,2026-02-04,2026-02-07,2026-01-16,769,1828682,CA-96590,Y,Y,Y,N,,Y,Pub C,Rev 1,Completed
MEQ-040083,DEP-91000083,DTC,Spin-Off,SPIN,Pending,Direct Investing,Yarrow Aerospace Corp,S205100,9F29Z3D8B,GB9F29Z3D8B5,Bermuda,Euroclear,DA-2689,Submit,Yarrow Aerospace Corp,S205100,GB9F29Z3D8B5,0.6156,Westmark Communications NV,S699641,KYXZLLXH8020,1.7626,CAD,31.4058,2025-10-18,2025-10-18,2025-10-26,2025-10-28,2025-10-06,2892,1553004,CA-87897,Y,Y,Y,Y,Reconciled with depository confirmation; variance within tolerance.,Y,Pub C,Rev 1,Completed
MEQ-040084,DEP-91000084,DTC,Cash Merger,CMER,Published,Capital Markets,Juniper Trust AG,S456674,YSQH43O74,BMYSQH43O740,United Kingdom,DTC,DA-4153,Hold,Juniper Trust AG,S456674,BMYSQH43O740,0.89,,,,,,36.2623,2026-03-02,2026-03-04,2026-03-07,2026-03-07,2026-02-17,223,111500,CA-68150,Y,Y,Y,N,,Y,Pub B,Rev 2,Completed
MEQ-040085,DEP-91000085,DTC,Name Change,NAME,Cancelled,Asset Servicing,Meadowfield Media Inc,S640378,74DN24QPH,CA74DN24QPH4,Cayman Islands,DTC,DA-4228,Submit,Meadowfield Media Inc,S640378,CA74DN24QPH4,3.71,,,,,,,2025-10-24,2025-10-24,2025-11-03,,2025-10-20,2525,4267250,CA-59740,N,N,N,N,,Y,Pub A,Rev 1,In Progress
MEQ-040086,DEP-91000086,DTC,Cash and Shares,CASH,Published,Asset Servicing,Fairhaven Logistics AG,S951288,EKLS5ZYG2,CAEKLS5ZYG24,Bermuda,CDS,DA-5713,Submit,Fairhaven Logistics AG,S951288,CAEKLS5ZYG24,2.0439,Juniper Trust SE,S318943,GB2EPJ4KOM66,1.4419,EUR,31.4071,2025-08-08,2025-08-08,2025-08-22,2025-08-25,2025-08-05,1155,5330325,CA-68980,Y,Y,Y,N,,Y,Pub B,Rev 1,Completed
MEQ-040087,DEP-91000087,I&TS,Cash Merger,CMER,Pending,Wealth Management,Pinewright Communications SA,S265274,JZWH8FPRH,BMJZWH8FPRH9,United Kingdom,CDS,DA-4729,Hold,Pinewright Communications SA,S265274,BMJZWH8FPRH9,2.569,,,,,,42.8986,2025-12-24,2025-12-24,2025-12-27,2025-12-28,2025-12-09,3652,1895388,CA-42114,Y,Y,Y,N,,Y,Pub A,Rev 3,Completed
MEQ-040088,DEP-91000088,I&TS,Unit Split,USPL,Pending,Direct Investing,Ironbridge Bio AG,S037639,RBSOBVMN5,KYRBSOBVMN59,United States,DTC,DA-4865,Submit,Ironbridge Bio AG,S037639,KYRBSOBVMN59,1.2987,Saltmarsh Holdings Ltd,S659233,KYMFJ6SEMJ83,2.0945,GBP,36.6475,2025-10-24,2025-10-26,2025-11-01,2025-11-03,2025-10-15,293,969537,CA-16223,Y,Y,Y,N,,Y,Pub C,Rev 3,Completed
MEQ-040089,DEP-91000089,Euroclear,Cash and Shares,CASH,Closed,Capital Markets,Zephyr Resources NV,S793154,GKHRT44H6,BMGKHRT44H63,Bermuda,DTC,DA-3370,Hold,Zephyr Resources NV,S793154,BMGKHRT44H63,0.9984,Glenmoor Capital SE,S438955,CATKE2XRV0Q7,1.3994,GBP,22.0237,2026-02-21,2026-02-23,2026-03-10,2026-03-10,2026-02-16,850,1977950,CA-55095,Y,Y,Y,N,,Y,Pub C,Rev 1,Completed
MEQ-040090,DEP-91000090,I&TS,Cash and Shares,CASH,Pending,Asset Servicing,Ironbridge Energy SE,S815678,TB8CO0UAE,GBTB8CO0UAE2,Cayman Islands,I&TS,DA-1375,Hold,Ironbridge Energy SE,S815678,GBTB8CO0UAE2,2.997,Oakhill Industries SE,S063931,KY84TO591S15,1.4939,GBP,20.0248,2025-08-10,2025-08-10,2025-08-12,2025-08-15,2025-07-29,290,25230,CA-70207,Y,Y,Y,N,,Y,Pub C,Rev 1,Completed
MEQ-040091,DEP-91000091,CDS,Pushout / Cancellation,PUSH,Pending,Capital Markets,Westmark Capital AG,S327353,6LXRQUAZG,CA6LXRQUAZG3,Cayman Islands,I&TS,DA-1437,Submit,Westmark Capital AG,S327353,CA6LXRQUAZG3,4.5971,,,,,,35.0352,2026-01-12,2026-01-13,2026-01-21,2026-01-22,2026-01-04,3483,1699704,CA-63719,Y,Y,Y,N,,Y,Pub B,Rev 2,Completed
MEQ-040092,DEP-91000092,Broadridge,No Payment / Deemed Worthless,NPMT,Published,Wealth Management,Oakhill Industries SA,S918973,SV4W8AHWD,BMSV4W8AHWD9,Canada,Euroclear,DA-7787,Hold,Oakhill Industries SA,S918973,BMSV4W8AHWD9,1.9431,,,,,,,2026-01-29,2026-01-31,2026-02-14,,2026-01-18,187,914804,CA-75214,N,N,N,Y,Reconciled with depository confirmation; variance within tolerance.,Y,Pub C,Rev 2,In Progress
MEQ-040093,DEP-91000093,CDS,Stock Dividend,STDV,Published,Wealth Management,Yarrow Aerospace Corp,S205100,9F29Z3D8B,GB9F29Z3D8B5,Bermuda,Euroclear,DA-2051,Submit,Yarrow Aerospace Corp,S205100,GB9F29Z3D8B5,2.2512,Westmark Bank NV,S883721,GBMX4MUPO3Z9,2.0411,CAD,27.8832,2025-12-03,2025-12-05,2025-12-16,2025-12-19,2025-11-26,608,956992,CA-50498,Y,Y,Y,N,,Y,Pub A,Rev 2,Completed
MEQ-040094,DEP-91000094,I&TS,ADR Termination,ADRT,Published,Direct Investing,Fairhaven Bio SA,S320626,2YG3UK0V0,BM2YG3UK0V02,Bermuda,DTC,DA-3769,Submit,Fairhaven Bio SA,S320626,BM2YG3UK0V02,2.1485,Oakhill Resources Corp,S252282,BM578AL1VVF6,2.0364,EUR,3.9115,2025-06-28,2025-06-29,2025-07-07,2025-07-07,2025-06-19,1630,6873710,CA-96299,Y,Y,Y,N,,Y,Pub C,Rev 2,Completed
MEQ-040095,DEP-91000095,DTC,Stock Dividend,STDV,Published,Asset Servicing,Doverpoint Media SE,S586514,B5LQ0YNTP,CAB5LQ0YNTP1,Canada,Euroclear,DA-5478,Hold,Doverpoint Media SE,S586514,CAB5LQ0YNTP1,1.8313,Nightingale Communications Inc,S887103,BM6M74JOXLA7,2.0279,USD,47.5377,2025-10-20,2025-10-22,2025-11-06,2025-11-06,2025-10-07,3128,6415528,CA-20573,Y,Y,Y,N,,Y,Pub A,Rev 3,Completed
MEQ-040096,DEP-91000096,DTC,Stock Dividend,STDV,Pending,Capital Markets,Saltmarsh Resources Corp,S421737,UOOXI3CQU,CAUOOXI3CQU6,Bermuda,I&TS,DA-5160,Submit,Saltmarsh Resources Corp,S421737,CAUOOXI3CQU6,2.6735,Oakhill Trust SA,S432221,CAAYUUHZS0P3,0.6068,EUR,46.9008,2025-11-10,2025-11-10,2025-11-15,2025-11-18,2025-10-26,1679,3507431,CA-24493,Y,Y,Y,N,,Y,Pub B,Rev 3,Completed
MEQ-040097,DEP-91000097,Broadridge,Redemption,RDMP,Published,Asset Servicing,Harborlight Aerospace Inc,S271586,ZM2NGCQVP,CAZM2NGCQVP3,Canada,I&TS,DA-2092,Hold,Harborlight Aerospace Inc,S271586,CAZM2NGCQVP3,1.7292,,,,,,39.3957,2025-10-29,2025-10-31,2025-11-08,2025-11-09,2025-10-26,2299,701195,CA-88142,Y,Y,Y,N,,Y,Pub B,Rev 3,Completed
MEQ-040098,DEP-91000098,Broadridge,Full Call,FCAL,Pending,Capital Markets,Cedarwood Resources Ltd,S649062,WYKE9O860,BMWYKE9O8602,United Kingdom,DTC,DA-8824,Submit,Cedarwood Resources Ltd,S649062,BMWYKE9O8602,0.7999,,,,,,40.6505,2025-11-09,2025-11-11,2025-11-24,2025-11-26,2025-11-01,3652,17036580,CA-15277,Y,Y,Y,N,,Y,Pub C,Rev 3,Completed
MEQ-040099,DEP-91000099,Issuer Direct,Full Call,FCAL,Cancelled,Capital Markets,Aldergrove Bank Inc,S068458,PR4M98UVB,USPR4M98UVB4,United States,CDS,DA-1413,Submit,Aldergrove Bank Inc,S068458,USPR4M98UVB4,0.531,,,,,,19.2058,2025-11-05,2025-11-07,2025-11-09,2025-11-12,2025-11-02,3539,15253090,CA-62155,Y,Y,Y,N,,Y,Pub C,Rev 1,Completed
MEQ-040100,DEP-91000100,Euroclear,Exchange,EXCH,Pending,Capital Markets,Brightcap Industries plc,S179923,IYTFUDECA,GBIYTFUDECA0,Bermuda,CDS,DA-3882,Submit,Brightcap Industries plc,S179923,GBIYTFUDECA0,2.8666,Oakhill Bio AG,S396443,GBZFEPBYB0O0,1.8638,EUR,0.1252,2026-04-17,2026-04-17,2026-04-27,2026-04-28,2026-04-07,2729,4461915,CA-64114,Y,Y,Y,N,,Y,Pub A,Rev 3,Completed
MEQ-040101,DEP-91000101,I&TS,Full Call,FCAL,Pending,Asset Servicing,Yarrow Logistics SA,S749999,XN2XOM36P,CAXN2XOM36P9,Canada,CDS,DA-7066,Submit,Yarrow Logistics SA,S749999,CAXN2XOM36P9,3.8978,,,,,,36.9945,2026-04-21,2026-04-22,2026-05-06,,2026-04-06,1145,1306445,CA-23129,Y,N,N,N,,Y,Pub B,Rev 3,In Progress
MEQ-040102,DEP-91000102,Euroclear,Name Change,NAME,Cancelled,Direct Investing,Doverpoint Media Inc,S354664,MF76KEQNZ,KYMF76KEQNZ9,United Kingdom,DTC,DA-4836,Submit,Doverpoint Media Inc,S354664,KYMF76KEQNZ9,1.4997,,,,,,,2025-11-05,2025-11-06,2025-11-19,,2025-10-31,2800,10774400,CA-49543,N,N,N,N,,Y,Pub A,Rev 2,In Progress
MEQ-040103,DEP-91000103,Broadridge,Consolidation,CONS,Pending,Wealth Management,Umbra Trust SE,S281943,9JWT9UK7L,US9JWT9UK7L3,United States,Euroclear,DA-4231,Submit,Umbra Trust SE,S281943,US9JWT9UK7L3,2.6555,,,,,,46.6597,2026-02-17,2026-02-17,2026-02-25,2026-02-27,2026-02-05,403,1802216,CA-65839,Y,Y,Y,N,,Y,Pub C,Rev 3,Completed
MEQ-040104,DEP-91000104,Issuer Direct,ADR Termination,ADRT,Closed,Direct Investing,Brightcap Energy SE,S849963,EPUSLD2LR,KYEPUSLD2LR1,United Kingdom,CDS,DA-3733,Submit,Brightcap Energy SE,S849963,KYEPUSLD2LR1,4.6051,Meadowfield Capital SE,S469648,GBUT9KRWR578,1.605,CAD,21.8117,2025-11-26,2025-11-27,2025-12-06,2025-12-06,2025-11-14,2817,6884748,CA-65833,Y,Y,Y,N,,Y,Pub A,Rev 2,Completed
MEQ-040105,DEP-91000105,I&TS,Cash Merger,CMER,Closed,Direct Investing,Juniper Holdings Ltd,S405208,DA02RJ5DC,GBDA02RJ5DC9,Bermuda,CDS,DA-8700,Hold,Juniper Holdings Ltd,S405208,GBDA02RJ5DC9,4.87,,,,,,44.4637,2025-09-23,2025-09-25,2025-09-28,,2025-09-11,896,413952,CA-56379,Y,N,N,N,,Y,Pub B,Rev 2,In Progress
MEQ-040106,DEP-91000106,CDS,Cash and Shares,CASH,Cancelled,Wealth Management,Meadowfield Bio Ltd,S882089,BNWJM9ZT4,USBNWJM9ZT49,Cayman Islands,CDS,DA-1322,Submit,Meadowfield Bio Ltd,S882089,USBNWJM9ZT49,3.7362,Meadowfield Logistics plc,S589485,BMN0BIMVE3K4,2.8461,CAD,30.7178,2026-03-10,2026-03-11,2026-03-23,2026-03-26,2026-02-28,1040,2184000,CA-88814,Y,Y,Y,N,,Y,Pub A,Rev 2,Completed
MEQ-040107,DEP-91000107,I&TS,Consolidation,CONS,Pending,Wealth Management,Zephyr Properties NV,S898920,2V9BK9CQJ,US2V9BK9CQJ0,Cayman Islands,I&TS,DA-6541,Hold,Zephyr Properties NV,S898920,US2V9BK9CQJ0,2.2396,,,,,,34.0017,2025-10-18,2025-10-18,2025-10-23,2025-10-24,2025-10-09,1341,4195989,CA-30171,Y,Y,Y,N,,Y,Pub C,Rev 3,Completed
MEQ-040108,DEP-91000108,I&TS,Stock Split,STSP,Published,Direct Investing,Doverpoint Media Inc,S354664,MF76KEQNZ,KYMF76KEQNZ9,United Kingdom,DTC,DA-2644,Submit,Doverpoint Media Inc,S354664,KYMF76KEQNZ9,1.0093,Juniper Media SA,S822287,CAFN5DYYPIP5,1.9419,USD,19.2637,2026-01-13,2026-01-15,2026-01-29,2026-02-01,2026-01-02,3262,14414778,CA-64372,Y,Y,Y,N,,Y,Pub A,Rev 1,Completed
MEQ-040109,DEP-91000109,I&TS,Full Call,FCAL,Published,Capital Markets,Pinewright Mining NV,S559928,ZN4HP21M8,USZN4HP21M83,United States,DTC,DA-3820,Submit,Pinewright Mining NV,S559928,USZN4HP21M83,3.257,,,,,,41.6451,2026-04-09,2026-04-11,2026-04-16,2026-04-17,2026-03-28,118,374650,CA-86716,Y,Y,Y,N,,Y,Pub B,Rev 3,Completed
MEQ-040110,DEP-91000110,Euroclear,Warrant Expiration,WEXP,Closed,Wealth Management,Ironbridge Energy Ltd,S534410,ES28GW5H9,BMES28GW5H92,United Kingdom,Euroclear,DA-7168,Hold,Ironbridge Energy Ltd,S534410,BMES28GW5H92,1.6416,,,,,,,2025-11-25,2025-11-26,2025-12-04,,2025-11-15,2731,6980436,CA-33581,N,N,N,N,,Y,Pub B,Rev 3,In Progress
MEQ-040111,DEP-91000111,Broadridge,Exchange,EXCH,Pending,Wealth Management,Oakhill Bio AG,S396443,ZFEPBYB0O,GBZFEPBYB0O0,Cayman Islands,Euroclear,DA-6904,Submit,Oakhill Bio AG,S396443,GBZFEPBYB0O0,4.4988,Oakhill Trust SA,S432221,CAAYUUHZS0P3,2.6794,EUR,27.0125,2025-12-20,2025-12-21,2026-01-05,2026-01-08,2025-12-06,510,2421990,CA-84754,Y,Y,Y,N,,Y,Pub C,Rev 3,Completed
MEQ-040112,DEP-91000112,DTC,Cash and Shares,CASH,Published,Direct Investing,Riverstone Resources SA,S267070,JPAUSQ8OW,USJPAUSQ8OW6,Cayman Islands,DTC,DA-7381,Submit,Riverstone Resources SA,S267070,USJPAUSQ8OW6,1.2153,Doverpoint Media SE,S586514,CAB5LQ0YNTP1,2.776,EUR,19.8469,2025-09-26,2025-09-27,2025-10-04,2025-10-05,2025-09-18,2004,6256488,CA-96786,Y,Y,Y,N,,Y,Pub C,Rev 2,Completed
MEQ-040113,DEP-91000113,Issuer Direct,Cash Merger,CMER,Pending,Capital Markets,Aldergrove Pharmaceuticals SE,S586804,GSTXGSLKX,CAGSTXGSLKX5,Cayman Islands,CDS,DA-1275,Submit,Aldergrove Pharmaceuticals SE,S586804,CAGSTXGSLKX5,3.665,,,,,,47.4721,2025-10-03,2025-10-03,2025-10-07,2025-10-09,2025-09-18,3229,629655,CA-39916,Y,Y,Y,N,,Y,Pub C,Rev 3,Completed
MEQ-040114,DEP-91000114,I&TS,Cash and Shares,CASH,Published,Capital Markets,Pinewright Industries plc,S073457,P7AMV17FX,KYP7AMV17FX7,Bermuda,I&TS,DA-1338,Hold,Pinewright Industries plc,S073457,KYP7AMV17FX7,3.9351,Kestrel Holdings NV,S997319,USXVSDIEX0Q9,0.6696,EUR,43.1174,2025-09-29,2025-09-29,2025-10-13,2025-10-16,2025-09-23,109,330706,CA-34423,Y,Y,Y,N,,Y,Pub A,Rev 1,Completed
MEQ-040115,DEP-91000115,DTC,Partial Call,PCAL,Closed,Wealth Management,Larkspur Aerospace AG,S130331,JXIO6L01A,CAJXIO6L01A7,United States,Euroclear,DA-5631,Submit,Larkspur Aerospace AG,S130331,CAJXIO6L01A7,4.0224,,,,,,49.3116,2025-08-31,2025-08-31,2025-09-12,,2025-08-21,3592,8046080,CA-10975,Y,N,N,N,,Y,Pub B,Rev 3,In Progress
MEQ-040116,DEP-91000116,Issuer Direct,Full Call,FCAL,Published,Capital Markets,Oakhill Bio AG,S396443,ZFEPBYB0O,GBZFEPBYB0O0,Cayman Islands,Euroclear,DA-5970,Hold,Oakhill Bio AG,S396443,GBZFEPBYB0O0,3.4027,,,,,,26.2973,2025-11-13,2025-11-15,2025-11-17,2025-11-18,2025-11-03,2706,8935212,CA-53035,Y,Y,Y,N,,Y,Pub B,Rev 3,Completed
MEQ-040117,DEP-91000117,Issuer Direct,ADR Termination,ADRT,Closed,Direct Investing,Kestrel Holdings NV,S997319,XVSDIEX0Q,USXVSDIEX0Q9,United Kingdom,Euroclear,DA-9672,Submit,Kestrel Holdings NV,S997319,USXVSDIEX0Q9,1.5881,Brightcap Industries plc,S179923,GBIYTFUDECA0,0.9119,CAD,15.1022,2025-12-23,2025-12-25,2026-01-04,2026-01-06,2025-12-10,3276,2404584,CA-80757,Y,Y,Y,N,,Y,Pub B,Rev 1,Completed
MEQ-040118,DEP-91000118,Issuer Direct,Stock Dividend,STDV,Published,Direct Investing,Juniper Bank plc,S646471,15YKTKQS7,US15YKTKQS73,United Kingdom,DTC,DA-7781,Hold,Juniper Bank plc,S646471,US15YKTKQS73,2.9092,Ironbridge Bio AG,S037639,KYRBSOBVMN59,2.5335,EUR,35.7601,2025-11-01,2025-11-01,2025-11-11,2025-11-12,2025-10-18,575,2687550,CA-28495,Y,Y,Y,Y,Reconciled with depository confirmation; variance within tolerance.,Y,Pub C,Rev 3,Completed
MEQ-040119,DEP-91000119,Issuer Direct,No Payment / Deemed Worthless,NPMT,Closed,Wealth Management,Fairhaven Logistics AG,S951288,EKLS5ZYG2,CAEKLS5ZYG24,Bermuda,CDS,DA-3985,Hold,Fairhaven Logistics AG,S951288,CAEKLS5ZYG24,2.3207,,,,,,,2026-03-11,2026-03-13,2026-03-24,,2026-03-08,3819,9982866,CA-25954,N,N,N,N,,Y,Pub A,Rev 3,In Progress
MEQ-040120,DEP-91000120,Issuer Direct,Full Call,FCAL,Published,Direct Investing,Cedarwood Resources SE,S016798,NIM4FYJ1L,BMNIM4FYJ1L8,United States,Euroclear,DA-2223,Submit,Cedarwood Resources SE,S016798,BMNIM4FYJ1L8,4.0854,,,,,,17.9718,2025-08-26,2025-08-28,2025-09-06,2025-09-06,2025-08-23,2032,1418336,CA-92866,Y,Y,N,N,,Y,Pub C,Rev 2,In Progress
MEQ-040121,DEP-91000121,I&TS,Consolidation,CONS,Published,Asset Servicing,Nightingale Bank Inc,S352887,UFPYRP15N,CAUFPYRP15N1,United States,DTC,DA-6984,Hold,Nightingale Bank Inc,S352887,CAUFPYRP15N1,1.2116,,,,,,19.4233,2025-07-22,2025-07-24,2025-08-06,2025-08-06,2025-07-13,218,798098,CA-35502,Y,Y,Y,N,,Y,Pub C,Rev 2,Completed
MEQ-040122,DEP-91000122,Broadridge,Cash Merger,CMER,Pending,Wealth Management,Brightcap Resources AG,S452948,8BKK9TOR1,BM8BKK9TOR17,Cayman Islands,DTC,DA-6644,Submit,Brightcap Resources AG,S452948,BM8BKK9TOR17,4.5498,,,,,,30.4243,2025-11-27,2025-11-29,2025-12-13,2025-12-15,2025-11-15,2252,3891456,CA-54434,Y,Y,Y,Y,Reconciled with depository confirmation; variance within tolerance.,Y,Pub A,Rev 3,Completed
MEQ-040123,DEP-91000123,I&TS,Merger,MERG,Closed,Wealth Management,Meadowfield Logistics plc,S589485,N0BIMVE3K,BMN0BIMVE3K4,Bermuda,DTC,DA-1346,Hold,Meadowfield Logistics plc,S589485,BMN0BIMVE3K4,3.998,Pinewright Industries plc,S073457,KYP7AMV17FX7,1.208,EUR,30.2861,2026-02-13,2026-02-14,2026-02-20,2026-02-22,2026-02-08,1686,613704,CA-56540,Y,Y,N,N,,Y,Pub B,Rev 3,In Progress
MEQ-040124,DEP-91000124,I&TS,Consolidation,CONS,Published,Wealth Management,Brightcap Capital SA,S807955,JC6H1V564,CAJC6H1V5643,United Kingdom,I&TS,DA-1264,Hold,Brightcap Capital SA,S807955,CAJC6H1V5643,2.0519,,,,,,9.4361,2025-12-19,2025-12-19,2025-12-22,2025-12-24,2025-12-04,2287,9580243,CA-99547,Y,Y,Y,N,,Y,Pub A,Rev 3,Completed
MEQ-040125,DEP-91000125,Euroclear,Merger,MERG,Pending,Capital Markets,Meadowfield Communications SE,S058327,BY8RE4H3U,USBY8RE4H3U8,Cayman Islands,DTC,DA-6556,Hold,Meadowfield Communications SE,S058327,USBY8RE4H3U8,3.1422,Aldergrove Pharmaceuticals SE,S586804,CAGSTXGSLKX5,1.1159,USD,48.2621,2026-01-18,2026-01-18,2026-02-01,2026-02-02,2026-01-12,3734,17968008,CA-15043,Y,Y,Y,N,,Y,Pub C,Rev 2,Completed
MEQ-040126,DEP-91000126,I&TS,Pushout / Cancellation,PUSH,Cancelled,Wealth Management,Nightingale Pharmaceuticals SE,S437191,XBGFSKFEO,CAXBGFSKFEO4,United States,I&TS,DA-8826,Submit,Nightingale Pharmaceuticals SE,S437191,CAXBGFSKFEO4,4.0064,,,,,,6.4264,2025-06-12,2025-06-13,2025-06-24,2025-06-27,2025-05-31,725,2594050,CA-45066,Y,Y,Y,N,,Y,Pub B,Rev 1,Completed
MEQ-040127,DEP-91000127,I&TS,Consolidation,CONS,Published,Direct Investing,Kestrel Holdings NV,S997319,XVSDIEX0Q,USXVSDIEX0Q9,United Kingdom,Euroclear,DA-8293,Hold,Kestrel Holdings NV,S997319,USXVSDIEX0Q9,4.1977,,,,,,28.824,2026-03-08,2026-03-10,2026-03-12,2026-03-15,2026-03-01,1457,3163147,CA-22917,Y,Y,Y,N,,Y,Pub C,Rev 3,Completed
MEQ-040128,DEP-91000128,Euroclear,Partial Call,PCAL,Published,Direct Investing,Brightcap Industries Inc,S432184,GZ023BQ12,KYGZ023BQ123,United Kingdom,I&TS,DA-9593,Submit,Brightcap Industries Inc,S432184,KYGZ023BQ123,2.9822,,,,,,7.0955,2026-02-02,2026-02-03,2026-02-05,2026-02-05,2026-01-23,1330,2999150,CA-53754,Y,Y,Y,N,,Y,Pub B,Rev 2,Completed
MEQ-040129,DEP-91000129,I&TS,Rights Expiration,REXP,Pending,Direct Investing,Zephyr Properties NV,S898920,2V9BK9CQJ,US2V9BK9CQJ0,Cayman Islands,I&TS,DA-4014,Hold,Zephyr Properties NV,S898920,US2V9BK9CQJ0,3.343,,,,,,,2025-11-20,2025-11-22,2025-11-24,,2025-11-06,2535,9645675,CA-47629,N,N,N,N,,Y,Pub C,Rev 1,In Progress
MEQ-040130,DEP-91000130,Broadridge,Full Call,FCAL,Published,Wealth Management,Ironbridge Bio AG,S037639,RBSOBVMN5,KYRBSOBVMN59,United States,DTC,DA-6708,Submit,Ironbridge Bio AG,S037639,KYRBSOBVMN59,4.2141,,,,,,21.4077,2026-02-28,2026-03-02,2026-03-17,,2026-02-23,1519,4471936,CA-75650,Y,N,N,N,,Y,Pub B,Rev 3,In Progress
MEQ-040131,DEP-91000131,DTC,Warrant Expiration,WEXP,Cancelled,Capital Markets,Meadowfield Bio Ltd,S882089,BNWJM9ZT4,USBNWJM9ZT49,Cayman Islands,CDS,DA-3713,Hold,Meadowfield Bio Ltd,S882089,USBNWJM9ZT49,2.8263,,,,,,,2026-04-07,2026-04-09,2026-04-21,,2026-03-23,3611,17816674,CA-31670,N,N,N,N,,Y,Pub B,Rev 1,In Progress
MEQ-040132,DEP-91000132,I&TS,Exchange,EXCH,Published,Capital Markets,Harborlight Mining SA,S131933,GF99CJYLP,CAGF99CJYLP8,United Kingdom,DTC,DA-3458,Submit,Harborlight Mining SA,S131933,CAGF99CJYLP8,3.4604,Zephyr Technology Inc,S650358,CA8V5SCD7TS3,1.108,USD,24.4625,2026-01-27,2026-01-27,2026-02-03,2026-02-06,2026-01-17,2908,9023524,CA-88618,Y,Y,Y,N,,Y,Pub C,Rev 1,Completed
MEQ-040133,DEP-91000133,DTC,Unit Split,USPL,Published,Wealth Management,Pinewright Industries plc,S073457,P7AMV17FX,KYP7AMV17FX7,Bermuda,I&TS,DA-1356,Hold,Pinewright Industries plc,S073457,KYP7AMV17FX7,3.7784,Saltmarsh Holdings Ltd,S659233,KYMFJ6SEMJ83,2.1217,USD,48.6781,2026-01-28,2026-01-30,2026-02-13,2026-02-15,2026-01-20,263,746131,CA-16139,Y,Y,Y,N,,Y,Pub C,Rev 2,Completed
MEQ-040134,DEP-91000134,Issuer Direct,Exchange,EXCH,Published,Direct Investing,Harborlight Aerospace Inc,S271586,ZM2NGCQVP,CAZM2NGCQVP3,Canada,I&TS,DA-5895,Hold,Harborlight Aerospace Inc,S271586,CAZM2NGCQVP3,0.9538,Cedarwood Industries plc,S673871,KYB463O9A4D0,2.5766,EUR,46.2364,2025-09-17,2025-09-17,2025-09-26,2025-09-27,2025-09-02,3368,7322032,CA-46276,Y,Y,Y,N,,Y,Pub C,Rev 3,Completed
MEQ-040135,DEP-91000135,Issuer Direct,Name Change,NAME,Pending,Direct Investing,Westmark Pharmaceuticals SA,S210795,MY3EKSVKF,USMY3EKSVKF9,Cayman Islands,Euroclear,DA-7780,Submit,Westmark Pharmaceuticals SA,S210795,USMY3EKSVKF9,2.335,,,,,,,2026-02-20,2026-02-22,2026-03-03,,2026-02-05,2531,4748156,CA-29134,N,N,N,N,,Y,Pub C,Rev 3,In Progress
MEQ-040136,DEP-91000136,I&TS,Rights Expiration,REXP,Pending,Asset Servicing,Nightingale Communications NV,S907871,PR3TT2SBJ,KYPR3TT2SBJ1,Cayman Islands,CDS,DA-1711,Hold,Nightingale Communications NV,S907871,KYPR3TT2SBJ1,4.8193,,,,,,,2025-09-28,2025-09-29,2025-10-08,,2025-09-13,1252,5920708,CA-87258,N,N,N,N,,Y,Pub C,Rev 2,In Progress
MEQ-040137,DEP-91000137,CDS,Warrant Expiration,WEXP,Cancelled,Direct Investing,Zephyr Communications plc,S519946,NOS5NV2EQ,USNOS5NV2EQ2,Bermuda,DTC,DA-4625,Submit,Zephyr Communications plc,S519946,USNOS5NV2EQ2,0.521,,,,,,,2025-11-12,2025-11-12,2025-11-23,,2025-10-30,2320,7955280,CA-62683,N,N,N,N,,Y,Pub B,Rev 3,In Progress
MEQ-040138,DEP-91000138,DTC,Consolidation,CONS,Published,Wealth Management,Umbra Technology SE,S970784,MD17LCOGJ,BMMD17LCOGJ6,Bermuda,CDS,DA-8410,Hold,Umbra Technology SE,S970784,BMMD17LCOGJ6,1.7761,,,,,,24.9222,2025-12-15,2025-12-16,2025-12-25,2025-12-26,2025-12-12,2671,5368710,CA-49506,Y,Y,Y,N,,Y,Pub C,Rev 3,Completed
MEQ-040139,DEP-91000139,Euroclear,Cash and Shares,CASH,Published,Asset Servicing,Westmark Communications NV,S699641,XZLLXH802,KYXZLLXH8020,Canada,DTC,DA-3590,Submit,Westmark Communications NV,S699641,KYXZLLXH8020,1.4125,Oakhill Logistics Corp,S600207,KYMM1XVFLZZ2,0.2913,CAD,7.2238,2025-12-21,2025-12-21,2025-12-23,2025-12-24,2025-12-07,193,650217,CA-74598,Y,Y,Y,N,,Y,Pub C,Rev 1,Completed
MEQ-040140,DEP-91000140,Broadridge,Liquidation,LIQ,Cancelled,Capital Markets,Juniper Bank plc,S646471,15YKTKQS7,US15YKTKQS73,United Kingdom,DTC,DA-5930,Submit,Juniper Bank plc,S646471,US15YKTKQS73,4.9283,,,,,,19.4995,2026-03-06,2026-03-06,2026-03-14,2026-03-14,2026-03-02,93,34410,CA-16968,Y,Y,Y,N,,Y,Pub C,Rev 1,Completed
