Voluntary Event ID,Bank Event ID,Depository Event ID,Depository,Security Name,Security Code,CUSIP,ISIN,SEDOL,Jurisdiction,Event Type,Offeror,New/Update Indicator,Event Status,Input Date,Release Date,Reorg Expiry Date,Issuer Expiry Date,Expiry Time,Special Handling Code,Publishing Officer,Processing Officer,Reviewer,Announcement Hyperlink,DSNet Published Flag,REOR Created Flag,TradeLink Available Flag,ServiceLink Instructions Flag,Number of Holders,Total Holdings,Tendered Shares,Number of Instructions,Over-Election Flag,Oversubscription Flag,Documentation Required Flag,Dutch Auction Flag,Concurrent Event Flag,Physical Certificate Required Flag,Final Status
VES-030001,BNK-0600001,DEP-09000001,I&TS,Evergreen Bank AG,S086943,WJ0U8M084,BMWJ0U8M0845,WQFP206,United States,Consent Solicitation,Northbridge Strategic,Update,Pending,2025-10-08,2025-10-10,2025-11-17,2025-11-19,20:00 ET,BR-MISMATCH,P. Officer A,Pr. Officer C,Rev B,https://internal.example/ann/30001,N,N,Y,N,2033,7101269,4504636,1301,N,N,N,N,N,N,Pending
VES-030002,BNK-0600002,DEP-09000002,CDS,Brightcap Energy SE,S849963,EPUSLD2LR,KYEPUSLD2LR1,T0W13Q2,United Kingdom,Annual Redemption Privilege,Stonecrest Partners,New,Released,2025-06-03,2025-06-05,2025-07-13,2025-07-15,18:00 ET,TIME-SENS,P. Officer B,Pr. Officer A,Rev B,https://internal.example/ann/30002,Y,Y,Y,Y,2696,7489488,2016835,2018,N,N,N,N,N,N,Released
VES-030003,BNK-0600003,DEP-09000003,DTC,Westmark Communications NV,S699641,XZLLXH802,KYXZLLXH8020,9GMBZBP,Canada,Monthly Redemption Privilege,Beacon Acquisition Corp,New,Closed,2026-05-02,2026-05-04,2026-06-10,2026-06-12,17:00 ET,BR-MISMATCH,P. Officer C,Pr. Officer A,Rev C,https://internal.example/ann/30003,Y,Y,N,N,1178,4199570,2269227,1131,N,N,N,N,N,N,Completed
VES-030004,BNK-0600004,DEP-09000004,DTC,Cedarwood Bio Corp,S276997,BXHGDKLOM,GBBXHGDKLOM3,98R4WBP,Bermuda,Dutch Auction,Ironclad Investments,Update,Pending,2026-04-02,2026-04-02,2026-04-29,2026-05-01,17:00 ET,BR-MISMATCH,P. Officer D,Pr. Officer C,Rev A,https://internal.example/ann/30004,N,N,N,Y,0,0,0,0,Y,N,N,Y,N,N,Pending
VES-030005,BNK-0600005,DEP-09000005,CDS,Kestrel Resources plc,S643872,SIDDRYO1O,GBSIDDRYO1O5,LS4NBYF,United States,Consent Exchange Offer,Kingfisher Capital,New,Released,2025-08-15,2025-08-17,2025-08-25,2025-08-27,17:00 ET,EXP-EXTN,P. Officer A,Pr. Officer B,Rev B,https://internal.example/ann/30005,Y,Y,Y,Y,3185,5691595,3235568,2986,N,N,N,N,N,N,Released
VES-030006,BNK-0600006,DEP-09000006,CDS,Juniper Resources AG,S009268,7PUVMP1BD,US7PUVMP1BD8,55FM52Z,United Kingdom,Odd Lot Offer,Issuer Itself,New,Released,2025-11-17,2025-11-19,2025-12-27,2025-12-29,12:00 ET,DOC-HEAVY,P. Officer C,Pr. Officer A,Rev B,https://internal.example/ann/30006,Y,Y,N,N,2724,3407724,1191452,1217,N,N,Y,N,N,Y,Released
VES-030007,BNK-0600007,DEP-09000007,DTC,Doverpoint Energy Inc,S352499,0I0S2SFXQ,CA0I0S2SFXQ8,YNXT099,United States,Early Tender Offer,Greylock Acquisition,New,On Hold,2026-01-06,2026-01-06,2026-02-07,2026-02-09,17:00 ET,DOC-HEAVY,P. Officer B,Pr. Officer A,Rev C,https://internal.example/ann/30007,N,N,Y,Y,1625,2479750,1303648,1487,N,N,N,N,Y,Y,On Hold
VES-030008,BNK-0600008,DEP-09000008,DTC,Zephyr Resources NV,S793154,GKHRT44H6,BMGKHRT44H63,NB5NXXY,Bermuda,Tender Offer,Capstone Holdings,New,Released,2025-10-23,2025-10-23,2025-11-27,2025-11-29,23:59 ET,DUAL-DEPO,P. Officer B,Pr. Officer D,Rev B,https://internal.example/ann/30008,Y,Y,Y,Y,1922,8783540,2469693,1204,N,N,N,N,N,N,Released
VES-030009,BNK-0600009,DEP-09000009,Euroclear,Doverpoint Logistics SE,S477620,65E1CH6RA,GB65E1CH6RA3,VD35GZV,Canada,Consent Exchange Offer,Northbridge Strategic,New,Pending,2026-03-07,2026-03-08,2026-03-25,2026-03-27,17:00 ET,EXP-EXTN,P. Officer C,Pr. Officer C,Rev C,https://internal.example/ann/30009,N,N,N,Y,2337,9193758,1473760,434,N,N,Y,N,N,N,Pending
VES-030010,BNK-0600010,DEP-09000010,I&TS,Evergreen Resources Corp,S740340,JSRFS7ZJF,CAJSRFS7ZJF3,BCYW1LY,United Kingdom,Annual Redemption Privilege,Northbridge Strategic,New,Released,2025-06-04,2025-06-06,2025-06-15,2025-06-17,12:00 ET,DUAL-DEPO,P. Officer C,Pr. Officer A,Rev B,https://internal.example/ann/30010,Y,Y,N,Y,1406,2648904,1329371,179,N,N,Y,N,N,N,Released
VES-030011,BNK-0600011,DEP-09000011,I&TS,Doverpoint Aerospace NV,S079844,WJHIH191Z,CAWJHIH191Z8,XYG814T,Cayman Islands,Consent Exchange Offer,Beacon Acquisition Corp,New,Released,2026-04-28,2026-04-30,2026-05-08,2026-05-10,12:00 ET,BR-MISMATCH,P. Officer C,Pr. Officer B,Rev C,https://internal.example/ann/30011,Y,Y,Y,Y,1835,6723440,3145555,1578,N,N,N,N,N,Y,Released
VES-030012,BNK-0600012,DEP-09000012,Euroclear,Doverpoint Logistics AG,S261918,2KJYFZQOM,GB2KJYFZQOM3,142DW4T,United Kingdom,Mini-Tender,Beacon Acquisition Corp,Update,Closed,2025-06-03,2025-06-05,2025-06-13,2025-06-15,18:00 ET,TIME-SENS,P. Officer C,Pr. Officer D,Rev A,https://internal.example/ann/30012,Y,Y,N,N,2385,7992135,601218,1622,N,N,N,N,N,N,Completed
VES-030013,BNK-0600013,DEP-09000013,I&TS,Oakhill Capital Ltd,S175562,FMID9M4HJ,BMFMID9M4HJ7,95455HF,United Kingdom,Monthly Redemption Privilege,Issuer Itself,Update,Released,2025-07-28,2025-07-30,2025-08-31,2025-09-02,18:00 ET,EXP-EXTN,P. Officer D,Pr. Officer B,Rev B,https://internal.example/ann/30013,Y,Y,Y,N,2519,7813938,703092,127,Y,N,N,N,N,N,Released
VES-030014,BNK-0600014,DEP-09000014,CDS,Riverstone Mining SA,S064793,WWNQC46JT,USWWNQC46JT9,XBPMX72,Cayman Islands,Tender Offer,Beacon Acquisition Corp,Update,Released,2026-01-28,2026-01-28,2026-02-11,2026-02-13,12:00 ET,DUAL-DEPO,P. Officer A,Pr. Officer D,Rev B,https://internal.example/ann/30014,Y,Y,Y,N,1198,4347542,2738478,1044,N,N,N,N,N,N,Released
VES-030015,BNK-0600015,DEP-09000015,Euroclear,Doverpoint Media SE,S586514,B5LQ0YNTP,CAB5LQ0YNTP1,9K97ZQX,Canada,Tender Offer,Ironclad Investments,New,Released,2025-10-17,2025-10-17,2025-10-28,2025-10-30,18:00 ET,BR-MISMATCH,P. Officer D,Pr. Officer B,Rev C,https://internal.example/ann/30015,Y,Y,Y,Y,1722,244524,148995,1438,N,N,N,N,N,N,Released
VES-030016,BNK-0600016,DEP-09000016,I&TS,Brightcap Bank SA,S699326,O6QB2IAG0,CAO6QB2IAG06,F140X0B,Canada,Rights Offering,Blackstar Holdings,New,Pending,2025-08-14,2025-08-15,2025-08-25,2025-08-27,12:00 ET,DUAL-DEPO,P. Officer D,Pr. Officer C,Rev B,https://internal.example/ann/30016,N,N,Y,Y,479,425831,302597,371,N,N,N,N,N,Y,Pending
VES-030017,BNK-0600017,DEP-09000017,Euroclear,Northstar Properties plc,S323064,CADBAYROA,GBCADBAYROA3,N07PG5G,United States,Late Tender Offer,Stonecrest Partners,New,Pending,2025-09-20,2025-09-22,2025-10-01,2025-10-03,23:59 ET,DUAL-DEPO,P. Officer A,Pr. Officer C,Rev B,https://internal.example/ann/30017,N,N,N,N,3205,7435600,3286121,1899,Y,N,N,N,N,N,Pending
VES-030018,BNK-0600018,DEP-09000018,CDS,Meadowfield Capital SE,S469648,UT9KRWR57,GBUT9KRWR578,M6ZSKH6,Canada,Mini-Tender,Greylock Acquisition,New,On Hold,2025-07-06,2025-07-07,2025-08-14,2025-08-16,12:00 ET,BR-MISMATCH,P. Officer D,Pr. Officer C,Rev A,https://internal.example/ann/30018,N,N,Y,N,1152,2549376,415328,246,N,N,N,N,N,N,On Hold
VES-030019,BNK-0600019,DEP-09000019,DTC,Zephyr Communications plc,S519946,NOS5NV2EQ,USNOS5NV2EQ2,2GSKC6H,Bermuda,Warrant Exercise,Blackstar Holdings,New,Closed,2026-02-16,2026-02-17,2026-03-22,2026-03-24,23:59 ET,,P. Officer A,Pr. Officer A,Rev B,https://internal.example/ann/30019,Y,Y,Y,Y,2266,2372502,1823717,1762,N,N,Y,N,N,N,Completed
VES-030020,BNK-0600020,DEP-09000020,I&TS,Aldergrove Bank Inc,S821591,W9DJSSI40,CAW9DJSSI403,9TP23Z2,United Kingdom,Odd Lot Offer,Northbridge Strategic,New,Closed,2025-07-22,2025-07-23,2025-08-11,2025-08-13,23:59 ET,TIME-SENS,P. Officer C,Pr. Officer C,Rev A,https://internal.example/ann/30020,Y,Y,Y,N,2352,1246560,921748,307,Y,N,N,N,N,N,Completed
VES-030021,BNK-0600021,DEP-09000021,CDS,Juniper Trust SE,S318943,2EPJ4KOM6,GB2EPJ4KOM66,17TNKQL,Canada,Consent Solicitation,Northbridge Strategic,New,Released,2026-03-16,2026-03-17,2026-04-19,2026-04-21,18:00 ET,DUAL-DEPO,P. Officer A,Pr. Officer D,Rev C,https://internal.example/ann/30021,Y,Y,Y,Y,1968,3192096,2360383,1238,N,N,N,N,N,N,Released
VES-030022,BNK-0600022,DEP-09000022,Euroclear,Glenmoor Capital AG,S302522,PBSRFJ2Q6,GBPBSRFJ2Q67,6YXR6Z3,Cayman Islands,Consent Exchange Offer,Beacon Acquisition Corp,New,Released,2025-09-01,2025-09-03,2025-09-15,2025-09-17,18:00 ET,BR-MISMATCH,P. Officer B,Pr. Officer A,Rev B,https://internal.example/ann/30022,Y,Y,Y,Y,905,3497825,2153907,202,N,N,N,N,N,N,Released
VES-030023,BNK-0600023,DEP-09000023,I&TS,Evergreen Bank AG,S086943,WJ0U8M084,BMWJ0U8M0845,WQFP206,United States,Convertible Debenture Conversion,Kingfisher Capital,New,Closed,2025-12-11,2025-12-12,2026-01-01,2026-01-03,12:00 ET,EXP-EXTN,P. Officer D,Pr. Officer A,Rev B,https://internal.example/ann/30023,Y,Y,Y,N,2686,13088878,7195699,1992,N,N,N,N,N,N,Completed
VES-030024,BNK-0600024,DEP-09000024,I&TS,Pinewright Industries plc,S073457,P7AMV17FX,KYP7AMV17FX7,JNRVG0M,Bermuda,Dutch Auction,Blackstar Holdings,New,Released,2025-12-17,2025-12-19,2026-01-11,2026-01-13,17:00 ET,,P. Officer D,Pr. Officer B,Rev C,https://internal.example/ann/30024,Y,Y,Y,Y,3119,10071251,1102235,1820,N,N,N,Y,N,N,Released
VES-030025,BNK-0600025,DEP-09000025,DTC,Meadowfield Media Inc,S640378,74DN24QPH,CA74DN24QPH4,H085KZ6,Cayman Islands,Odd Lot Offer,Issuer Itself,New,Released,2025-08-29,2025-08-29,2025-09-18,2025-09-20,23:59 ET,,P. Officer B,Pr. Officer D,Rev B,https://internal.example/ann/30025,Y,Y,Y,Y,2623,11040207,6318685,856,N,N,N,N,N,N,Released
VES-030026,BNK-0600026,DEP-09000026,Euroclear,Westmark Pharmaceuticals Corp,S617759,TVY0KEAUQ,KYTVY0KEAUQ9,JWPH8YN,Canada,Consent Exchange Offer,Northbridge Strategic,New,Released,2026-04-16,2026-04-17,2026-04-25,2026-04-27,12:00 ET,EXP-EXTN,P. Officer D,Pr. Officer D,Rev C,https://internal.example/ann/30026,Y,Y,N,N,3385,6841085,1239618,342,N,N,N,N,N,N,Released
VES-030027,BNK-0600027,DEP-09000027,CDS,Evergreen Properties SE,S027873,0BV6UOYI6,GB0BV6UOYI68,8SRBYD2,United Kingdom,Tender Offer,Blackstar Holdings,New,Released,2026-03-14,2026-03-15,2026-04-16,2026-04-18,18:00 ET,TIME-SENS,P. Officer A,Pr. Officer A,Rev C,https://internal.example/ann/30027,Y,Y,Y,N,3006,3396780,593970,2278,N,N,N,N,N,N,Released
VES-030028,BNK-0600028,DEP-09000028,I&TS,Harborlight Aerospace Inc,S271586,ZM2NGCQVP,CAZM2NGCQVP3,V7VJ9MQ,Canada,Dutch Auction,Stonecrest Partners,New,Released,2026-03-30,2026-03-31,2026-05-03,2026-05-05,20:00 ET,DOC-HEAVY,P. Officer C,Pr. Officer B,Rev C,https://internal.example/ann/30028,Y,Y,Y,N,869,2405392,1873127,253,N,N,N,Y,N,N,Released
VES-030029,BNK-0600029,DEP-09000029,DTC,Juniper Bio Inc,S758381,D8W72I6BN,GBD8W72I6BN5,5STQBRH,Cayman Islands,Warrant Redemption,Capstone Holdings,New,Released,2025-12-15,2025-12-15,2025-12-29,2025-12-31,20:00 ET,TIME-SENS,P. Officer B,Pr. Officer D,Rev C,https://internal.example/ann/30029,Y,Y,N,N,2204,4619584,3015006,621,N,N,N,N,N,N,Released
VES-030030,BNK-0600030,DEP-09000030,Euroclear,Umbra Trust SE,S281943,9JWT9UK7L,US9JWT9UK7L3,8J3M7PK,United States,Monthly Redemption Privilege,Beacon Acquisition Corp,New,Released,2026-05-12,2026-05-12,2026-06-19,2026-06-21,12:00 ET,,P. Officer A,Pr. Officer A,Rev C,https://internal.example/ann/30030,Y,Y,N,N,731,1875746,1362393,265,N,N,Y,N,Y,N,Released
VES-030031,BNK-0600031,DEP-09000031,Euroclear,Quartz Peak Aerospace AG,S833480,14UX5LUIH,GB14UX5LUIH2,MTZKKYN,United Kingdom,Late Tender Offer,Ironclad Investments,Update,On Hold,2026-04-17,2026-04-17,2026-04-26,2026-04-28,23:59 ET,,P. Officer A,Pr. Officer C,Rev C,https://internal.example/ann/30031,N,N,Y,Y,0,0,0,0,N,N,N,N,N,N,On Hold
VES-030032,BNK-0600032,DEP-09000032,CDS,Quartz Peak Logistics NV,S696737,EJ6XXBL7E,BMEJ6XXBL7E0,LP95M15,United Kingdom,Odd Lot Offer,Ironclad Investments,New,Released,2026-03-30,2026-03-31,2026-04-10,2026-04-12,23:59 ET,BR-MISMATCH,P. Officer B,Pr. Officer A,Rev C,https://internal.example/ann/30032,Y,Y,Y,N,2218,2399876,923612,471,N,N,N,N,Y,N,Released
VES-030033,BNK-0600033,DEP-09000033,I&TS,Larkspur Energy SA,S945860,RZIDHS7DG,GBRZIDHS7DG4,75RVDNK,Canada,Dutch Auction,Northbridge Strategic,New,Released,2025-11-05,2025-11-06,2025-12-05,2025-12-07,23:59 ET,TIME-SENS,P. Officer B,Pr. Officer C,Rev C,https://internal.example/ann/30033,Y,Y,N,Y,2269,646665,141442,921,N,N,N,Y,N,N,Released
VES-030034,BNK-0600034,DEP-09000034,CDS,Meadowfield Pharmaceuticals Ltd,S260312,K0PMUJVWY,GBK0PMUJVWY3,L99Z9JZ,Canada,Rights Offering,Stonecrest Partners,Update,Released,2026-05-16,2026-05-16,2026-05-31,2026-06-02,12:00 ET,BR-MISMATCH,P. Officer C,Pr. Officer A,Rev C,https://internal.example/ann/30034,Y,Y,Y,Y,686,3032120,1934481,641,N,N,N,N,N,N,Released
VES-030035,BNK-0600035,DEP-09000035,DTC,Juniper Pharmaceuticals SE,S202269,EO530JMR8,KYEO530JMR86,NKNXQMN,Bermuda,Consent Exchange Offer,Northbridge Strategic,New,Released,2025-10-04,2025-10-06,2025-10-23,2025-10-25,18:00 ET,,P. Officer B,Pr. Officer D,Rev B,https://internal.example/ann/30035,Y,Y,N,N,2115,4295565,1514980,744,N,N,N,N,N,N,Released
VES-030036,BNK-0600036,DEP-09000036,DTC,Westmark Industries Corp,S639716,YAS8DLQQ7,KYYAS8DLQQ77,SW6BRC4,United States,Mini-Tender,Ridgepoint Capital,New,Closed,2026-02-24,2026-02-26,2026-03-09,2026-03-11,17:00 ET,BR-MISMATCH,P. Officer B,Pr. Officer D,Rev A,https://internal.example/ann/30036,Y,Y,Y,Y,2067,6655740,5411552,469,N,N,Y,N,N,N,Completed
VES-030037,BNK-0600037,DEP-09000037,CDS,Doverpoint Properties Ltd,S927373,Z5NPKC098,BMZ5NPKC0981,LL4FZT1,Bermuda,Late Tender Offer,Blackstar Holdings,New,Closed,2025-12-03,2025-12-05,2026-01-12,2026-01-14,12:00 ET,DOC-HEAVY,P. Officer D,Pr. Officer B,Rev B,https://internal.example/ann/30037,Y,Y,N,N,2187,10690056,4415354,1397,N,N,Y,N,N,N,Completed
VES-030038,BNK-0600038,DEP-09000038,DTC,Harborlight Industries SE,S335197,PYSOTNDMF,CAPYSOTNDMF4,ZK4VM3S,United States,Warrant Redemption,Whitewater Group,New,Pending,2025-12-21,2025-12-21,2026-01-25,2026-01-27,23:59 ET,DUAL-DEPO,P. Officer A,Pr. Officer D,Rev C,https://internal.example/ann/30038,N,N,Y,Y,1805,7389670,51223,583,N,N,N,N,N,N,Pending
VES-030039,BNK-0600039,DEP-09000039,Euroclear,Kestrel Industries NV,S904578,LW843F2IV,KYLW843F2IV3,DQ7SHD8,United Kingdom,Odd Lot Offer,Whitewater Group,New,Released,2026-03-08,2026-03-10,2026-03-19,2026-03-21,20:00 ET,TIME-SENS,P. Officer A,Pr. Officer D,Rev C,https://internal.example/ann/30039,Y,Y,N,Y,1698,191874,156526,1138,N,N,Y,N,N,N,Released
VES-030040,BNK-0600040,DEP-09000040,I&TS,Ironbridge Mining plc,S725323,CFH0LWDKB,CACFH0LWDKB2,1D7XJRG,United Kingdom,Monthly Redemption Privilege,Capstone Holdings,New,Released,2025-06-23,2025-06-24,2025-07-31,2025-08-02,18:00 ET,EXP-EXTN,P. Officer C,Pr. Officer D,Rev C,https://internal.example/ann/30040,Y,Y,N,N,2481,8269173,1769049,1468,N,N,Y,N,N,N,Released
VES-030041,BNK-0600041,DEP-09000041,Euroclear,Doverpoint Media SE,S586514,B5LQ0YNTP,CAB5LQ0YNTP1,9K97ZQX,Canada,Warrant Redemption,Stonecrest Partners,Update,Closed,2025-10-15,2025-10-17,2025-10-27,2025-10-29,23:59 ET,BR-MISMATCH,P. Officer D,Pr. Officer D,Rev B,https://internal.example/ann/30041,Y,Y,Y,N,1032,1679064,259183,726,N,N,N,N,N,N,Completed
VES-030042,BNK-0600042,DEP-09000042,I&TS,Cedarwood Resources Ltd,S649062,WYKE9O860,BMWYKE9O8602,YQ1CRVL,United Kingdom,Exchange Offer,Capstone Holdings,New,Closed,2025-08-11,2025-08-11,2025-08-31,2025-09-02,23:59 ET,DOC-HEAVY,P. Officer A,Pr. Officer C,Rev B,https://internal.example/ann/30042,Y,Y,N,N,2750,6303000,3744690,1400,N,N,N,N,N,N,Completed
VES-030043,BNK-0600043,DEP-09000043,DTC,Fairhaven Energy AG,S137496,1584IYRSN,CA1584IYRSN6,C4KFZ58,Cayman Islands,Rights Offering,Ridgepoint Capital,New,Released,2025-09-10,2025-09-10,2025-09-24,2025-09-26,17:00 ET,DUAL-DEPO,P. Officer D,Pr. Officer C,Rev B,https://internal.example/ann/30043,Y,Y,Y,Y,3004,7837436,3692070,996,Y,Y,N,N,N,N,Released
VES-030044,BNK-0600044,DEP-09000044,Euroclear,Kestrel Holdings NV,S997319,XVSDIEX0Q,USXVSDIEX0Q9,J6PJBR2,United Kingdom,Dutch Auction,Greylock Acquisition,New,Released,2025-07-31,2025-08-02,2025-09-01,2025-09-03,17:00 ET,EXP-EXTN,P. Officer B,Pr. Officer A,Rev C,https://internal.example/ann/30044,Y,Y,Y,Y,2256,8123856,2711128,601,N,N,N,Y,N,N,Released
VES-030045,BNK-0600045,DEP-09000045,DTC,Oakhill Logistics Corp,S600207,MM1XVFLZZ,KYMM1XVFLZZ2,RKCDMB8,Cayman Islands,Mini-Tender,Ridgepoint Capital,New,Released,2025-06-13,2025-06-13,2025-07-20,2025-07-22,18:00 ET,EXP-EXTN,P. Officer C,Pr. Officer A,Rev C,https://internal.example/ann/30045,Y,Y,Y,Y,3445,10035285,3975244,1590,Y,N,N,N,N,N,Released
VES-030046,BNK-0600046,DEP-09000046,DTC,Glenmoor Holdings plc,S401117,HMWNR09HK,CAHMWNR09HK6,QRB00DH,United Kingdom,Consent Exchange Offer,Ironclad Investments,New,Pending,2025-09-13,2025-09-15,2025-09-25,2025-09-27,17:00 ET,TIME-SENS,P. Officer B,Pr. Officer C,Rev B,https://internal.example/ann/30046,N,N,Y,Y,588,2896488,509813,111,N,N,Y,N,N,N,Pending
VES-030047,BNK-0600047,DEP-09000047,Euroclear,Larkspur Aerospace AG,S130331,JXIO6L01A,CAJXIO6L01A7,Z0W9ZCR,United States,Warrant Redemption,Ridgepoint Capital,Update,Pending,2025-12-17,2025-12-19,2026-01-20,2026-01-22,12:00 ET,EXP-EXTN,P. Officer A,Pr. Officer A,Rev A,https://internal.example/ann/30047,N,N,Y,N,1364,5190020,3023536,284,N,N,Y,N,N,Y,Pending
VES-030048,BNK-0600048,DEP-09000048,Euroclear,Yarrow Aerospace SA,S364869,243Q63M0K,GB243Q63M0K8,WN1F1T8,Canada,Consent Exchange Offer,Ridgepoint Capital,New,Pending,2025-07-26,2025-07-28,2025-08-05,2025-08-07,17:00 ET,DOC-HEAVY,P. Officer A,Pr. Officer B,Rev A,https://internal.example/ann/30048,N,N,Y,Y,1591,3866130,1230356,1357,N,N,N,N,N,N,Pending
VES-030049,BNK-0600049,DEP-09000049,DTC,Zephyr Communications plc,S519946,NOS5NV2EQ,USNOS5NV2EQ2,2GSKC6H,Bermuda,Dutch Auction,Ridgepoint Capital,New,Released,2026-02-08,2026-02-09,2026-02-19,2026-02-21,18:00 ET,EXP-EXTN,P. Officer C,Pr. Officer B,Rev C,https://internal.example/ann/30049,Y,Y,N,Y,623,2188599,600788,552,Y,N,N,Y,N,N,Released
VES-030050,BNK-0600050,DEP-09000050,Euroclear,Evergreen Holdings Ltd,S623726,J38QTE4MI,BMJ38QTE4MI3,74GVLZR,Cayman Islands,Consent Exchange Offer,Whitewater Group,Update,Closed,2026-01-20,2026-01-21,2026-02-14,2026-02-16,23:59 ET,EXP-EXTN,P. Officer D,Pr. Officer D,Rev A,https://internal.example/ann/30050,Y,Y,Y,N,443,901505,82691,147,N,N,N,N,N,N,Completed
VES-030051,BNK-0600051,DEP-09000051,Euroclear,Tideline Aerospace AG,S651788,MDEPLR4KR,GBMDEPLR4KR3,NBTPCC8,Canada,Monthly Redemption Privilege,Blackstar Holdings,New,Released,2026-03-13,2026-03-15,2026-03-30,2026-04-01,18:00 ET,EXP-EXTN,P. Officer D,Pr. Officer A,Rev B,https://internal.example/ann/30051,Y,Y,N,N,1012,1248808,298373,651,N,N,N,N,N,N,Released
VES-030052,BNK-0600052,DEP-09000052,Euroclear,Tideline Bank plc,S815467,H5VJV2PUJ,USH5VJV2PUJ7,FZR8P1K,Canada,Warrant Exercise,Issuer Itself,New,Released,2025-10-11,2025-10-11,2025-11-14,2025-11-16,18:00 ET,TIME-SENS,P. Officer D,Pr. Officer C,Rev A,https://internal.example/ann/30052,Y,Y,Y,Y,2818,10801394,1024493,2539,N,N,N,N,N,N,Released
VES-030053,BNK-0600053,DEP-09000053,DTC,Zephyr Resources NV,S793154,GKHRT44H6,BMGKHRT44H63,NB5NXXY,Bermuda,Warrant Exercise,Kingfisher Capital,New,Closed,2025-09-13,2025-09-15,2025-10-22,2025-10-24,18:00 ET,DOC-HEAVY,P. Officer B,Pr. Officer D,Rev A,https://internal.example/ann/30053,Y,Y,N,N,477,536625,77509,125,N,N,N,N,Y,N,Completed
VES-030054,BNK-0600054,DEP-09000054,CDS,Zephyr Logistics plc,S462195,YSTBFXPUK,CAYSTBFXPUK3,4DS918Q,United States,Tender Offer,Stonecrest Partners,New,Closed,2026-03-31,2026-04-01,2026-04-21,2026-04-23,23:59 ET,,P. Officer B,Pr. Officer D,Rev B,https://internal.example/ann/30054,Y,Y,N,N,3358,13764442,2090646,2197,N,N,N,N,Y,N,Completed
VES-030055,BNK-0600055,DEP-09000055,Euroclear,Westmark Pharmaceuticals SA,S210795,MY3EKSVKF,USMY3EKSVKF9,RQW81VY,Cayman Islands,Mini-Tender,Ridgepoint Capital,New,Released,2025-12-03,2025-12-03,2025-12-18,2025-12-20,23:59 ET,BR-MISMATCH,P. Officer A,Pr. Officer D,Rev B,https://internal.example/ann/30055,Y,Y,N,Y,124,216876,94030,77,N,N,N,N,N,N,Released
VES-030056,BNK-0600056,DEP-09000056,Euroclear,Northstar Logistics plc,S640953,TTW7S0P9S,GBTTW7S0P9S4,SNPTBTJ,United States,Consent Solicitation,Whitewater Group,New,Closed,2026-02-19,2026-02-20,2026-03-19,2026-03-21,17:00 ET,EXP-EXTN,P. Officer B,Pr. Officer C,Rev A,https://internal.example/ann/30056,Y,Y,Y,N,132,248160,78658,68,N,N,N,N,N,N,Completed
VES-030057,BNK-0600057,DEP-09000057,CDS,Brightcap Energy SE,S849963,EPUSLD2LR,KYEPUSLD2LR1,T0W13Q2,United Kingdom,Consent Solicitation,Beacon Acquisition Corp,New,Released,2025-06-29,2025-06-30,2025-07-29,2025-07-31,23:59 ET,TIME-SENS,P. Officer C,Pr. Officer D,Rev B,https://internal.example/ann/30057,Y,Y,N,Y,1610,7848750,2991938,1601,N,N,N,N,N,N,Released
VES-030058,BNK-0600058,DEP-09000058,I&TS,Brightcap Bio Inc,S811067,M9AN33RDP,KYM9AN33RDP6,B0GSJSY,Bermuda,Dutch Auction,Kingfisher Capital,New,Released,2025-08-05,2025-08-06,2025-09-08,2025-09-10,17:00 ET,BR-MISMATCH,P. Officer D,Pr. Officer B,Rev A,https://internal.example/ann/30058,Y,Y,Y,N,2628,1871136,1098441,40,N,N,N,Y,N,N,Released
VES-030059,BNK-0600059,DEP-09000059,I&TS,Meadowfield Holdings AG,S671081,9DNRRNDAK,BM9DNRRNDAK9,22W315Z,Cayman Islands,Cease Trade Notice,Stonecrest Partners,New,Closed,2025-12-24,2025-12-24,2026-01-17,2026-01-19,20:00 ET,BR-MISMATCH,P. Officer B,Pr. Officer B,Rev A,https://internal.example/ann/30059,Y,Y,N,Y,574,51086,20908,501,Y,N,Y,N,N,N,Completed
VES-030060,BNK-0600060,DEP-09000060,CDS,Fairhaven Logistics AG,S951288,EKLS5ZYG2,CAEKLS5ZYG24,V78K3CX,Bermuda,Consent Solicitation,Kingfisher Capital,New,Released,2025-06-11,2025-06-11,2025-06-20,2025-06-22,12:00 ET,BR-MISMATCH,P. Officer C,Pr. Officer B,Rev C,https://internal.example/ann/30060,Y,Y,Y,N,0,0,0,0,N,N,N,N,N,N,Released
VES-030061,BNK-0600061,DEP-09000061,I&TS,Umbra Technology AG,S937633,3O81NYR2P,BM3O81NYR2P2,11LGV2B,Bermuda,Dutch Auction,Northbridge Strategic,New,Pending,2025-11-06,2025-11-07,2025-11-26,2025-11-28,18:00 ET,TIME-SENS,P. Officer C,Pr. Officer B,Rev A,https://internal.example/ann/30061,N,N,Y,N,1397,1972564,527886,690,Y,N,N,Y,N,N,Pending
VES-030062,BNK-0600062,DEP-09000062,Euroclear,Cedarwood Logistics Ltd,S427498,4K56TL7AF,CA4K56TL7AF0,LCKZQXG,United States,Late Tender Offer,Capstone Holdings,New,Pending,2026-01-10,2026-01-12,2026-01-25,2026-01-27,12:00 ET,EXP-EXTN,P. Officer B,Pr. Officer D,Rev A,https://internal.example/ann/30062,N,N,Y,Y,2441,8682637,5048009,1731,N,N,N,N,N,N,Pending
VES-030063,BNK-0600063,DEP-09000063,CDS,Kestrel Resources plc,S643872,SIDDRYO1O,GBSIDDRYO1O5,LS4NBYF,United States,Tender Offer,Ridgepoint Capital,Update,Pending,2025-09-21,2025-09-23,2025-10-11,2025-10-13,12:00 ET,DOC-HEAVY,P. Officer B,Pr. Officer C,Rev C,https://internal.example/ann/30063,N,N,Y,Y,1006,947652,423130,724,N,Y,Y,N,Y,N,Pending
VES-030064,BNK-0600064,DEP-09000064,I&TS,Ironbridge Trust NV,S385221,BMK2E1CAW,BMBMK2E1CAW1,C0XKSMY,Cayman Islands,Convertible Debenture Conversion,Ironclad Investments,New,Released,2026-01-10,2026-01-12,2026-02-05,2026-02-07,18:00 ET,TIME-SENS,P. Officer B,Pr. Officer B,Rev A,https://internal.example/ann/30064,Y,Y,N,N,936,2753712,1640823,407,N,N,N,N,N,N,Released
VES-030065,BNK-0600065,DEP-09000065,CDS,Meadowfield Logistics plc,S589485,N0BIMVE3K,BMN0BIMVE3K4,RJQ0544,Bermuda,Warrant Exercise,Kingfisher Capital,New,Released,2025-12-05,2025-12-05,2026-01-04,2026-01-06,23:59 ET,,P. Officer D,Pr. Officer D,Rev B,https://internal.example/ann/30065,Y,Y,Y,Y,1857,5853264,2092155,112,N,N,N,N,N,N,Released
VES-030066,BNK-0600066,DEP-09000066,I&TS,Harborlight Capital NV,S957888,6RXNT96UV,GB6RXNT96UV4,8C0RX6K,Bermuda,Warrant Redemption,Northbridge Strategic,New,Released,2026-02-11,2026-02-13,2026-03-10,2026-03-12,23:59 ET,BR-MISMATCH,P. Officer B,Pr. Officer D,Rev B,https://internal.example/ann/30066,Y,Y,Y,Y,0,0,0,0,N,N,Y,N,N,Y,Released
VES-030067,BNK-0600067,DEP-09000067,I&TS,Saltmarsh Resources Corp,S421737,UOOXI3CQU,CAUOOXI3CQU6,6GZJJZZ,Bermuda,Warrant Redemption,Northbridge Strategic,New,Released,2026-05-09,2026-05-11,2026-06-03,2026-06-05,23:59 ET,TIME-SENS,P. Officer A,Pr. Officer C,Rev A,https://internal.example/ann/30067,Y,Y,N,N,1091,2537666,1404203,493,N,N,N,N,N,N,Released
VES-030068,BNK-0600068,DEP-09000068,CDS,Umbra Bio AG,S322454,5MRBMVCOT,KY5MRBMVCOT4,1SXD48L,Cayman Islands,Rights Offering,Hightower Holdings,New,Released,2026-03-09,2026-03-10,2026-04-03,2026-04-05,18:00 ET,DUAL-DEPO,P. Officer D,Pr. Officer C,Rev A,https://internal.example/ann/30068,Y,Y,Y,Y,539,2082696,709276,235,N,N,N,N,N,N,Released
VES-030069,BNK-0600069,DEP-09000069,Euroclear,Doverpoint Logistics SE,S477620,65E1CH6RA,GB65E1CH6RA3,VD35GZV,Canada,Consent Solicitation,Whitewater Group,Update,Cancelled,2025-11-01,2025-11-02,2025-11-30,2025-12-02,12:00 ET,BR-MISMATCH,P. Officer D,Pr. Officer D,Rev C,https://internal.example/ann/30069,N,N,N,Y,1793,2944106,1477846,570,N,N,Y,N,Y,N,Cancelled
VES-030070,BNK-0600070,DEP-09000070,I&TS,Westmark Capital AG,S327353,6LXRQUAZG,CA6LXRQUAZG3,MLV5YMN,Cayman Islands,Cease Trade Notice,Issuer Itself,Update,Released,2026-01-16,2026-01-18,2026-02-11,2026-02-13,12:00 ET,DOC-HEAVY,P. Officer A,Pr. Officer A,Rev C,https://internal.example/ann/30070,Y,Y,Y,Y,891,3566673,1109805,91,N,N,N,N,N,N,Released
VES-030071,BNK-0600071,DEP-09000071,CDS,Verdant Energy Corp,S709794,GQL3ARI8Z,KYGQL3ARI8Z4,ZK2K3T9,United States,Rights Offering,Greylock Acquisition,New,Pending,2026-04-27,2026-04-27,2026-05-09,2026-05-11,23:59 ET,DUAL-DEPO,P. Officer A,Pr. Officer D,Rev B,https://internal.example/ann/30071,N,N,N,Y,812,3624768,529786,469,N,N,Y,N,Y,N,Pending
VES-030072,BNK-0600072,DEP-09000072,Euroclear,Verdant Aerospace NV,S029601,OHXVXQZ1J,CAOHXVXQZ1J4,HFDDGMH,United Kingdom,Odd Lot Offer,Greylock Acquisition,Update,Released,2025-08-27,2025-08-29,2025-10-04,2025-10-06,17:00 ET,,P. Officer C,Pr. Officer B,Rev A,https://internal.example/ann/30072,Y,Y,N,Y,1140,5435520,3311197,159,N,N,N,N,Y,N,Released
VES-030073,BNK-0600073,DEP-09000073,DTC,Fairhaven Bio NV,S735211,COX6ZJ8ND,BMCOX6ZJ8ND4,L4RVKNJ,United Kingdom,Dutch Auction,Stonecrest Partners,Update,Released,2026-04-28,2026-04-29,2026-05-19,2026-05-21,18:00 ET,,P. Officer A,Pr. Officer A,Rev B,https://internal.example/ann/30073,Y,Y,Y,N,3208,10506200,8142569,474,N,N,N,Y,N,N,Released
VES-030074,BNK-0600074,DEP-09000074,CDS,Meadowfield Bio Ltd,S882089,BNWJM9ZT4,USBNWJM9ZT49,HJ0672Y,Cayman Islands,Mini-Tender,Hightower Holdings,Update,Closed,2025-07-07,2025-07-08,2025-07-28,2025-07-30,12:00 ET,DUAL-DEPO,P. Officer D,Pr. Officer D,Rev C,https://internal.example/ann/30074,Y,Y,Y,N,938,4490206,2894431,79,N,N,N,N,N,N,Completed
VES-030075,BNK-0600075,DEP-09000075,Euroclear,Evergreen Energy NV,S828255,WVM09UVFJ,USWVM09UVFJ8,3W4LSQ3,Cayman Islands,Rights Offering,Greylock Acquisition,New,Released,2025-07-06,2025-07-06,2025-07-31,2025-08-02,12:00 ET,DOC-HEAVY,P. Officer A,Pr. Officer B,Rev A,https://internal.example/ann/30075,Y,Y,Y,Y,1683,1213443,228012,131,N,N,N,N,N,N,Released
VES-030076,BNK-0600076,DEP-09000076,CDS,Pinewright Energy AG,S222702,MKLM2ICM7,KYMKLM2ICM73,3LJY0BX,United States,Consent Solicitation,Kingfisher Capital,Update,On Hold,2026-01-16,2026-01-18,2026-02-08,2026-02-10,20:00 ET,DUAL-DEPO,P. Officer C,Pr. Officer C,Rev B,https://internal.example/ann/30076,N,N,Y,Y,1161,2169909,1243870,25,N,N,N,N,N,Y,On Hold
VES-030077,BNK-0600077,DEP-09000077,DTC,Glenmoor Holdings plc,S401117,HMWNR09HK,CAHMWNR09HK6,QRB00DH,United Kingdom,Consent Solicitation,Beacon Acquisition Corp,New,Closed,2025-06-02,2025-06-04,2025-06-13,2025-06-15,17:00 ET,BR-MISMATCH,P. Officer B,Pr. Officer A,Rev C,https://internal.example/ann/30077,Y,Y,N,Y,3232,10988800,4678385,3194,N,N,Y,N,N,N,Completed
VES-030078,BNK-0600078,DEP-09000078,I&TS,Aldergrove Bank Inc,S821591,W9DJSSI40,CAW9DJSSI403,9TP23Z2,United Kingdom,Consent Solicitation,Capstone Holdings,New,Pending,2025-09-03,2025-09-04,2025-10-06,2025-10-08,17:00 ET,TIME-SENS,P. Officer A,Pr. Officer D,Rev A,https://internal.example/ann/30078,N,N,Y,N,3169,4132376,2916455,1651,N,N,Y,N,N,N,Pending
VES-030079,BNK-0600079,DEP-09000079,I&TS,Ironbridge Trust NV,S385221,BMK2E1CAW,BMBMK2E1CAW1,C0XKSMY,Cayman Islands,Consent Exchange Offer,Blackstar Holdings,New,Released,2025-07-26,2025-07-26,2025-08-19,2025-08-21,20:00 ET,DOC-HEAVY,P. Officer D,Pr. Officer D,Rev A,https://internal.example/ann/30079,Y,Y,N,N,1439,943984,331927,1026,N,N,N,N,Y,N,Released
VES-030080,BNK-0600080,DEP-09000080,CDS,Umbra Resources plc,S786039,3Z4Y3B2QG,CA3Z4Y3B2QG6,7R0KSCF,Bermuda,Cease Trade Notice,Capstone Holdings,Update,Cancelled,2026-04-04,2026-04-04,2026-05-11,2026-05-13,17:00 ET,DOC-HEAVY,P. Officer C,Pr. Officer C,Rev C,https://internal.example/ann/30080,N,N,Y,N,3492,1351404,445269,871,N,N,N,N,N,Y,Cancelled
VES-030081,BNK-0600081,DEP-09000081,I&TS,Oakhill Bank AG,S689913,DXGC9J90G,BMDXGC9J90G0,KN8H478,United Kingdom,Mini-Tender,Stonecrest Partners,Update,Closed,2025-12-25,2025-12-26,2026-01-04,2026-01-06,23:59 ET,EXP-EXTN,P. Officer C,Pr. Officer C,Rev A,https://internal.example/ann/30081,Y,Y,Y,Y,2046,5202978,3277805,1210,N,N,N,N,N,N,Completed
VES-030082,BNK-0600082,DEP-09000082,Euroclear,Evergreen Holdings plc,S017543,02WA2TS4W,KY02WA2TS4W4,BMQDLR4,United Kingdom,Consent Solicitation,Stonecrest Partners,New,Released,2025-10-31,2025-11-02,2025-11-17,2025-11-19,18:00 ET,DUAL-DEPO,P. Officer B,Pr. Officer B,Rev C,https://internal.example/ann/30082,Y,Y,Y,N,454,1433278,36747,342,N,N,N,N,N,N,Released
VES-030083,BNK-0600083,DEP-09000083,CDS,Umbra Bio AG,S322454,5MRBMVCOT,KY5MRBMVCOT4,1SXD48L,Cayman Islands,Convertible Debenture Conversion,Stonecrest Partners,Update,Released,2025-08-26,2025-08-27,2025-09-14,2025-09-16,18:00 ET,,P. Officer B,Pr. Officer D,Rev A,https://internal.example/ann/30083,Y,Y,N,Y,895,4162645,2974306,868,N,N,N,N,N,N,Released
VES-030084,BNK-0600084,DEP-09000084,CDS,Zephyr Properties SE,S031501,E04ZI7CNK,CAE04ZI7CNK2,K9JK6VV,United States,Convertible Debenture Conversion,Northbridge Strategic,New,Released,2025-12-03,2025-12-03,2025-12-14,2025-12-16,18:00 ET,EXP-EXTN,P. Officer D,Pr. Officer C,Rev B,https://internal.example/ann/30084,Y,Y,N,Y,335,1337990,500756,128,N,N,N,N,N,N,Released
VES-030085,BNK-0600085,DEP-09000085,Euroclear,Pinewright Resources Ltd,S864645,MQ2KI9ZJP,CAMQ2KI9ZJP5,48RPB1J,United States,Late Tender Offer,Northbridge Strategic,Update,Released,2025-07-23,2025-07-24,2025-08-05,2025-08-07,23:59 ET,BR-MISMATCH,P. Officer B,Pr. Officer B,Rev C,https://internal.example/ann/30085,Y,Y,Y,Y,610,983320,664678,109,N,N,N,N,N,N,Released
VES-030086,BNK-0600086,DEP-09000086,I&TS,Nightingale Holdings Corp,S275840,35WXE59IY,US35WXE59IY9,LWDBMVL,Cayman Islands,Rights Offering,Ridgepoint Capital,Update,Closed,2026-03-01,2026-03-03,2026-03-23,2026-03-25,20:00 ET,BR-MISMATCH,P. Officer D,Pr. Officer C,Rev A,https://internal.example/ann/30086,Y,Y,N,Y,3070,7555270,3995294,1809,N,N,Y,N,N,N,Completed
VES-030087,BNK-0600087,DEP-09000087,Euroclear,Doverpoint Logistics AG,S261918,2KJYFZQOM,GB2KJYFZQOM3,142DW4T,United Kingdom,Warrant Exercise,Issuer Itself,Update,Closed,2026-03-05,2026-03-06,2026-04-13,2026-04-15,18:00 ET,DOC-HEAVY,P. Officer D,Pr. Officer C,Rev A,https://internal.example/ann/30087,Y,Y,Y,Y,37,45732,10689,26,N,N,N,N,Y,N,Completed
VES-030088,BNK-0600088,DEP-09000088,Euroclear,Oakhill Holdings Inc,S978684,TYPANCJY1,KYTYPANCJY18,D41JC9F,Canada,Late Tender Offer,Stonecrest Partners,New,On Hold,2025-12-05,2025-12-07,2026-01-05,2026-01-07,18:00 ET,TIME-SENS,P. Officer C,Pr. Officer D,Rev B,https://internal.example/ann/30088,N,N,Y,Y,2151,675414,544848,1561,Y,N,N,N,N,N,On Hold
VES-030089,BNK-0600089,DEP-09000089,DTC,Harborlight Industries SE,S335197,PYSOTNDMF,CAPYSOTNDMF4,ZK4VM3S,United States,Tender Offer,Issuer Itself,Update,Closed,2026-01-18,2026-01-20,2026-02-05,2026-02-07,12:00 ET,EXP-EXTN,P. Officer A,Pr. Officer B,Rev B,https://internal.example/ann/30089,Y,Y,Y,Y,2194,9423230,1506379,644,N,N,N,N,N,N,Completed
VES-030090,BNK-0600090,DEP-09000090,Euroclear,Tideline Logistics Corp,S720083,HR2OM8YYL,KYHR2OM8YYL3,CD54LZ7,United Kingdom,Mini-Tender,Blackstar Holdings,New,On Hold,2025-09-06,2025-09-06,2025-09-20,2025-09-22,17:00 ET,BR-MISMATCH,P. Officer D,Pr. Officer A,Rev A,https://internal.example/ann/30090,N,N,Y,N,3317,10630985,8987117,813,N,N,N,N,N,N,On Hold
VES-030091,BNK-0600091,DEP-09000091,CDS,Umbra Trust SA,S174849,CR079L3BG,USCR079L3BG2,3XG1LYJ,Bermuda,Early Tender Offer,Ridgepoint Capital,Update,Closed,2025-07-17,2025-07-19,2025-08-12,2025-08-14,20:00 ET,DOC-HEAVY,P. Officer A,Pr. Officer D,Rev A,https://internal.example/ann/30091,Y,Y,Y,Y,473,1591645,43677,135,N,N,N,N,N,N,Completed
VES-030092,BNK-0600092,DEP-09000092,DTC,Northstar Media NV,S642053,I8OXWXTJA,KYI8OXWXTJA5,6B6RXVC,United States,Tender Offer,Kingfisher Capital,New,Cancelled,2026-03-25,2026-03-25,2026-04-20,2026-04-22,17:00 ET,DUAL-DEPO,P. Officer D,Pr. Officer C,Rev B,https://internal.example/ann/30092,N,N,Y,N,1021,5043740,1869216,480,N,N,Y,N,N,N,Cancelled
VES-030093,BNK-0600093,DEP-09000093,DTC,Quartz Peak Media NV,S503775,IPUFV2XFR,CAIPUFV2XFR3,X99T708,Bermuda,Monthly Redemption Privilege,Ironclad Investments,Update,Released,2025-06-17,2025-06-18,2025-07-16,2025-07-18,18:00 ET,DUAL-DEPO,P. Officer D,Pr. Officer A,Rev B,https://internal.example/ann/30093,Y,Y,Y,N,2305,3505905,1328097,551,N,N,N,N,N,N,Released
VES-030094,BNK-0600094,DEP-09000094,Euroclear,Northstar Logistics plc,S640953,TTW7S0P9S,GBTTW7S0P9S4,SNPTBTJ,United States,Rights Offering,Hightower Holdings,Update,Closed,2025-11-04,2025-11-04,2025-11-26,2025-11-28,12:00 ET,DOC-HEAVY,P. Officer D,Pr. Officer A,Rev C,https://internal.example/ann/30094,Y,Y,Y,N,2715,369240,168895,2089,N,N,N,N,N,N,Completed
VES-030095,BNK-0600095,DEP-09000095,DTC,Verdant Media Ltd,S455142,RQ0P0VNVB,KYRQ0P0VNVB2,B73FSMJ,United Kingdom,Consent Solicitation,Kingfisher Capital,Update,Pending,2026-03-07,2026-03-07,2026-03-31,2026-04-02,12:00 ET,EXP-EXTN,P. Officer D,Pr. Officer A,Rev B,https://internal.example/ann/30095,N,N,Y,N,2038,8433244,5681447,1417,N,N,N,N,N,N,Pending
VES-030096,BNK-0600096,DEP-09000096,Euroclear,Cedarwood Capital plc,S661755,HLG2LMOD7,KYHLG2LMOD70,496B7H2,Cayman Islands,Monthly Redemption Privilege,Stonecrest Partners,New,Released,2025-10-26,2025-10-26,2025-12-03,2025-12-05,17:00 ET,BR-MISMATCH,P. Officer D,Pr. Officer B,Rev A,https://internal.example/ann/30096,Y,Y,Y,N,2374,6193766,2009573,1928,N,N,Y,N,N,N,Released
VES-030097,BNK-0600097,DEP-09000097,DTC,Riverstone Resources Ltd,S441428,EH73XTNRT,KYEH73XTNRT1,8Y4JRM7,Cayman Islands,Early Tender Offer,Northbridge Strategic,Update,Released,2026-05-09,2026-05-10,2026-05-26,2026-05-28,18:00 ET,DUAL-DEPO,P. Officer D,Pr. Officer A,Rev A,https://internal.example/ann/30097,Y,Y,Y,N,1476,3393324,2453621,24,N,N,N,N,N,N,Released
VES-030098,BNK-0600098,DEP-09000098,I&TS,Zephyr Mining Corp,S806053,K5PVFQKP8,CAK5PVFQKP88,609DWS0,United States,Monthly Redemption Privilege,Kingfisher Capital,New,Closed,2025-12-20,2025-12-20,2026-01-25,2026-01-27,20:00 ET,EXP-EXTN,P. Officer B,Pr. Officer D,Rev A,https://internal.example/ann/30098,Y,Y,Y,N,1192,5675112,3374656,892,N,N,Y,N,N,N,Completed
VES-030099,BNK-0600099,DEP-09000099,CDS,Kestrel Resources plc,S643872,SIDDRYO1O,GBSIDDRYO1O5,LS4NBYF,United States,Annual Redemption Privilege,Beacon Acquisition Corp,New,Closed,2025-09-21,2025-09-22,2025-10-21,2025-10-23,17:00 ET,,P. Officer B,Pr. Officer A,Rev C,https://internal.example/ann/30099,Y,Y,Y,Y,234,1027494,475610,38,N,N,N,N,N,N,Completed
VES-030100,BNK-0600100,DEP-09000100,DTC,Zephyr Resources NV,S793154,GKHRT44H6,BMGKHRT44H63,NB5NXXY,Bermuda,Exchange Offer,Issuer Itself,New,Pending,2026-04-01,2026-04-03,2026-04-26,2026-04-28,12:00 ET,BR-MISMATCH,P. Officer A,Pr. Officer A,Rev B,https://internal.example/ann/30100,N,N,Y,Y,1219,6006013,3869828,1185,N,N,N,N,N,N,Pending
VES-030101,BNK-0600101,DEP-09000101,CDS,Nightingale Communications NV,S907871,PR3TT2SBJ,KYPR3TT2SBJ1,X5RGJTW,Cayman Islands,Annual Redemption Privilege,Hightower Holdings,New,Pending,2026-05-14,2026-05-14,2026-06-02,2026-06-04,23:59 ET,TIME-SENS,P. Officer A,Pr. Officer A,Rev B,https://internal.example/ann/30101,N,N,Y,N,1111,965459,634425,715,Y,N,N,N,N,N,Pending
VES-030102,BNK-0600102,DEP-09000102,I&TS,Kestrel Industries NV,S904578,LW843F2IV,KYLW843F2IV3,DQ7SHD8,United Kingdom,Annual Redemption Privilege,Kingfisher Capital,New,Released,2026-02-24,2026-02-24,2026-03-26,2026-03-28,17:00 ET,BR-MISMATCH,P. Officer B,Pr. Officer A,Rev B,https://internal.example/ann/30102,Y,Y,Y,Y,1316,4545464,191405,1034,N,N,N,N,N,N,Released
VES-030103,BNK-0600103,DEP-09000103,Euroclear,Umbra Energy AG,S843399,BR0KI3125,KYBR0KI31252,2318X2N,Canada,Warrant Exercise,Ironclad Investments,Update,Released,2025-07-11,2025-07-11,2025-07-30,2025-08-01,18:00 ET,EXP-EXTN,P. Officer D,Pr. Officer D,Rev B,https://internal.example/ann/30103,Y,Y,Y,N,1477,2249471,494813,787,N,N,N,N,N,N,Released
VES-030104,BNK-0600104,DEP-09000104,CDS,Meadowfield Pharmaceuticals Ltd,S260312,K0PMUJVWY,GBK0PMUJVWY3,L99Z9JZ,Canada,Rights Offering,Beacon Acquisition Corp,New,Closed,2025-09-15,2025-09-15,2025-10-10,2025-10-12,23:59 ET,TIME-SENS,P. Officer A,Pr. Officer C,Rev B,https://internal.example/ann/30104,Y,Y,Y,N,743,343266,262340,126,N,N,N,N,N,N,Completed
VES-030105,BNK-0600105,DEP-09000105,Euroclear,Tideline Bank plc,S815467,H5VJV2PUJ,USH5VJV2PUJ7,FZR8P1K,Canada,Consent Exchange Offer,Capstone Holdings,Update,Cancelled,2025-06-07,2025-06-07,2025-07-06,2025-07-08,17:00 ET,,P. Officer B,Pr. Officer C,Rev B,https://internal.example/ann/30105,N,N,N,N,1837,7252476,1727186,1234,N,N,N,N,N,N,Cancelled
VES-030106,BNK-0600106,DEP-09000106,CDS,Kestrel Logistics NV,S214022,MF92A6Y9H,GBMF92A6Y9H3,NDPV2HB,Cayman Islands,Rights Offering,Issuer Itself,New,Released,2026-04-20,2026-04-21,2026-05-19,2026-05-21,12:00 ET,BR-MISMATCH,P. Officer C,Pr. Officer A,Rev B,https://internal.example/ann/30106,Y,Y,Y,N,83,404044,29289,4,N,N,N,N,Y,N,Released
VES-030107,BNK-0600107,DEP-09000107,I&TS,Harborlight Aerospace Inc,S271586,ZM2NGCQVP,CAZM2NGCQVP3,V7VJ9MQ,Canada,Tender Offer,Capstone Holdings,New,Released,2025-10-29,2025-10-29,2025-11-15,2025-11-17,20:00 ET,TIME-SENS,P. Officer B,Pr. Officer C,Rev C,https://internal.example/ann/30107,Y,Y,Y,Y,1678,1656186,1210734,1207,N,N,Y,N,N,Y,Released
VES-030108,BNK-0600108,DEP-09000108,Euroclear,Tideline Capital SA,S218466,80QXORTIR,KY80QXORTIR7,0FC9LTL,Canada,Tender Offer,Capstone Holdings,New,Released,2025-10-10,2025-10-10,2025-10-24,2025-10-26,12:00 ET,TIME-SENS,P. Officer B,Pr. Officer B,Rev C,https://internal.example/ann/30108,Y,Y,N,N,579,2665137,1158265,111,N,N,N,N,N,N,Released
VES-030109,BNK-0600109,DEP-09000109,Euroclear,Westmark Communications Inc,S571551,VXFZTXI76,CAVXFZTXI763,G6W6ZBW,United Kingdom,Late Tender Offer,Issuer Itself,Update,Released,2026-05-16,2026-05-17,2026-06-04,2026-06-06,17:00 ET,,P. Officer A,Pr. Officer D,Rev A,https://internal.example/ann/30109,Y,Y,Y,N,2201,6561181,180793,875,N,Y,N,N,N,N,Released
VES-030110,BNK-0600110,DEP-09000110,I&TS,Meadowfield Holdings AG,S671081,9DNRRNDAK,BM9DNRRNDAK9,22W315Z,Cayman Islands,Annual Redemption Privilege,Hightower Holdings,New,Released,2025-10-12,2025-10-14,2025-10-23,2025-10-25,20:00 ET,TIME-SENS,P. Officer C,Pr. Officer D,Rev B,https://internal.example/ann/30110,Y,Y,Y,Y,3084,7312164,4499048,1865,N,N,Y,N,N,N,Released
VES-030111,BNK-0600111,DEP-09000111,CDS,Umbra Technology SE,S970784,MD17LCOGJ,BMMD17LCOGJ6,2NZR91C,Bermuda,Consent Solicitation,Hightower Holdings,New,Closed,2025-08-16,2025-08-17,2025-09-10,2025-09-12,17:00 ET,DUAL-DEPO,P. Officer D,Pr. Officer D,Rev B,https://internal.example/ann/30111,Y,Y,Y,N,1467,2094876,530773,832,N,N,N,N,N,Y,Completed
VES-030112,BNK-0600112,DEP-09000112,Euroclear,Oakhill Media SE,S952865,2J5ZV2ZU7,US2J5ZV2ZU77,GWSJXSY,United Kingdom,Exchange Offer,Kingfisher Capital,New,Closed,2025-08-04,2025-08-06,2025-08-22,2025-08-24,23:59 ET,DOC-HEAVY,P. Officer B,Pr. Officer D,Rev A,https://internal.example/ann/30112,Y,Y,Y,N,2078,2485288,1273000,1102,N,N,N,N,N,N,Completed
VES-030113,BNK-0600113,DEP-09000113,Euroclear,Umbra Energy AG,S843399,BR0KI3125,KYBR0KI31252,2318X2N,Canada,Dutch Auction,Beacon Acquisition Corp,New,Pending,2026-04-26,2026-04-27,2026-05-24,2026-05-26,12:00 ET,EXP-EXTN,P. Officer A,Pr. Officer A,Rev A,https://internal.example/ann/30113,N,N,Y,N,168,582960,280019,46,N,N,N,Y,N,N,Pending
VES-030114,BNK-0600114,DEP-09000114,I&TS,Brightcap Bio Inc,S811067,M9AN33RDP,KYM9AN33RDP6,B0GSJSY,Bermuda,Convertible Debenture Conversion,Capstone Holdings,Update,On Hold,2026-01-05,2026-01-05,2026-01-15,2026-01-17,23:59 ET,EXP-EXTN,P. Officer B,Pr. Officer B,Rev A,https://internal.example/ann/30114,N,N,Y,N,810,1070010,745794,664,N,N,N,N,N,N,On Hold
VES-030115,BNK-0600115,DEP-09000115,DTC,Kestrel Industries NV,S904578,LW843F2IV,KYLW843F2IV3,DQ7SHD8,United Kingdom,Tender Offer,Ironclad Investments,New,Released,2026-02-11,2026-02-12,2026-03-18,2026-03-20,23:59 ET,DUAL-DEPO,P. Officer D,Pr. Officer C,Rev B,https://internal.example/ann/30115,Y,Y,Y,N,3162,8622774,5962289,2612,N,N,N,N,N,N,Released
VES-030116,BNK-0600116,DEP-09000116,CDS,Zephyr Resources NV,S387935,UMVU05V6P,KYUMVU05V6P4,RZSBMD2,United States,Early Tender Offer,Ridgepoint Capital,New,Pending,2025-10-28,2025-10-29,2025-11-15,2025-11-17,23:59 ET,EXP-EXTN,P. Officer B,Pr. Officer A,Rev A,https://internal.example/ann/30116,N,N,N,N,0,0,0,0,N,N,N,N,N,N,Pending
VES-030117,BNK-0600117,DEP-09000117,I&TS,Zephyr Mining Corp,S806053,K5PVFQKP8,CAK5PVFQKP88,609DWS0,United States,Monthly Redemption Privilege,Issuer Itself,New,On Hold,2025-11-30,2025-11-30,2026-01-01,2026-01-03,12:00 ET,TIME-SENS,P. Officer D,Pr. Officer D,Rev A,https://internal.example/ann/30117,N,N,N,N,3461,11272477,5023284,1905,N,N,N,N,Y,N,On Hold
VES-030118,BNK-0600118,DEP-09000118,CDS,Zephyr Communications Ltd,S805462,AM9642FPF,CAAM9642FPF1,ZJLTR26,United States,Consent Solicitation,Whitewater Group,New,On Hold,2025-06-18,2025-06-18,2025-07-06,2025-07-08,20:00 ET,DOC-HEAVY,P. Officer B,Pr. Officer B,Rev C,https://internal.example/ann/30118,N,N,N,N,1377,2730591,648849,996,Y,N,N,N,N,N,On Hold
VES-030119,BNK-0600119,DEP-09000119,I&TS,Westmark Capital AG,S327353,6LXRQUAZG,CA6LXRQUAZG3,MLV5YMN,Cayman Islands,Cease Trade Notice,Kingfisher Capital,New,Released,2026-03-27,2026-03-29,2026-04-28,2026-04-30,17:00 ET,TIME-SENS,P. Officer B,Pr. Officer B,Rev B,https://internal.example/ann/30119,Y,Y,Y,Y,449,858937,631127,115,N,N,N,N,N,N,Released
VES-030120,BNK-0600120,DEP-09000120,Euroclear,Meadowfield Pharmaceuticals Corp,S748889,PXPZ4C5PL,GBPXPZ4C5PL8,FS3CY22,Cayman Islands,Exchange Offer,Beacon Acquisition Corp,Update,Released,2025-11-07,2025-11-09,2025-11-20,2025-11-22,20:00 ET,EXP-EXTN,P. Officer A,Pr. Officer B,Rev C,https://internal.example/ann/30120,Y,Y,Y,Y,1850,5198500,1080469,1485,N,N,N,N,N,N,Released
VES-030121,BNK-0600121,DEP-09000121,I&TS,Evergreen Bank AG,S086943,WJ0U8M084,BMWJ0U8M0845,WQFP206,United States,Late Tender Offer,Hightower Holdings,New,Released,2025-09-09,2025-09-11,2025-09-25,2025-09-27,20:00 ET,TIME-SENS,P. Officer A,Pr. Officer D,Rev A,https://internal.example/ann/30121,Y,Y,Y,Y,661,746930,499342,628,N,N,N,N,N,N,Released
VES-030122,BNK-0600122,DEP-09000122,Euroclear,Juniper Mining plc,S007795,IOQSTII9A,CAIOQSTII9A6,3R3D9YG,Bermuda,Exchange Offer,Hightower Holdings,Update,Released,2025-08-17,2025-08-17,2025-08-25,2025-08-27,23:59 ET,BR-MISMATCH,P. Officer A,Pr. Officer A,Rev B,https://internal.example/ann/30122,Y,Y,Y,N,2236,4199208,292454,1543,Y,N,N,N,N,N,Released
VES-030123,BNK-0600123,DEP-09000123,Euroclear,Ironbridge Resources NV,S472726,I8OKQ4R2E,USI8OKQ4R2E2,VSR15NX,Canada,Warrant Exercise,Ironclad Investments,New,Closed,2025-07-04,2025-07-06,2025-07-14,2025-07-16,12:00 ET,TIME-SENS,P. Officer D,Pr. Officer C,Rev A,https://internal.example/ann/30123,Y,Y,Y,N,2498,7166762,3935894,146,N,N,N,N,N,N,Completed
VES-030124,BNK-0600124,DEP-09000124,DTC,Westmark Communications Inc,S571551,VXFZTXI76,CAVXFZTXI763,G6W6ZBW,United Kingdom,Cease Trade Notice,Capstone Holdings,Update,Cancelled,2026-01-19,2026-01-20,2026-01-28,2026-01-30,17:00 ET,,P. Officer A,Pr. Officer C,Rev A,https://internal.example/ann/30124,N,N,Y,Y,3142,8225756,6632642,2306,N,N,Y,N,N,N,Cancelled
VES-030125,BNK-0600125,DEP-09000125,DTC,Aldergrove Holdings AG,S962876,LSYULWI29,USLSYULWI294,BFF4LFS,Cayman Islands,Monthly Redemption Privilege,Whitewater Group,New,Released,2026-03-08,2026-03-08,2026-04-01,2026-04-03,20:00 ET,DUAL-DEPO,P. Officer A,Pr. Officer A,Rev A,https://internal.example/ann/30125,Y,Y,Y,N,2171,258349,38657,1255,N,N,N,N,N,N,Released
VES-030126,BNK-0600126,DEP-09000126,I&TS,Harborlight Aerospace Inc,S271586,ZM2NGCQVP,CAZM2NGCQVP3,V7VJ9MQ,Canada,Annual Redemption Privilege,Issuer Itself,Update,Released,2025-09-02,2025-09-03,2025-10-04,2025-10-06,18:00 ET,BR-MISMATCH,P. Officer D,Pr. Officer D,Rev C,https://internal.example/ann/30126,Y,Y,Y,Y,748,1798192,599234,337,N,N,N,N,N,N,Released
VES-030127,BNK-0600127,DEP-09000127,Euroclear,Cedarwood Resources SE,S016798,NIM4FYJ1L,BMNIM4FYJ1L8,MBTJW2S,United States,Odd Lot Offer,Stonecrest Partners,Update,Released,2025-06-25,2025-06-27,2025-07-30,2025-08-01,18:00 ET,DUAL-DEPO,P. Officer B,Pr. Officer B,Rev A,https://internal.example/ann/30127,Y,Y,N,N,3456,10243584,1917891,1850,N,N,N,N,N,N,Released
VES-030128,BNK-0600128,DEP-09000128,CDS,Evergreen Holdings NV,S369665,XVJ067O1D,CAXVJ067O1D4,CV67SBT,Canada,Annual Redemption Privilege,Hightower Holdings,New,Pending,2025-09-24,2025-09-26,2025-10-26,2025-10-28,20:00 ET,EXP-EXTN,P. Officer D,Pr. Officer C,Rev B,https://internal.example/ann/30128,N,N,Y,N,2252,747664,298943,2249,N,N,N,N,N,Y,Pending
VES-030129,BNK-0600129,DEP-09000129,CDS,Zephyr Energy plc,S442368,88CJZY7SJ,US88CJZY7SJ5,N4297G1,Cayman Islands,Exchange Offer,Ridgepoint Capital,Update,Released,2025-07-26,2025-07-27,2025-08-18,2025-08-20,12:00 ET,DUAL-DEPO,P. Officer B,Pr. Officer C,Rev B,https://internal.example/ann/30129,Y,Y,N,N,431,910703,443838,100,N,N,Y,N,N,N,Released
VES-030130,BNK-0600130,DEP-09000130,Euroclear,Evergreen Communications AG,S771436,1WTM0Q9K8,GB1WTM0Q9K87,GFM2M2V,Cayman Islands,Warrant Exercise,Northbridge Strategic,New,Closed,2026-04-06,2026-04-08,2026-04-25,2026-04-27,17:00 ET,EXP-EXTN,P. Officer D,Pr. Officer C,Rev C,https://internal.example/ann/30130,Y,Y,Y,N,1415,5163335,790998,12,N,N,Y,N,N,N,Completed
VES-030131,BNK-0600131,DEP-09000131,Euroclear,Aldergrove Capital Ltd,S028611,HCTD25I0Y,BMHCTD25I0Y7,2TDRVMN,United Kingdom,Consent Exchange Offer,Kingfisher Capital,New,Closed,2025-11-01,2025-11-02,2025-11-20,2025-11-22,20:00 ET,,P. Officer B,Pr. Officer B,Rev B,https://internal.example/ann/30131,Y,Y,N,Y,1739,8115913,1711737,84,Y,N,N,N,N,N,Completed
VES-030132,BNK-0600132,DEP-09000132,DTC,Westmark Bank NV,S883721,MX4MUPO3Z,GBMX4MUPO3Z9,KWN2Q2L,United States,Consent Solicitation,Hightower Holdings,New,Released,2026-04-28,2026-04-29,2026-05-26,2026-05-28,17:00 ET,,P. Officer B,Pr. Officer D,Rev B,https://internal.example/ann/30132,Y,Y,Y,N,1856,1460672,1207125,1784,N,N,N,N,Y,N,Released
VES-030133,BNK-0600133,DEP-09000133,CDS,Cedarwood Resources plc,S016773,YPFVBESJE,KYYPFVBESJE9,L678WMN,Canada,Consent Solicitation,Kingfisher Capital,Update,Pending,2026-05-13,2026-05-15,2026-06-04,2026-06-06,18:00 ET,EXP-EXTN,P. Officer C,Pr. Officer A,Rev A,https://internal.example/ann/30133,N,N,Y,Y,632,186440,145080,363,N,N,N,N,N,N,Pending
VES-030134,BNK-0600134,DEP-09000134,CDS,Quartz Peak Technology Corp,S260606,YW3XFMU6L,KYYW3XFMU6L5,GLD6ZD2,Bermuda,Early Tender Offer,Capstone Holdings,New,Released,2025-09-26,2025-09-28,2025-10-14,2025-10-16,18:00 ET,DOC-HEAVY,P. Officer C,Pr. Officer B,Rev C,https://internal.example/ann/30134,Y,Y,Y,N,3009,12652845,4120459,1539,N,N,N,N,N,N,Released
VES-030135,BNK-0600135,DEP-09000135,I&TS,Evergreen Resources SA,S975462,9H1OJJ39V,BM9H1OJJ39V9,ZZQPH3R,United States,Exchange Offer,Ironclad Investments,New,Released,2026-04-17,2026-04-17,2026-05-02,2026-05-04,12:00 ET,EXP-EXTN,P. Officer D,Pr. Officer B,Rev C,https://internal.example/ann/30135,Y,Y,Y,N,1142,1481174,964692,712,N,N,N,N,N,N,Released
VES-030136,BNK-0600136,DEP-09000136,Euroclear,Doverpoint Logistics SE,S477620,65E1CH6RA,GB65E1CH6RA3,VD35GZV,Canada,Cease Trade Notice,Ridgepoint Capital,New,Released,2025-07-28,2025-07-28,2025-08-08,2025-08-10,20:00 ET,BR-MISMATCH,P. Officer A,Pr. Officer A,Rev B,https://internal.example/ann/30136,Y,Y,Y,Y,0,0,0,0,N,N,N,N,N,N,Released
VES-030137,BNK-0600137,DEP-09000137,CDS,Quartz Peak Technology Corp,S260606,YW3XFMU6L,KYYW3XFMU6L5,GLD6ZD2,Bermuda,Mini-Tender,Whitewater Group,Update,Released,2025-11-12,2025-11-12,2025-11-26,2025-11-28,20:00 ET,DOC-HEAVY,P. Officer A,Pr. Officer D,Rev B,https://internal.example/ann/30137,Y,Y,Y,Y,1521,3791853,2776320,986,N,Y,N,N,N,N,Released
VES-030138,BNK-0600138,DEP-09000138,DTC,Ironbridge Bio AG,S037639,RBSOBVMN5,KYRBSOBVMN59,ZN7JLT2,United States,Warrant Redemption,Capstone Holdings,New,Released,2026-02-24,2026-02-24,2026-03-12,2026-03-14,18:00 ET,EXP-EXTN,P. Officer C,Pr. Officer A,Rev A,https://internal.example/ann/30138,Y,Y,Y,Y,975,67275,52924,625,N,N,N,N,N,N,Released
VES-030139,BNK-0600139,DEP-09000139,I&TS,Ironbridge Trust Ltd,S233668,TUTZBQQBM,BMTUTZBQQBM4,3C490TL,Canada,Consent Exchange Offer,Blackstar Holdings,New,Closed,2026-03-22,2026-03-22,2026-04-15,2026-04-17,17:00 ET,TIME-SENS,P. Officer A,Pr. Officer C,Rev B,https://internal.example/ann/30139,Y,Y,Y,Y,702,2851524,521693,362,N,N,N,N,N,N,Completed
VES-030140,BNK-0600140,DEP-09000140,I&TS,Kestrel Properties SA,S204493,51Z8MX6JB,GB51Z8MX6JB9,2BZL536,Cayman Islands,Consent Solicitation,Kingfisher Capital,Update,Closed,2026-03-06,2026-03-07,2026-04-06,2026-04-08,12:00 ET,DOC-HEAVY,P. Officer D,Pr. Officer B,Rev C,https://internal.example/ann/30140,Y,Y,Y,N,1110,2941500,210369,649,N,N,Y,N,N,N,Completed
VES-030141,BNK-0600141,DEP-09000141,Euroclear,Juniper Resources AG,S873587,H9GTF85MN,GBH9GTF85MN0,YXW8L2Y,Canada,Monthly Redemption Privilege,Stonecrest Partners,New,Pending,2025-06-04,2025-06-06,2025-06-27,2025-06-29,12:00 ET,EXP-EXTN,P. Officer A,Pr. Officer B,Rev B,https://internal.example/ann/30141,N,N,Y,N,2499,4193322,3265147,428,N,N,N,N,N,N,Pending
VES-030142,BNK-0600142,DEP-09000142,Euroclear,Evergreen Holdings Ltd,S623726,J38QTE4MI,BMJ38QTE4MI3,74GVLZR,Cayman Islands,Odd Lot Offer,Hightower Holdings,Update,On Hold,2025-10-25,2025-10-25,2025-11-24,2025-11-26,20:00 ET,TIME-SENS,P. Officer C,Pr. Officer C,Rev A,https://internal.example/ann/30142,N,N,N,Y,1555,3595160,2575817,771,N,N,N,N,N,N,On Hold
VES-030143,BNK-0600143,DEP-09000143,CDS,Zephyr Logistics plc,S462195,YSTBFXPUK,CAYSTBFXPUK3,4DS918Q,United States,Warrant Exercise,Greylock Acquisition,New,Cancelled,2025-09-25,2025-09-25,2025-11-01,2025-11-03,18:00 ET,TIME-SENS,P. Officer C,Pr. Officer B,Rev B,https://internal.example/ann/30143,N,N,N,N,1228,2457228,1153100,520,Y,N,N,N,N,N,Cancelled
VES-030144,BNK-0600144,DEP-09000144,CDS,Fairhaven Logistics AG,S951288,EKLS5ZYG2,CAEKLS5ZYG24,V78K3CX,Bermuda,Warrant Exercise,Hightower Holdings,New,Released,2026-03-05,2026-03-05,2026-04-07,2026-04-09,17:00 ET,,P. Officer A,Pr. Officer C,Rev A,https://internal.example/ann/30144,Y,Y,N,N,2008,883520,644907,1761,N,N,Y,N,N,N,Released
VES-030145,BNK-0600145,DEP-09000145,CDS,Zephyr Logistics plc,S462195,YSTBFXPUK,CAYSTBFXPUK3,4DS918Q,United States,Tender Offer,Beacon Acquisition Corp,Update,Closed,2026-03-26,2026-03-26,2026-04-27,2026-04-29,18:00 ET,BR-MISMATCH,P. Officer B,Pr. Officer A,Rev B,https://internal.example/ann/30145,Y,Y,Y,Y,3258,10552662,7477183,69,N,N,N,N,N,N,Completed
VES-030146,BNK-0600146,DEP-09000146,Euroclear,Westmark Mining SE,S470459,MPXVBOQDE,KYMPXVBOQDE2,QT17Y5N,United Kingdom,Rights Offering,Ironclad Investments,New,Released,2025-11-16,2025-11-18,2025-12-18,2025-12-20,17:00 ET,BR-MISMATCH,P. Officer C,Pr. Officer A,Rev B,https://internal.example/ann/30146,Y,Y,Y,Y,1883,5922035,1810976,1875,Y,N,N,N,N,N,Released
VES-030147,BNK-0600147,DEP-09000147,DTC,Cedarwood Logistics Ltd,S427498,4K56TL7AF,CA4K56TL7AF0,LCKZQXG,United States,Monthly Redemption Privilege,Greylock Acquisition,New,Released,2025-06-05,2025-06-05,2025-06-24,2025-06-26,12:00 ET,DOC-HEAVY,P. Officer B,Pr. Officer B,Rev B,https://internal.example/ann/30147,Y,Y,Y,Y,3205,6214495,280244,2346,N,N,N,N,N,N,Released
VES-030148,BNK-0600148,DEP-09000148,I&TS,Oakhill Trust SA,S432221,AYUUHZS0P,CAAYUUHZS0P3,BQ4M2QQ,United States,Rights Offering,Beacon Acquisition Corp,New,Closed,2026-05-03,2026-05-05,2026-06-06,2026-06-08,23:59 ET,EXP-EXTN,P. Officer C,Pr. Officer A,Rev B,https://internal.example/ann/30148,Y,Y,Y,N,1560,801840,93084,439,N,N,Y,N,N,N,Completed
VES-030149,BNK-0600149,DEP-09000149,Euroclear,Verdant Resources Ltd,S932609,LD5IW7BC9,GBLD5IW7BC93,C912K52,United Kingdom,Dutch Auction,Blackstar Holdings,Update,Released,2026-02-13,2026-02-13,2026-02-28,2026-03-02,23:59 ET,TIME-SENS,P. Officer D,Pr. Officer C,Rev B,https://internal.example/ann/30149,Y,Y,Y,Y,3178,4461912,1596250,3102,N,N,N,Y,N,N,Released
VES-030150,BNK-0600150,DEP-09000150,CDS,Verdant Energy Corp,S709794,GQL3ARI8Z,KYGQL3ARI8Z4,ZK2K3T9,United States,Tender Offer,Hightower Holdings,New,Cancelled,2025-09-17,2025-09-19,2025-09-28,2025-09-30,20:00 ET,TIME-SENS,P. Officer D,Pr. Officer D,Rev B,https://internal.example/ann/30150,N,N,Y,Y,3401,14869172,4754929,1848,N,N,N,N,N,N,Cancelled
