Bulletin Review ID,Review Date,Previous Business Date,Depository,Bulletin ID,Depository Event ID,Report Type,Event Type,Sub Event Type,Release Type,CA Type,Security Name,Security Code,CUSIP,ISIN,SEDOL,Holder Check Performed Flag,Holder Check System,Holder Count,No Holders Flag,No Security Code Flag,Added To VES Flag,Added To No Holders Report Flag,Existing VES Record Flag,VES Status,VES New/Update Indicator,Input Date Updated Flag,Extension Required Flag,Update Required Flag,FIO Flag,TNA Flag,Forwarded To Processing Officer Flag,Forwarded To Publishing Officer Flag,Forwarded To Shareholder Services Flag,Routed To Mandatory Team Flag,Comment,Font Colour Indicator,Email Distribution Required Flag
BR-0080001,2025-10-03,2025-10-02,I&TS,BUL-I&TS-633857,DEP-09000001,PDF Binder,Consent Solicitation,,Final,,Evergreen Bank AG,S086943,WJ0U8M084,BMWJ0U8M0845,WQFP206,Y,DSNet,2033,N,N,Y,N,N,Pending,New,N,N,N,N,N,Y,Y,N,N,Cross-depo discrepancy; using bulk-of-holdings expiry.,Green,Y
BR-0080002,2025-10-13,2025-10-12,I&TS,BUL-I&TS-366129,DEP-09000001,Macro-Created Report,Consent Solicitation,,Update,,Evergreen Bank AG,S086943,WJ0U8M084,BMWJ0U8M0845,WQFP206,Y,Broadridge,2038,N,N,N,N,Y,Pending,Update,N,N,Y,N,N,Y,Y,N,N,Holder check confirms population.,Red,N
BR-0080003,2025-05-30,2025-05-29,CDS,BUL-CDS-294267,DEP-09000002,CDS Daily Bulletin,Annual Redemption Privilege,,Update,G,Brightcap Energy SE,S849963,EPUSLD2LR,KYEPUSLD2LR1,T0W13Q2,Y,Broadridge,2696,N,N,Y,N,N,Released,New,N,N,N,N,N,Y,Y,Y,N,Document package received from offeror.,Green,N
BR-0080004,2025-06-09,2025-06-08,CDS,BUL-CDS-303836,DEP-09000002,CDS Daily Bulletin,Annual Redemption Privilege,,Initial,M,Brightcap Energy SE,S849963,EPUSLD2LR,KYEPUSLD2LR1,T0W13Q2,Y,DSNet,2697,N,N,N,N,Y,Released,Update,N,N,Y,N,N,Y,Y,N,N,Concurrent event flagged for procedure review.,Black,N
BR-0080005,2026-05-01,2026-04-30,DTC,BUL-DTC-390794,DEP-09000003,RPA Create with Position,Monthly Redemption Privilege,,Initial,,Westmark Communications NV,S699641,XZLLXH802,KYXZLLXH8020,9GMBZBP,Y,RCM,1178,N,N,Y,N,N,Closed,New,N,N,N,N,N,Y,Y,N,N,Cross-depo discrepancy; using bulk-of-holdings expiry.,Green,N
BR-0080006,2026-05-03,2026-05-02,DTC,BUL-DTC-785392,DEP-09000003,RPA Create with Position,Monthly Redemption Privilege,,Update,,Westmark Communications NV,S699641,XZLLXH802,KYXZLLXH8020,9GMBZBP,Y,DSNet,1183,N,N,N,N,Y,Closed,Update,N,N,Y,N,N,Y,Y,N,N,Document package received from offeror.,Blue,N
BR-0080007,2026-03-29,2026-03-28,DTC,BUL-DTC-766684,DEP-09000004,Declared Payable Redemptions,Dutch Auction,,Initial,,Cedarwood Bio Corp,S276997,BXHGDKLOM,GBBXHGDKLOM3,98R4WBP,Y,RCM,0,Y,N,Y,Y,N,Pending,New,N,N,N,N,N,N,N,N,N,Holder check confirms population.,Black,N
BR-0080008,2026-04-04,2026-04-03,DTC,BUL-DTC-536995,DEP-09000004,RPA Updated with Position,Dutch Auction,,Initial,,Cedarwood Bio Corp,S276997,BXHGDKLOM,GBBXHGDKLOM3,98R4WBP,Y,DSNet,3,N,N,N,N,Y,Pending,Update,N,N,Y,N,N,Y,Y,N,N,Document package received from offeror.,Blue,N
BR-0080009,2025-08-15,2025-08-14,CDS,BUL-CDS-750738,DEP-09000005,CDS Daily Bulletin,Consent Exchange Offer,,Initial,G,Kestrel Resources plc,S643872,SIDDRYO1O,GBSIDDRYO1O5,LS4NBYF,Y,REOR,3185,N,N,Y,N,N,Released,New,N,N,N,N,N,Y,Y,N,N,,Green,N
BR-0080010,2025-08-25,2025-08-24,CDS,BUL-CDS-499733,DEP-09000005,CDS Daily Bulletin,Consent Exchange Offer,,Final,G,Kestrel Resources plc,S643872,SIDDRYO1O,GBSIDDRYO1O5,LS4NBYF,Y,DSNet,3183,N,N,N,N,Y,Released,Update,N,N,Y,N,N,Y,Y,N,N,Cross-depo discrepancy; using bulk-of-holdings expiry.,Blue,N
BR-0080011,2025-11-17,2025-11-16,CDS,BUL-CDS-715500,DEP-09000006,CDS Daily Bulletin,Odd Lot Offer,,Initial,G,Juniper Resources AG,S009268,7PUVMP1BD,US7PUVMP1BD8,55FM52Z,Y,Broadridge,2724,N,N,Y,N,N,Released,New,N,N,N,N,N,Y,Y,N,N,Update reflects revised expiry from depository.,Black,Y
BR-0080012,2026-01-01,2025-12-31,DTC,BUL-DTC-340927,DEP-09000007,RPA Create with Position,Early Tender Offer,,Final,,Doverpoint Energy Inc,S352499,0I0S2SFXQ,CA0I0S2SFXQ8,YNXT099,Y,RCM,1625,N,N,Y,N,N,On Hold,New,N,Y,N,N,N,Y,Y,N,N,Cross-depo discrepancy; using bulk-of-holdings expiry.,Green,N
BR-0080013,2026-01-10,2026-01-09,DTC,BUL-DTC-433490,DEP-09000007,Declared Payable Redemptions,Early Tender Offer,,Initial,,Doverpoint Energy Inc,S352499,0I0S2SFXQ,CA0I0S2SFXQ8,YNXT099,Y,REOR,1621,N,N,N,N,Y,On Hold,Update,N,N,Y,N,N,Y,Y,N,N,,Black,N
BR-0080014,2025-10-21,2025-10-20,DTC,BUL-DTC-289790,DEP-09000008,RPA Updated with Position,Tender Offer,,Final,,Zephyr Resources NV,S793154,GKHRT44H6,BMGKHRT44H63,NB5NXXY,Y,Broadridge,1922,N,N,Y,N,N,Released,New,N,N,N,N,N,Y,Y,N,N,Update reflects revised expiry from depository.,Green,N
BR-0080015,2025-10-25,2025-10-24,DTC,BUL-DTC-679356,DEP-09000008,RPA Create with Position,Tender Offer,,Update,,Zephyr Resources NV,S793154,GKHRT44H6,BMGKHRT44H63,NB5NXXY,Y,RCM,1921,N,N,N,N,Y,Released,Update,N,Y,Y,N,N,Y,Y,N,N,Cross-depo discrepancy; using bulk-of-holdings expiry.,Green,Y
BR-0080016,2026-03-02,2026-03-01,Euroclear,BUL-Euroclear-251230,DEP-09000009,Euroclear Daily Notice,Consent Exchange Offer,,Update,,Doverpoint Logistics SE,S477620,65E1CH6RA,GB65E1CH6RA3,VD35GZV,Y,REOR,2337,N,N,Y,N,N,Pending,New,N,N,N,N,N,Y,Y,N,N,No holders identified; archived to NHR.,Black,N
BR-0080017,2026-03-13,2026-03-12,Euroclear,BUL-Euroclear-544314,DEP-09000009,Euroclear Daily Notice,Consent Exchange Offer,,Initial,,Doverpoint Logistics SE,S477620,65E1CH6RA,GB65E1CH6RA3,VD35GZV,Y,REOR,2332,N,N,N,N,Y,Pending,Update,N,Y,Y,N,N,Y,Y,N,N,Concurrent event flagged for procedure review.,Blue,N
BR-0080018,2025-06-01,2025-05-31,I&TS,BUL-I&TS-185528,DEP-09000010,Email Attachment,Annual Redemption Privilege,,Update,,Evergreen Resources Corp,S740340,JSRFS7ZJF,CAJSRFS7ZJF3,BCYW1LY,Y,DSNet,1406,N,N,Y,N,N,Released,New,N,N,N,N,N,Y,Y,N,N,No holders identified; archived to NHR.,Blue,Y
BR-0080019,2025-06-10,2025-06-09,I&TS,BUL-I&TS-599648,DEP-09000010,Email Attachment,Annual Redemption Privilege,,Final,,Evergreen Resources Corp,S740340,JSRFS7ZJF,CAJSRFS7ZJF3,BCYW1LY,Y,REOR,1402,N,N,N,N,Y,Released,Update,N,N,Y,N,N,Y,Y,N,N,Cross-depo discrepancy; using bulk-of-holdings expiry.,Red,N
BR-0080020,2026-04-28,2026-04-27,I&TS,BUL-I&TS-751637,DEP-09000011,Email Attachment,Consent Exchange Offer,,Update,,Doverpoint Aerospace NV,S079844,WJHIH191Z,CAWJHIH191Z8,XYG814T,Y,RCM,1835,N,N,Y,N,N,Released,New,N,N,N,N,N,Y,Y,N,N,Concurrent event flagged for procedure review.,Red,N
BR-0080021,2026-05-07,2026-05-06,I&TS,BUL-I&TS-544713,DEP-09000011,Excel Conversion,Consent Exchange Offer,,Initial,,Doverpoint Aerospace NV,S079844,WJHIH191Z,CAWJHIH191Z8,XYG814T,Y,REOR,1832,N,N,N,N,Y,Released,Update,N,N,Y,N,N,Y,Y,Y,N,,Black,N
BR-0080022,2026-05-08,2026-05-07,I&TS,BUL-I&TS-599408,DEP-09000011,PDF Binder,Consent Exchange Offer,,Update,,Doverpoint Aerospace NV,S079844,WJHIH191Z,CAWJHIH191Z8,XYG814T,Y,Broadridge,1838,N,N,N,N,Y,Released,Update,N,N,Y,N,N,Y,Y,N,N,Cross-depo discrepancy; using bulk-of-holdings expiry.,Green,Y
BR-0080023,2025-06-03,2025-06-02,Euroclear,BUL-Euroclear-991168,DEP-09000012,Euroclear Daily Notice,Mini-Tender,,Final,,Doverpoint Logistics AG,S261918,2KJYFZQOM,GB2KJYFZQOM3,142DW4T,Y,RCM,2385,N,N,Y,N,N,Closed,New,N,N,N,N,N,Y,Y,N,N,Concurrent event flagged for procedure review.,Blue,Y
BR-0080024,2025-06-10,2025-06-09,Euroclear,BUL-Euroclear-906324,DEP-09000012,Euroclear Daily Notice,Mini-Tender,,Update,,Doverpoint Logistics AG,S261918,2KJYFZQOM,GB2KJYFZQOM3,142DW4T,Y,REOR,2382,N,N,N,N,Y,Closed,Update,N,Y,Y,N,N,Y,Y,N,N,No holders identified; archived to NHR.,Blue,N
BR-0080025,2025-06-12,2025-06-11,Euroclear,BUL-Euroclear-656367,DEP-09000012,Euroclear Daily Notice,Mini-Tender,,Update,,Doverpoint Logistics AG,S261918,2KJYFZQOM,GB2KJYFZQOM3,142DW4T,Y,REOR,2389,N,N,N,N,Y,Closed,Update,N,N,Y,N,N,Y,Y,N,N,No holders identified; archived to NHR.,Black,N
BR-0080026,2025-07-27,2025-07-26,I&TS,BUL-I&TS-702321,DEP-09000013,Email Attachment,Monthly Redemption Privilege,,Final,,Oakhill Capital Ltd,S175562,FMID9M4HJ,BMFMID9M4HJ7,95455HF,Y,DSNet,2519,N,N,Y,N,N,Released,New,N,N,N,N,N,Y,Y,Y,N,Holder check confirms population.,Red,Y
BR-0080027,2026-01-27,2026-01-26,CDS,BUL-CDS-131383,DEP-09000014,CDS Daily Bulletin,Tender Offer,,Initial,MWO,Riverstone Mining SA,S064793,WWNQC46JT,USWWNQC46JT9,XBPMX72,Y,RCM,1198,N,N,Y,N,N,Released,New,N,N,N,N,N,Y,Y,N,N,No holders identified; archived to NHR.,Red,N
BR-0080028,2026-02-03,2026-02-02,CDS,BUL-CDS-911946,DEP-09000014,CDS Daily Bulletin,Tender Offer,,Update,G,Riverstone Mining SA,S064793,WWNQC46JT,USWWNQC46JT9,XBPMX72,Y,RCM,1198,N,N,N,N,Y,Released,Update,N,Y,Y,N,N,Y,Y,N,N,Holder check confirms population.,Red,Y
BR-0080029,2025-10-15,2025-10-14,Euroclear,BUL-Euroclear-537168,DEP-09000015,Euroclear Daily Notice,Tender Offer,,Initial,,Doverpoint Media SE,S586514,B5LQ0YNTP,CAB5LQ0YNTP1,9K97ZQX,Y,RCM,1722,N,N,Y,N,N,Released,New,N,N,N,N,N,Y,Y,N,N,Cross-depo discrepancy; using bulk-of-holdings expiry.,Blue,Y
BR-0080030,2025-10-26,2025-10-25,Euroclear,BUL-Euroclear-474778,DEP-09000015,Euroclear Daily Notice,Tender Offer,,Update,,Doverpoint Media SE,S586514,B5LQ0YNTP,CAB5LQ0YNTP1,9K97ZQX,Y,RCM,1718,N,N,N,N,Y,Released,Update,N,Y,Y,N,N,Y,Y,Y,N,Document package received from offeror.,Black,N
BR-0080031,2025-08-09,2025-08-08,I&TS,BUL-I&TS-617830,DEP-09000016,Macro-Created Report,Rights Offering,,Final,,Brightcap Bank SA,S699326,O6QB2IAG0,CAO6QB2IAG06,F140X0B,Y,DSNet,479,N,N,Y,N,N,Pending,New,N,N,N,N,N,Y,Y,N,N,Document package received from offeror.,Green,N
BR-0080032,2025-09-17,2025-09-16,Euroclear,BUL-Euroclear-242638,DEP-09000017,Euroclear Daily Notice,Late Tender Offer,,Update,,Northstar Properties plc,S323064,CADBAYROA,GBCADBAYROA3,N07PG5G,Y,DSNet,3205,N,N,Y,N,N,Pending,New,N,N,N,N,N,Y,Y,N,N,Holder check confirms population.,Black,N
BR-0080033,2025-09-29,2025-09-28,Euroclear,BUL-Euroclear-823617,DEP-09000017,Euroclear Daily Notice,Late Tender Offer,,Initial,,Northstar Properties plc,S323064,CADBAYROA,GBCADBAYROA3,N07PG5G,Y,RCM,3207,N,N,N,N,Y,Pending,Update,N,N,Y,N,N,Y,Y,N,N,Holder check confirms population.,Red,N
BR-0080034,2025-09-21,2025-09-20,Euroclear,BUL-Euroclear-642876,DEP-09000017,Euroclear Daily Notice,Late Tender Offer,,Initial,,Northstar Properties plc,S323064,CADBAYROA,GBCADBAYROA3,N07PG5G,Y,RCM,3201,N,N,N,N,Y,Pending,Update,N,N,Y,N,N,Y,Y,Y,N,Document package received from offeror.,Green,Y
BR-0080035,2025-07-06,2025-07-05,CDS,BUL-CDS-416311,DEP-09000018,CDS Daily Bulletin,Mini-Tender,,Update,G,Meadowfield Capital SE,S469648,UT9KRWR57,GBUT9KRWR578,M6ZSKH6,Y,REOR,1152,N,N,Y,N,N,On Hold,New,N,N,N,N,N,Y,Y,N,N,No holders identified; archived to NHR.,Black,Y
BR-0080036,2025-07-14,2025-07-13,CDS,BUL-CDS-608718,DEP-09000018,CDS Daily Bulletin,Mini-Tender,,Update,M,Meadowfield Capital SE,S469648,UT9KRWR57,GBUT9KRWR578,M6ZSKH6,Y,REOR,1154,N,N,N,N,Y,On Hold,Update,N,N,Y,N,N,Y,Y,N,N,Cross-depo discrepancy; using bulk-of-holdings expiry.,Green,N
BR-0080037,2026-02-14,2026-02-13,DTC,BUL-DTC-465028,DEP-09000019,RPA Create with Position,Warrant Exercise,,Final,,Zephyr Communications plc,S519946,NOS5NV2EQ,USNOS5NV2EQ2,2GSKC6H,Y,REOR,2266,N,N,Y,N,N,Closed,New,N,N,N,N,N,Y,Y,N,N,,Red,Y
BR-0080038,2026-02-19,2026-02-18,DTC,BUL-DTC-139150,DEP-09000019,RPA Create with Position,Warrant Exercise,,Update,,Zephyr Communications plc,S519946,NOS5NV2EQ,USNOS5NV2EQ2,2GSKC6H,Y,RCM,2270,N,N,N,N,Y,Closed,Update,N,N,Y,N,N,Y,Y,N,N,Cross-depo discrepancy; using bulk-of-holdings expiry.,Blue,N
BR-0080039,2026-02-18,2026-02-17,DTC,BUL-DTC-733675,DEP-09000019,RPA Updated with Position,Warrant Exercise,,Update,,Zephyr Communications plc,S519946,NOS5NV2EQ,USNOS5NV2EQ2,2GSKC6H,Y,REOR,2270,N,N,N,N,Y,Closed,Update,N,N,Y,N,N,Y,Y,N,N,Update reflects revised expiry from depository.,Blue,Y
BR-0080040,2025-07-22,2025-07-21,I&TS,BUL-I&TS-669950,DEP-09000020,Excel Conversion,Odd Lot Offer,,Final,,Aldergrove Bank Inc,S821591,W9DJSSI40,CAW9DJSSI403,9TP23Z2,Y,RCM,2352,N,N,Y,N,N,Closed,New,N,N,N,N,N,Y,Y,N,N,Holder check confirms population.,Black,N
BR-0080041,2025-07-25,2025-07-24,I&TS,BUL-I&TS-715445,DEP-09000020,Email Attachment,Odd Lot Offer,,Initial,,Aldergrove Bank Inc,S821591,W9DJSSI40,CAW9DJSSI403,9TP23Z2,Y,RCM,2351,N,N,N,N,Y,Closed,Update,N,N,Y,N,N,Y,Y,N,N,Document package received from offeror.,Blue,N
BR-0080042,2025-07-27,2025-07-26,I&TS,BUL-I&TS-870395,DEP-09000020,Macro-Created Report,Odd Lot Offer,,Initial,,Aldergrove Bank Inc,S821591,W9DJSSI40,CAW9DJSSI403,9TP23Z2,Y,REOR,2351,N,N,N,N,Y,Closed,Update,N,Y,Y,N,N,Y,Y,Y,N,Update reflects revised expiry from depository.,Red,Y
BR-0080043,2026-03-16,2026-03-15,CDS,BUL-CDS-916606,DEP-09000021,CDS Daily Bulletin,Consent Solicitation,,Initial,V,Juniper Trust SE,S318943,2EPJ4KOM6,GB2EPJ4KOM66,17TNKQL,Y,REOR,1968,N,N,Y,N,N,Released,New,N,N,N,N,N,Y,Y,N,N,,Blue,Y
BR-0080044,2026-03-20,2026-03-19,CDS,BUL-CDS-138014,DEP-09000021,CDS Daily Bulletin,Consent Solicitation,,Final,MWO,Juniper Trust SE,S318943,2EPJ4KOM6,GB2EPJ4KOM66,17TNKQL,Y,REOR,1966,N,N,N,N,Y,Released,Update,N,N,Y,N,N,Y,Y,N,N,Concurrent event flagged for procedure review.,Green,N
BR-0080045,2025-08-30,2025-08-29,Euroclear,BUL-Euroclear-766336,DEP-09000022,Euroclear Daily Notice,Consent Exchange Offer,,Initial,,Glenmoor Capital AG,S302522,PBSRFJ2Q6,GBPBSRFJ2Q67,6YXR6Z3,Y,DSNet,905,N,N,Y,N,N,Released,New,N,N,N,N,N,Y,Y,N,N,No holders identified; archived to NHR.,Red,N
BR-0080046,2025-12-10,2025-12-09,I&TS,BUL-I&TS-917994,DEP-09000023,Email Attachment,Convertible Debenture Conversion,,Initial,,Evergreen Bank AG,S086943,WJ0U8M084,BMWJ0U8M0845,WQFP206,Y,RCM,2686,N,N,Y,N,N,Closed,New,N,N,N,N,N,Y,Y,N,N,,Blue,N
BR-0080047,2025-12-16,2025-12-15,I&TS,BUL-I&TS-290423,DEP-09000023,PDF Binder,Convertible Debenture Conversion,,Final,,Evergreen Bank AG,S086943,WJ0U8M084,BMWJ0U8M0845,WQFP206,Y,Broadridge,2681,N,N,N,N,Y,Closed,Update,N,N,Y,N,N,Y,Y,N,N,Cross-depo discrepancy; using bulk-of-holdings expiry.,Red,N
BR-0080048,2025-12-12,2025-12-11,I&TS,BUL-I&TS-146934,DEP-09000024,Excel Conversion,Dutch Auction,,Final,,Pinewright Industries plc,S073457,P7AMV17FX,KYP7AMV17FX7,JNRVG0M,Y,RCM,3119,N,N,Y,N,N,Released,New,N,N,N,N,N,Y,Y,N,N,,Black,N
BR-0080049,2025-12-20,2025-12-19,I&TS,BUL-I&TS-919883,DEP-09000024,Macro-Created Report,Dutch Auction,,Initial,,Pinewright Industries plc,S073457,P7AMV17FX,KYP7AMV17FX7,JNRVG0M,Y,Broadridge,3123,N,N,N,N,Y,Released,Update,N,N,Y,N,N,Y,Y,N,N,Holder check confirms population.,Green,Y
BR-0080050,2025-08-24,2025-08-23,DTC,BUL-DTC-542424,DEP-09000025,Declared Payable Redemptions,Odd Lot Offer,,Initial,,Meadowfield Media Inc,S640378,74DN24QPH,CA74DN24QPH4,H085KZ6,Y,DSNet,2623,N,N,Y,N,N,Released,New,N,N,N,N,N,Y,Y,N,N,No holders identified; archived to NHR.,Red,N
BR-0080051,2025-09-05,2025-09-04,DTC,BUL-DTC-588199,DEP-09000025,RPA Updated with Position,Odd Lot Offer,,Update,,Meadowfield Media Inc,S640378,74DN24QPH,CA74DN24QPH4,H085KZ6,Y,RCM,2621,N,N,N,N,Y,Released,Update,N,N,Y,N,N,Y,Y,N,N,No holders identified; archived to NHR.,Red,Y
BR-0080052,2026-04-16,2026-04-15,Euroclear,BUL-Euroclear-131946,DEP-09000026,Euroclear Daily Notice,Consent Exchange Offer,,Initial,,Westmark Pharmaceuticals Corp,S617759,TVY0KEAUQ,KYTVY0KEAUQ9,JWPH8YN,Y,DSNet,3385,N,N,Y,N,N,Released,New,N,N,N,N,N,Y,Y,N,N,,Red,N
BR-0080053,2026-04-22,2026-04-21,Euroclear,BUL-Euroclear-563131,DEP-09000026,Euroclear Daily Notice,Consent Exchange Offer,,Update,,Westmark Pharmaceuticals Corp,S617759,TVY0KEAUQ,KYTVY0KEAUQ9,JWPH8YN,Y,REOR,3389,N,N,N,N,Y,Released,Update,N,N,Y,N,N,Y,Y,N,N,,Black,N
BR-0080054,2026-03-11,2026-03-10,CDS,BUL-CDS-642077,DEP-09000027,CDS Daily Bulletin,Tender Offer,,Final,MWO,Evergreen Properties SE,S027873,0BV6UOYI6,GB0BV6UOYI68,8SRBYD2,Y,Broadridge,3006,N,N,Y,N,N,Released,New,N,N,N,N,N,Y,Y,N,N,Concurrent event flagged for procedure review.,Red,Y
BR-0080055,2026-03-21,2026-03-20,CDS,BUL-CDS-294615,DEP-09000027,CDS Daily Bulletin,Tender Offer,,Initial,G,Evergreen Properties SE,S027873,0BV6UOYI6,GB0BV6UOYI68,8SRBYD2,Y,REOR,3007,N,N,N,N,Y,Released,Update,N,N,Y,N,N,Y,Y,N,N,,Red,N
BR-0080056,2026-03-29,2026-03-28,I&TS,BUL-I&TS-732398,DEP-09000028,Macro-Created Report,Dutch Auction,,Final,,Harborlight Aerospace Inc,S271586,ZM2NGCQVP,CAZM2NGCQVP3,V7VJ9MQ,Y,DSNet,869,N,N,Y,N,N,Released,New,N,N,N,N,N,Y,Y,N,N,No holders identified; archived to NHR.,Green,N
BR-0080057,2026-04-08,2026-04-07,I&TS,BUL-I&TS-818105,DEP-09000028,Excel Conversion,Dutch Auction,,Update,,Harborlight Aerospace Inc,S271586,ZM2NGCQVP,CAZM2NGCQVP3,V7VJ9MQ,Y,DSNet,874,N,N,N,N,Y,Released,Update,N,N,Y,N,N,Y,Y,N,N,Update reflects revised expiry from depository.,Black,N
BR-0080058,2026-04-04,2026-04-03,I&TS,BUL-I&TS-898998,DEP-09000028,Macro-Created Report,Dutch Auction,,Update,,Harborlight Aerospace Inc,S271586,ZM2NGCQVP,CAZM2NGCQVP3,V7VJ9MQ,Y,DSNet,869,N,N,N,N,Y,Released,Update,N,N,Y,N,N,Y,Y,N,N,Concurrent event flagged for procedure review.,Green,N
BR-0080059,2025-12-13,2025-12-12,DTC,BUL-DTC-596385,DEP-09000029,Declared Payable Redemptions,Warrant Redemption,,Initial,,Juniper Bio Inc,S758381,D8W72I6BN,GBD8W72I6BN5,5STQBRH,Y,REOR,2204,N,N,Y,N,N,Released,New,N,N,N,N,N,Y,Y,N,N,Holder check confirms population.,Black,N
BR-0080060,2025-12-24,2025-12-23,DTC,BUL-DTC-816984,DEP-09000029,RPA Create with Position,Warrant Redemption,,Initial,,Juniper Bio Inc,S758381,D8W72I6BN,GBD8W72I6BN5,5STQBRH,Y,DSNet,2209,N,N,N,N,Y,Released,Update,N,N,Y,N,N,Y,Y,N,N,Holder check confirms population.,Blue,N
BR-0080061,2026-05-09,2026-05-08,Euroclear,BUL-Euroclear-687123,DEP-09000030,Euroclear Daily Notice,Monthly Redemption Privilege,,Update,,Umbra Trust SE,S281943,9JWT9UK7L,US9JWT9UK7L3,8J3M7PK,Y,RCM,731,N,N,Y,N,N,Released,New,N,N,N,N,N,Y,Y,N,N,Document package received from offeror.,Black,N
BR-0080062,2026-05-13,2026-05-12,Euroclear,BUL-Euroclear-680183,DEP-09000030,Euroclear Daily Notice,Monthly Redemption Privilege,,Initial,,Umbra Trust SE,S281943,9JWT9UK7L,US9JWT9UK7L3,8J3M7PK,Y,RCM,728,N,N,N,N,Y,Released,Update,N,N,Y,N,N,Y,Y,N,N,Concurrent event flagged for procedure review.,Green,Y
BR-0080063,2026-04-13,2026-04-12,Euroclear,BUL-Euroclear-273751,DEP-09000031,Euroclear Daily Notice,Late Tender Offer,,Initial,,Quartz Peak Aerospace AG,S833480,14UX5LUIH,GB14UX5LUIH2,MTZKKYN,Y,RCM,0,Y,N,Y,Y,N,On Hold,New,N,N,N,N,N,N,N,N,N,Holder check confirms population.,Blue,Y
BR-0080064,2026-04-25,2026-04-24,Euroclear,BUL-Euroclear-950577,DEP-09000031,Euroclear Daily Notice,Late Tender Offer,,Initial,,Quartz Peak Aerospace AG,S833480,14UX5LUIH,GB14UX5LUIH2,MTZKKYN,Y,Broadridge,1,N,N,N,N,Y,On Hold,Update,N,N,Y,N,N,Y,Y,Y,N,Cross-depo discrepancy; using bulk-of-holdings expiry.,Red,Y
BR-0080065,2026-03-25,2026-03-24,CDS,BUL-CDS-661287,DEP-09000032,CDS Daily Bulletin,Odd Lot Offer,,Final,V,Quartz Peak Logistics NV,S696737,EJ6XXBL7E,BMEJ6XXBL7E0,LP95M15,Y,REOR,2218,N,N,Y,N,N,Released,New,N,Y,N,N,N,Y,Y,N,N,Document package received from offeror.,Blue,N
BR-0080066,2026-03-31,2026-03-30,CDS,BUL-CDS-249603,DEP-09000032,CDS Daily Bulletin,Odd Lot Offer,,Initial,M,Quartz Peak Logistics NV,S696737,EJ6XXBL7E,BMEJ6XXBL7E0,LP95M15,Y,DSNet,2216,N,N,N,N,Y,Released,Update,N,Y,Y,N,N,Y,Y,N,N,,Red,N
BR-0080067,2025-11-02,2025-11-01,I&TS,BUL-I&TS-887177,DEP-09000033,Email Attachment,Dutch Auction,,Update,,Larkspur Energy SA,S945860,RZIDHS7DG,GBRZIDHS7DG4,75RVDNK,Y,DSNet,2269,N,N,Y,N,N,Released,New,N,N,N,N,N,Y,Y,N,N,Cross-depo discrepancy; using bulk-of-holdings expiry.,Blue,N
BR-0080068,2026-05-16,2026-05-15,CDS,BUL-CDS-900911,DEP-09000034,CDS Daily Bulletin,Rights Offering,,Final,M,Meadowfield Pharmaceuticals Ltd,S260312,K0PMUJVWY,GBK0PMUJVWY3,L99Z9JZ,Y,REOR,686,N,N,Y,N,N,Released,New,N,N,N,N,N,Y,Y,N,N,Concurrent event flagged for procedure review.,Red,N
BR-0080069,2026-05-22,2026-05-21,CDS,BUL-CDS-505969,DEP-09000034,CDS Daily Bulletin,Rights Offering,,Update,M,Meadowfield Pharmaceuticals Ltd,S260312,K0PMUJVWY,GBK0PMUJVWY3,L99Z9JZ,Y,REOR,681,N,N,N,N,Y,Released,Update,N,N,Y,N,N,Y,Y,N,N,Concurrent event flagged for procedure review.,Black,N
BR-0080070,2025-10-02,2025-10-01,DTC,BUL-DTC-934795,DEP-09000035,Declared Payable Redemptions,Consent Exchange Offer,,Update,,Juniper Pharmaceuticals SE,S202269,EO530JMR8,KYEO530JMR86,NKNXQMN,Y,RCM,2115,N,N,Y,N,N,Released,New,N,N,N,N,N,Y,Y,N,N,Holder check confirms population.,Black,N
BR-0080071,2026-02-24,2026-02-23,DTC,BUL-DTC-357166,DEP-09000036,RPA Updated with Position,Mini-Tender,,Initial,,Westmark Industries Corp,S639716,YAS8DLQQ7,KYYAS8DLQQ77,SW6BRC4,Y,DSNet,2067,N,N,Y,N,N,Closed,New,N,N,N,N,N,Y,Y,N,N,Update reflects revised expiry from depository.,Red,N
BR-0080072,2025-11-29,2025-11-28,CDS,BUL-CDS-985765,DEP-09000037,CDS Daily Bulletin,Late Tender Offer,,Final,MWO,Doverpoint Properties Ltd,S927373,Z5NPKC098,BMZ5NPKC0981,LL4FZT1,Y,DSNet,2187,N,N,Y,N,N,Closed,New,N,N,N,N,N,Y,Y,N,N,,Red,Y
BR-0080073,2025-12-09,2025-12-08,CDS,BUL-CDS-347959,DEP-09000037,CDS Daily Bulletin,Late Tender Offer,,Update,M,Doverpoint Properties Ltd,S927373,Z5NPKC098,BMZ5NPKC0981,LL4FZT1,Y,RCM,2183,N,N,N,N,Y,Closed,Update,N,N,Y,N,N,Y,Y,N,N,Update reflects revised expiry from depository.,Black,Y
BR-0080074,2025-12-18,2025-12-17,DTC,BUL-DTC-265004,DEP-09000038,Declared Payable Redemptions,Warrant Redemption,,Initial,,Harborlight Industries SE,S335197,PYSOTNDMF,CAPYSOTNDMF4,ZK4VM3S,Y,RCM,1805,N,N,Y,N,N,Pending,New,N,N,N,N,N,Y,Y,N,N,Cross-depo discrepancy; using bulk-of-holdings expiry.,Green,N
BR-0080075,2026-03-07,2026-03-06,Euroclear,BUL-Euroclear-738840,DEP-09000039,Euroclear Daily Notice,Odd Lot Offer,,Update,,Kestrel Industries NV,S904578,LW843F2IV,KYLW843F2IV3,DQ7SHD8,Y,Broadridge,1698,N,N,Y,N,N,Released,New,N,N,N,N,N,Y,Y,N,N,Document package received from offeror.,Red,N
BR-0080076,2026-03-17,2026-03-16,Euroclear,BUL-Euroclear-154619,DEP-09000039,Euroclear Daily Notice,Odd Lot Offer,,Initial,,Kestrel Industries NV,S904578,LW843F2IV,KYLW843F2IV3,DQ7SHD8,Y,Broadridge,1701,N,N,N,N,Y,Released,Update,N,N,Y,N,N,Y,Y,N,N,,Green,N
BR-0080077,2025-06-21,2025-06-20,I&TS,BUL-I&TS-983200,DEP-09000040,Email Attachment,Monthly Redemption Privilege,,Initial,,Ironbridge Mining plc,S725323,CFH0LWDKB,CACFH0LWDKB2,1D7XJRG,Y,RCM,2481,N,N,Y,N,N,Released,New,N,N,N,N,N,Y,Y,N,N,,Green,Y
BR-0080078,2025-07-02,2025-07-01,I&TS,BUL-I&TS-760221,DEP-09000040,Excel Conversion,Monthly Redemption Privilege,,Final,,Ironbridge Mining plc,S725323,CFH0LWDKB,CACFH0LWDKB2,1D7XJRG,Y,DSNet,2482,N,N,N,N,Y,Released,Update,N,N,Y,N,N,Y,Y,N,N,,Red,N
BR-0080079,2025-07-03,2025-07-02,I&TS,BUL-I&TS-423546,DEP-09000040,PDF Binder,Monthly Redemption Privilege,,Update,,Ironbridge Mining plc,S725323,CFH0LWDKB,CACFH0LWDKB2,1D7XJRG,Y,RCM,2486,N,N,N,N,Y,Released,Update,N,N,Y,N,N,Y,Y,N,N,Cross-depo discrepancy; using bulk-of-holdings expiry.,Black,Y
BR-0080080,2025-10-12,2025-10-11,Euroclear,BUL-Euroclear-496838,DEP-09000041,Euroclear Daily Notice,Warrant Redemption,,Update,,Doverpoint Media SE,S586514,B5LQ0YNTP,CAB5LQ0YNTP1,9K97ZQX,Y,RCM,1032,N,N,Y,N,N,Closed,New,N,N,N,N,N,Y,Y,N,N,,Green,N
BR-0080081,2025-08-06,2025-08-05,I&TS,BUL-I&TS-249916,DEP-09000042,Excel Conversion,Exchange Offer,,Update,,Cedarwood Resources Ltd,S649062,WYKE9O860,BMWYKE9O8602,YQ1CRVL,Y,REOR,2750,N,N,Y,N,N,Closed,New,N,N,N,N,N,Y,Y,Y,N,Document package received from offeror.,Blue,N
BR-0080082,2025-09-06,2025-09-05,DTC,BUL-DTC-848812,DEP-09000043,Declared Payable Redemptions,Rights Offering,,Final,,Fairhaven Energy AG,S137496,1584IYRSN,CA1584IYRSN6,C4KFZ58,Y,Broadridge,3004,N,N,Y,N,N,Released,New,N,N,N,N,N,Y,Y,Y,N,Document package received from offeror.,Blue,N
BR-0080083,2025-07-30,2025-07-29,Euroclear,BUL-Euroclear-804812,DEP-09000044,Euroclear Daily Notice,Dutch Auction,,Initial,,Kestrel Holdings NV,S997319,XVSDIEX0Q,USXVSDIEX0Q9,J6PJBR2,Y,RCM,2256,N,N,Y,N,N,Released,New,N,N,N,N,N,Y,Y,N,N,Holder check confirms population.,Green,N
BR-0080084,2025-06-10,2025-06-09,DTC,BUL-DTC-243398,DEP-09000045,RPA Updated with Position,Mini-Tender,,Final,,Oakhill Logistics Corp,S600207,MM1XVFLZZ,KYMM1XVFLZZ2,RKCDMB8,Y,RCM,3445,N,N,Y,N,N,Released,New,N,N,N,N,N,Y,Y,Y,N,No holders identified; archived to NHR.,Red,Y
BR-0080085,2025-09-11,2025-09-10,DTC,BUL-DTC-456327,DEP-09000046,RPA Updated with Position,Consent Exchange Offer,,Initial,,Glenmoor Holdings plc,S401117,HMWNR09HK,CAHMWNR09HK6,QRB00DH,Y,Broadridge,588,N,N,Y,N,N,Pending,New,N,N,N,N,N,Y,Y,N,N,No holders identified; archived to NHR.,Green,N
BR-0080086,2025-12-13,2025-12-12,Euroclear,BUL-Euroclear-507831,DEP-09000047,Euroclear Daily Notice,Warrant Redemption,,Update,,Larkspur Aerospace AG,S130331,JXIO6L01A,CAJXIO6L01A7,Z0W9ZCR,Y,RCM,1364,N,N,Y,N,N,Pending,New,N,N,N,N,N,Y,Y,N,N,,Red,Y
BR-0080087,2025-12-23,2025-12-22,Euroclear,BUL-Euroclear-876387,DEP-09000047,Euroclear Daily Notice,Warrant Redemption,,Final,,Larkspur Aerospace AG,S130331,JXIO6L01A,CAJXIO6L01A7,Z0W9ZCR,Y,DSNet,1364,N,N,N,N,Y,Pending,Update,N,Y,Y,N,N,Y,Y,N,N,Update reflects revised expiry from depository.,Black,N
BR-0080088,2025-12-26,2025-12-25,Euroclear,BUL-Euroclear-444771,DEP-09000047,Euroclear Daily Notice,Warrant Redemption,,Update,,Larkspur Aerospace AG,S130331,JXIO6L01A,CAJXIO6L01A7,Z0W9ZCR,Y,DSNet,1363,N,N,N,N,Y,Pending,Update,N,N,Y,N,Y,Y,Y,Y,N,Document package received from offeror.,Blue,Y
BR-0080089,2025-07-25,2025-07-24,Euroclear,BUL-Euroclear-910434,DEP-09000048,Euroclear Daily Notice,Consent Exchange Offer,,Update,,Yarrow Aerospace SA,S364869,243Q63M0K,GB243Q63M0K8,WN1F1T8,Y,RCM,1591,N,N,Y,N,N,Pending,New,N,N,N,N,N,Y,Y,Y,N,Update reflects revised expiry from depository.,Blue,Y
BR-0080090,2025-07-29,2025-07-28,Euroclear,BUL-Euroclear-716170,DEP-09000048,Euroclear Daily Notice,Consent Exchange Offer,,Initial,,Yarrow Aerospace SA,S364869,243Q63M0K,GB243Q63M0K8,WN1F1T8,Y,RCM,1590,N,N,N,N,Y,Pending,Update,N,N,Y,N,N,Y,Y,N,N,No holders identified; archived to NHR.,Blue,N
BR-0080091,2026-02-06,2026-02-05,DTC,BUL-DTC-934371,DEP-09000049,Declared Payable Redemptions,Dutch Auction,,Update,,Zephyr Communications plc,S519946,NOS5NV2EQ,USNOS5NV2EQ2,2GSKC6H,Y,REOR,623,N,N,Y,N,N,Released,New,N,N,N,N,N,Y,Y,N,N,,Blue,Y
BR-0080092,2026-01-15,2026-01-14,Euroclear,BUL-Euroclear-956258,DEP-09000050,Euroclear Daily Notice,Consent Exchange Offer,,Update,,Evergreen Holdings Ltd,S623726,J38QTE4MI,BMJ38QTE4MI3,74GVLZR,Y,Broadridge,443,N,N,Y,N,N,Closed,New,N,N,N,N,N,Y,Y,N,N,,Blue,N
BR-0080093,2026-01-26,2026-01-25,Euroclear,BUL-Euroclear-593831,DEP-09000050,Euroclear Daily Notice,Consent Exchange Offer,,Initial,,Evergreen Holdings Ltd,S623726,J38QTE4MI,BMJ38QTE4MI3,74GVLZR,Y,REOR,447,N,N,N,N,Y,Closed,Update,N,N,Y,N,N,Y,Y,N,N,Concurrent event flagged for procedure review.,Red,N
BR-0080094,2026-03-10,2026-03-09,Euroclear,BUL-Euroclear-768001,DEP-09000051,Euroclear Daily Notice,Monthly Redemption Privilege,,Final,,Tideline Aerospace AG,S651788,MDEPLR4KR,GBMDEPLR4KR3,NBTPCC8,Y,REOR,1012,N,N,Y,N,N,Released,New,N,Y,N,N,N,Y,Y,N,N,Concurrent event flagged for procedure review.,Green,Y
BR-0080095,2025-10-06,2025-10-05,Euroclear,BUL-Euroclear-623271,DEP-09000052,Euroclear Daily Notice,Warrant Exercise,,Update,,Tideline Bank plc,S815467,H5VJV2PUJ,USH5VJV2PUJ7,FZR8P1K,Y,DSNet,2818,N,N,Y,N,N,Released,New,N,N,N,N,N,Y,Y,N,N,,Green,N
BR-0080096,2025-10-14,2025-10-13,Euroclear,BUL-Euroclear-560642,DEP-09000052,Euroclear Daily Notice,Warrant Exercise,,Final,,Tideline Bank plc,S815467,H5VJV2PUJ,USH5VJV2PUJ7,FZR8P1K,Y,DSNet,2813,N,N,N,N,Y,Released,Update,N,N,Y,N,N,Y,Y,N,N,Update reflects revised expiry from depository.,Red,Y
BR-0080097,2025-10-15,2025-10-14,Euroclear,BUL-Euroclear-908657,DEP-09000052,Euroclear Daily Notice,Warrant Exercise,,Update,,Tideline Bank plc,S815467,H5VJV2PUJ,USH5VJV2PUJ7,FZR8P1K,Y,Broadridge,2819,N,N,N,N,Y,Released,Update,N,N,Y,N,N,Y,Y,N,N,Holder check confirms population.,Blue,Y
BR-0080098,2025-09-12,2025-09-11,DTC,BUL-DTC-936786,DEP-09000053,Declared Payable Redemptions,Warrant Exercise,,Update,,Zephyr Resources NV,S793154,GKHRT44H6,BMGKHRT44H63,NB5NXXY,Y,REOR,477,N,N,Y,N,N,Closed,New,N,N,N,N,N,Y,Y,N,N,Concurrent event flagged for procedure review.,Red,N
BR-0080099,2025-09-15,2025-09-14,DTC,BUL-DTC-324419,DEP-09000053,RPA Updated with Position,Warrant Exercise,,Final,,Zephyr Resources NV,S793154,GKHRT44H6,BMGKHRT44H63,NB5NXXY,Y,Broadridge,475,N,N,N,N,Y,Closed,Update,N,N,Y,N,N,Y,Y,N,N,Update reflects revised expiry from depository.,Red,N
BR-0080100,2026-03-31,2026-03-30,CDS,BUL-CDS-965765,DEP-09000054,CDS Daily Bulletin,Tender Offer,,Initial,G,Zephyr Logistics plc,S462195,YSTBFXPUK,CAYSTBFXPUK3,4DS918Q,Y,REOR,3358,N,N,Y,N,N,Closed,New,N,N,N,N,N,Y,Y,N,N,Document package received from offeror.,Green,Y
BR-0080101,2026-04-04,2026-04-03,CDS,BUL-CDS-230208,DEP-09000054,CDS Daily Bulletin,Tender Offer,,Initial,G,Zephyr Logistics plc,S462195,YSTBFXPUK,CAYSTBFXPUK3,4DS918Q,Y,Broadridge,3357,N,N,N,N,Y,Closed,Update,N,Y,Y,Y,N,Y,Y,Y,N,No holders identified; archived to NHR.,Black,N
BR-0080102,2025-11-28,2025-11-27,Euroclear,BUL-Euroclear-326147,DEP-09000055,Euroclear Daily Notice,Mini-Tender,,Update,,Westmark Pharmaceuticals SA,S210795,MY3EKSVKF,USMY3EKSVKF9,RQW81VY,Y,REOR,124,N,N,Y,N,N,Released,New,N,N,N,N,N,Y,Y,N,N,Document package received from offeror.,Red,Y
BR-0080103,2025-12-11,2025-12-10,Euroclear,BUL-Euroclear-915766,DEP-09000055,Euroclear Daily Notice,Mini-Tender,,Final,,Westmark Pharmaceuticals SA,S210795,MY3EKSVKF,USMY3EKSVKF9,RQW81VY,Y,REOR,121,N,N,N,N,Y,Released,Update,N,N,Y,Y,N,Y,Y,Y,N,Concurrent event flagged for procedure review.,Green,N
BR-0080104,2025-12-10,2025-12-09,Euroclear,BUL-Euroclear-416750,DEP-09000055,Euroclear Daily Notice,Mini-Tender,,Final,,Westmark Pharmaceuticals SA,S210795,MY3EKSVKF,USMY3EKSVKF9,RQW81VY,Y,DSNet,125,N,N,N,N,Y,Released,Update,N,N,Y,N,N,Y,Y,N,N,Concurrent event flagged for procedure review.,Black,N
BR-0080105,2026-02-17,2026-02-16,Euroclear,BUL-Euroclear-342078,DEP-09000056,Euroclear Daily Notice,Consent Solicitation,,Final,,Northstar Logistics plc,S640953,TTW7S0P9S,GBTTW7S0P9S4,SNPTBTJ,Y,Broadridge,132,N,N,Y,N,N,Closed,New,N,Y,N,N,N,Y,Y,N,N,Document package received from offeror.,Green,Y
BR-0080106,2025-06-24,2025-06-23,CDS,BUL-CDS-715563,DEP-09000057,CDS Daily Bulletin,Consent Solicitation,,Final,G,Brightcap Energy SE,S849963,EPUSLD2LR,KYEPUSLD2LR1,T0W13Q2,Y,DSNet,1610,N,N,Y,N,N,Released,New,N,N,N,N,N,Y,Y,N,N,Concurrent event flagged for procedure review.,Blue,N
BR-0080107,2025-07-04,2025-07-03,CDS,BUL-CDS-396615,DEP-09000057,CDS Daily Bulletin,Consent Solicitation,,Update,MWO,Brightcap Energy SE,S849963,EPUSLD2LR,KYEPUSLD2LR1,T0W13Q2,Y,DSNet,1607,N,N,N,N,Y,Released,Update,N,N,Y,N,Y,Y,Y,N,N,Concurrent event flagged for procedure review.,Green,N
BR-0080108,2025-07-08,2025-07-07,CDS,BUL-CDS-567688,DEP-09000057,CDS Daily Bulletin,Consent Solicitation,,Initial,V,Brightcap Energy SE,S849963,EPUSLD2LR,KYEPUSLD2LR1,T0W13Q2,Y,REOR,1605,N,N,N,N,Y,Released,Update,N,N,Y,N,N,Y,Y,N,N,Concurrent event flagged for procedure review.,Green,N
BR-0080109,2025-08-01,2025-07-31,I&TS,BUL-I&TS-861403,DEP-09000058,Email Attachment,Dutch Auction,,Initial,,Brightcap Bio Inc,S811067,M9AN33RDP,KYM9AN33RDP6,B0GSJSY,Y,REOR,2628,N,N,Y,N,N,Released,New,N,N,N,N,N,Y,Y,N,N,Cross-depo discrepancy; using bulk-of-holdings expiry.,Blue,N
BR-0080110,2025-12-24,2025-12-23,I&TS,BUL-I&TS-987226,DEP-09000059,Macro-Created Report,Cease Trade Notice,,Initial,,Meadowfield Holdings AG,S671081,9DNRRNDAK,BM9DNRRNDAK9,22W315Z,Y,Broadridge,574,N,N,Y,N,N,Closed,New,N,N,N,N,Y,Y,Y,N,N,Cross-depo discrepancy; using bulk-of-holdings expiry.,Blue,Y
BR-0080111,2025-12-28,2025-12-27,I&TS,BUL-I&TS-132315,DEP-09000059,Macro-Created Report,Cease Trade Notice,,Initial,,Meadowfield Holdings AG,S671081,9DNRRNDAK,BM9DNRRNDAK9,22W315Z,Y,Broadridge,575,N,N,N,N,Y,Closed,Update,N,Y,Y,N,N,Y,Y,N,N,,Blue,N
BR-0080112,2025-06-10,2025-06-09,CDS,BUL-CDS-313559,DEP-09000060,CDS Daily Bulletin,Consent Solicitation,,Final,G,Fairhaven Logistics AG,S951288,EKLS5ZYG2,CAEKLS5ZYG24,V78K3CX,Y,Broadridge,0,Y,N,Y,Y,N,Released,New,N,N,N,N,N,N,N,N,N,Holder check confirms population.,Black,Y
BR-0080113,2025-06-12,2025-06-11,CDS,BUL-CDS-190435,DEP-09000060,CDS Daily Bulletin,Consent Solicitation,,Initial,MWO,Fairhaven Logistics AG,S951288,EKLS5ZYG2,CAEKLS5ZYG24,V78K3CX,Y,Broadridge,3,N,N,N,N,Y,Released,Update,N,Y,Y,N,N,Y,Y,N,N,,Black,Y
BR-0080114,2025-06-19,2025-06-18,CDS,BUL-CDS-301998,DEP-09000060,CDS Daily Bulletin,Consent Solicitation,,Final,V,Fairhaven Logistics AG,S951288,EKLS5ZYG2,CAEKLS5ZYG24,V78K3CX,Y,DSNet,3,N,N,N,N,Y,Released,Update,N,N,Y,N,N,Y,Y,N,N,Update reflects revised expiry from depository.,Red,N
BR-0080115,2025-11-02,2025-11-01,I&TS,BUL-I&TS-932465,DEP-09000061,Macro-Created Report,Dutch Auction,,Initial,,Umbra Technology AG,S937633,3O81NYR2P,BM3O81NYR2P2,11LGV2B,Y,DSNet,1397,N,N,Y,N,N,Pending,New,N,N,N,N,N,Y,Y,N,N,Document package received from offeror.,Red,N
BR-0080116,2025-11-16,2025-11-15,I&TS,BUL-I&TS-115226,DEP-09000061,Email Attachment,Dutch Auction,,Update,,Umbra Technology AG,S937633,3O81NYR2P,BM3O81NYR2P2,11LGV2B,Y,REOR,1402,N,N,N,N,Y,Pending,Update,N,N,Y,N,N,Y,Y,N,N,Holder check confirms population.,Green,N
BR-0080117,2025-11-13,2025-11-12,I&TS,BUL-I&TS-480287,DEP-09000061,Email Attachment,Dutch Auction,,Update,,Umbra Technology AG,S937633,3O81NYR2P,BM3O81NYR2P2,11LGV2B,Y,Broadridge,1394,N,N,N,N,Y,Pending,Update,N,N,Y,N,N,Y,Y,N,N,Update reflects revised expiry from depository.,Blue,N
BR-0080118,2026-01-05,2026-01-04,Euroclear,BUL-Euroclear-606342,DEP-09000062,Euroclear Daily Notice,Late Tender Offer,,Final,,Cedarwood Logistics Ltd,S427498,4K56TL7AF,CA4K56TL7AF0,LCKZQXG,Y,Broadridge,2441,N,N,Y,N,N,Pending,New,N,N,N,Y,N,Y,Y,N,N,Update reflects revised expiry from depository.,Blue,N
BR-0080119,2026-01-13,2026-01-12,Euroclear,BUL-Euroclear-242366,DEP-09000062,Euroclear Daily Notice,Late Tender Offer,,Initial,,Cedarwood Logistics Ltd,S427498,4K56TL7AF,CA4K56TL7AF0,LCKZQXG,Y,DSNet,2439,N,N,N,N,Y,Pending,Update,N,N,Y,Y,N,Y,Y,Y,N,Holder check confirms population.,Blue,Y
BR-0080120,2025-09-16,2025-09-15,CDS,BUL-CDS-280968,DEP-09000063,CDS Daily Bulletin,Tender Offer,,Update,MWO,Kestrel Resources plc,S643872,SIDDRYO1O,GBSIDDRYO1O5,LS4NBYF,Y,RCM,1006,N,N,Y,N,N,Pending,New,N,N,N,N,N,Y,Y,N,N,Cross-depo discrepancy; using bulk-of-holdings expiry.,Blue,Y
BR-0080121,2025-09-25,2025-09-24,CDS,BUL-CDS-484579,DEP-09000063,CDS Daily Bulletin,Tender Offer,,Final,M,Kestrel Resources plc,S643872,SIDDRYO1O,GBSIDDRYO1O5,LS4NBYF,Y,Broadridge,1006,N,N,N,N,Y,Pending,Update,N,N,Y,N,N,Y,Y,N,N,Update reflects revised expiry from depository.,Green,Y
BR-0080122,2026-01-06,2026-01-05,I&TS,BUL-I&TS-686157,DEP-09000064,Email Attachment,Convertible Debenture Conversion,,Initial,,Ironbridge Trust NV,S385221,BMK2E1CAW,BMBMK2E1CAW1,C0XKSMY,Y,REOR,936,N,N,Y,N,N,Released,New,N,N,N,N,N,Y,Y,N,N,Update reflects revised expiry from depository.,Black,N
BR-0080123,2026-01-18,2026-01-17,I&TS,BUL-I&TS-565881,DEP-09000064,Excel Conversion,Convertible Debenture Conversion,,Initial,,Ironbridge Trust NV,S385221,BMK2E1CAW,BMBMK2E1CAW1,C0XKSMY,Y,DSNet,936,N,N,N,N,Y,Released,Update,N,N,Y,N,N,Y,Y,N,N,Document package received from offeror.,Green,Y
BR-0080124,2025-12-03,2025-12-02,CDS,BUL-CDS-521508,DEP-09000065,CDS Daily Bulletin,Warrant Exercise,,Update,G,Meadowfield Logistics plc,S589485,N0BIMVE3K,BMN0BIMVE3K4,RJQ0544,Y,DSNet,1857,N,N,Y,N,N,Released,New,N,N,N,N,N,Y,Y,N,N,,Blue,N
BR-0080125,2025-12-07,2025-12-06,CDS,BUL-CDS-890986,DEP-09000065,CDS Daily Bulletin,Warrant Exercise,,Initial,MWO,Meadowfield Logistics plc,S589485,N0BIMVE3K,BMN0BIMVE3K4,RJQ0544,Y,Broadridge,1854,N,N,N,N,Y,Released,Update,N,N,Y,N,N,Y,Y,N,N,Document package received from offeror.,Green,Y
BR-0080126,2026-02-10,2026-02-09,I&TS,BUL-I&TS-586315,DEP-09000066,Email Attachment,Warrant Redemption,,Update,,Harborlight Capital NV,S957888,6RXNT96UV,GB6RXNT96UV4,8C0RX6K,Y,RCM,0,Y,N,Y,Y,N,Released,New,N,N,N,N,N,N,N,N,N,Holder check confirms population.,Black,N
BR-0080127,2026-02-17,2026-02-16,I&TS,BUL-I&TS-254690,DEP-09000066,Email Attachment,Warrant Redemption,,Initial,,Harborlight Capital NV,S957888,6RXNT96UV,GB6RXNT96UV4,8C0RX6K,Y,RCM,0,Y,N,N,Y,Y,Released,Update,N,N,Y,N,N,N,N,N,N,No holders identified; archived to NHR.,Red,Y
BR-0080128,2026-02-20,2026-02-19,I&TS,BUL-I&TS-781967,DEP-09000066,Excel Conversion,Warrant Redemption,,Initial,,Harborlight Capital NV,S957888,6RXNT96UV,GB6RXNT96UV4,8C0RX6K,Y,REOR,4,N,N,N,N,Y,Released,Update,N,N,Y,Y,N,Y,Y,N,N,Update reflects revised expiry from depository.,Green,N
BR-0080129,2026-05-04,2026-05-03,I&TS,BUL-I&TS-449932,DEP-09000067,Email Attachment,Warrant Redemption,,Initial,,Saltmarsh Resources Corp,S421737,UOOXI3CQU,CAUOOXI3CQU6,6GZJJZZ,Y,REOR,1091,N,N,Y,N,N,Released,New,N,N,N,N,N,Y,Y,N,N,No holders identified; archived to NHR.,Black,N
BR-0080130,2026-03-09,2026-03-08,CDS,BUL-CDS-661490,DEP-09000068,CDS Daily Bulletin,Rights Offering,,Update,V,Umbra Bio AG,S322454,5MRBMVCOT,KY5MRBMVCOT4,1SXD48L,Y,Broadridge,539,N,N,Y,N,N,Released,New,N,N,N,N,N,Y,Y,N,N,Holder check confirms population.,Black,N
BR-0080131,2026-03-16,2026-03-15,CDS,BUL-CDS-291780,DEP-09000068,CDS Daily Bulletin,Rights Offering,,Initial,G,Umbra Bio AG,S322454,5MRBMVCOT,KY5MRBMVCOT4,1SXD48L,Y,RCM,535,N,N,N,N,Y,Released,Update,N,N,Y,N,N,Y,Y,N,N,Document package received from offeror.,Black,N
BR-0080132,2025-10-30,2025-10-29,Euroclear,BUL-Euroclear-645534,DEP-09000069,Euroclear Daily Notice,Consent Solicitation,,Update,,Doverpoint Logistics SE,S477620,65E1CH6RA,GB65E1CH6RA3,VD35GZV,Y,REOR,1793,N,N,N,N,N,Cancelled,New,N,N,N,N,N,Y,Y,N,N,Document package received from offeror.,Green,N
BR-0080133,2026-01-11,2026-01-10,I&TS,BUL-I&TS-627782,DEP-09000070,Email Attachment,Cease Trade Notice,,Final,,Westmark Capital AG,S327353,6LXRQUAZG,CA6LXRQUAZG3,MLV5YMN,Y,DSNet,891,N,N,Y,N,N,Released,New,N,N,N,N,N,Y,Y,N,N,Document package received from offeror.,Green,N
BR-0080134,2026-01-20,2026-01-19,I&TS,BUL-I&TS-840467,DEP-09000070,PDF Binder,Cease Trade Notice,,Initial,,Westmark Capital AG,S327353,6LXRQUAZG,CA6LXRQUAZG3,MLV5YMN,Y,DSNet,896,N,N,N,N,Y,Released,Update,N,N,Y,N,N,Y,Y,N,N,No holders identified; archived to NHR.,Black,N
BR-0080135,2026-01-26,2026-01-25,I&TS,BUL-I&TS-186367,DEP-09000070,Email Attachment,Cease Trade Notice,,Initial,,Westmark Capital AG,S327353,6LXRQUAZG,CA6LXRQUAZG3,MLV5YMN,Y,Broadridge,888,N,N,N,N,Y,Released,Update,N,N,Y,N,N,Y,Y,N,N,Cross-depo discrepancy; using bulk-of-holdings expiry.,Red,N
BR-0080136,2026-04-24,2026-04-23,CDS,BUL-CDS-970587,DEP-09000071,CDS Daily Bulletin,Rights Offering,,Final,MWO,Verdant Energy Corp,S709794,GQL3ARI8Z,KYGQL3ARI8Z4,ZK2K3T9,Y,RCM,812,N,N,Y,N,N,Pending,New,N,N,N,N,N,Y,Y,N,N,Document package received from offeror.,Red,Y
BR-0080137,2026-05-06,2026-05-05,CDS,BUL-CDS-282758,DEP-09000071,CDS Daily Bulletin,Rights Offering,,Update,V,Verdant Energy Corp,S709794,GQL3ARI8Z,KYGQL3ARI8Z4,ZK2K3T9,Y,RCM,809,N,N,N,N,Y,Pending,Update,N,Y,Y,N,Y,Y,Y,N,N,Holder check confirms population.,Black,Y
BR-0080138,2025-08-26,2025-08-25,Euroclear,BUL-Euroclear-486692,DEP-09000072,Euroclear Daily Notice,Odd Lot Offer,,Final,,Verdant Aerospace NV,S029601,OHXVXQZ1J,CAOHXVXQZ1J4,HFDDGMH,Y,REOR,1140,N,N,Y,N,N,Released,New,N,N,N,N,N,Y,Y,N,N,Document package received from offeror.,Black,N
BR-0080139,2025-08-31,2025-08-30,Euroclear,BUL-Euroclear-836073,DEP-09000072,Euroclear Daily Notice,Odd Lot Offer,,Final,,Verdant Aerospace NV,S029601,OHXVXQZ1J,CAOHXVXQZ1J4,HFDDGMH,Y,DSNet,1135,N,N,N,N,Y,Released,Update,N,N,Y,N,N,Y,Y,N,N,Cross-depo discrepancy; using bulk-of-holdings expiry.,Blue,Y
BR-0080140,2026-04-26,2026-04-25,DTC,BUL-DTC-106133,DEP-09000073,RPA Create with Position,Dutch Auction,,Final,,Fairhaven Bio NV,S735211,COX6ZJ8ND,BMCOX6ZJ8ND4,L4RVKNJ,Y,Broadridge,3208,N,N,Y,N,N,Released,New,N,N,N,N,N,Y,Y,N,N,No holders identified; archived to NHR.,Blue,N
BR-0080141,2025-07-04,2025-07-03,CDS,BUL-CDS-799148,DEP-09000074,CDS Daily Bulletin,Mini-Tender,,Final,M,Meadowfield Bio Ltd,S882089,BNWJM9ZT4,USBNWJM9ZT49,HJ0672Y,Y,DSNet,938,N,N,Y,N,N,Closed,New,N,N,N,N,N,Y,Y,N,N,,Black,Y
BR-0080142,2025-07-14,2025-07-13,CDS,BUL-CDS-185072,DEP-09000074,CDS Daily Bulletin,Mini-Tender,,Update,V,Meadowfield Bio Ltd,S882089,BNWJM9ZT4,USBNWJM9ZT49,HJ0672Y,Y,DSNet,939,N,N,N,N,Y,Closed,Update,N,Y,Y,N,N,Y,Y,N,N,Concurrent event flagged for procedure review.,Red,N
BR-0080143,2025-07-17,2025-07-16,CDS,BUL-CDS-983481,DEP-09000074,CDS Daily Bulletin,Mini-Tender,,Final,M,Meadowfield Bio Ltd,S882089,BNWJM9ZT4,USBNWJM9ZT49,HJ0672Y,Y,RCM,940,N,N,N,N,Y,Closed,Update,N,N,Y,N,N,Y,Y,Y,N,No holders identified; archived to NHR.,Red,Y
BR-0080144,2025-07-05,2025-07-04,Euroclear,BUL-Euroclear-610055,DEP-09000075,Euroclear Daily Notice,Rights Offering,,Initial,,Evergreen Energy NV,S828255,WVM09UVFJ,USWVM09UVFJ8,3W4LSQ3,Y,RCM,1683,N,N,Y,N,N,Released,New,N,N,N,N,N,Y,Y,N,N,Concurrent event flagged for procedure review.,Black,Y
BR-0080145,2025-07-15,2025-07-14,Euroclear,BUL-Euroclear-608029,DEP-09000075,Euroclear Daily Notice,Rights Offering,,Initial,,Evergreen Energy NV,S828255,WVM09UVFJ,USWVM09UVFJ8,3W4LSQ3,Y,Broadridge,1683,N,N,N,N,Y,Released,Update,N,N,Y,N,N,Y,Y,Y,N,Concurrent event flagged for procedure review.,Red,N
BR-0080146,2026-01-16,2026-01-15,CDS,BUL-CDS-653016,DEP-09000076,CDS Daily Bulletin,Consent Solicitation,,Initial,V,Pinewright Energy AG,S222702,MKLM2ICM7,KYMKLM2ICM73,3LJY0BX,Y,DSNet,1161,N,N,Y,N,N,On Hold,New,N,N,N,N,N,Y,Y,N,N,,Blue,N
BR-0080147,2025-05-29,2025-05-28,DTC,BUL-DTC-222481,DEP-09000077,Declared Payable Redemptions,Consent Solicitation,,Final,,Glenmoor Holdings plc,S401117,HMWNR09HK,CAHMWNR09HK6,QRB00DH,Y,RCM,3232,N,N,Y,N,N,Closed,New,N,N,N,N,N,Y,Y,N,N,,Blue,N
BR-0080148,2025-06-12,2025-06-11,DTC,BUL-DTC-836807,DEP-09000077,RPA Updated with Position,Consent Solicitation,,Final,,Glenmoor Holdings plc,S401117,HMWNR09HK,CAHMWNR09HK6,QRB00DH,Y,Broadridge,3232,N,N,N,N,Y,Closed,Update,N,N,Y,N,N,Y,Y,N,N,Concurrent event flagged for procedure review.,Red,N
BR-0080149,2025-06-11,2025-06-10,DTC,BUL-DTC-840272,DEP-09000077,Declared Payable Redemptions,Consent Solicitation,,Final,,Glenmoor Holdings plc,S401117,HMWNR09HK,CAHMWNR09HK6,QRB00DH,Y,DSNet,3231,N,N,N,N,Y,Closed,Update,N,N,Y,N,N,Y,Y,N,N,Update reflects revised expiry from depository.,Blue,Y
BR-0080150,2025-08-31,2025-08-30,I&TS,BUL-I&TS-966252,DEP-09000078,PDF Binder,Consent Solicitation,,Final,,Aldergrove Bank Inc,S821591,W9DJSSI40,CAW9DJSSI403,9TP23Z2,Y,Broadridge,3169,N,N,Y,N,N,Pending,New,N,N,N,N,N,Y,Y,N,N,Update reflects revised expiry from depository.,Blue,Y
BR-0080151,2025-09-13,2025-09-12,I&TS,BUL-I&TS-697767,DEP-09000078,Excel Conversion,Consent Solicitation,,Final,,Aldergrove Bank Inc,S821591,W9DJSSI40,CAW9DJSSI403,9TP23Z2,Y,DSNet,3171,N,N,N,N,Y,Pending,Update,N,N,Y,N,N,Y,Y,N,N,Concurrent event flagged for procedure review.,Blue,N
BR-0080152,2025-07-26,2025-07-25,I&TS,BUL-I&TS-666187,DEP-09000079,Excel Conversion,Consent Exchange Offer,,Final,,Ironbridge Trust NV,S385221,BMK2E1CAW,BMBMK2E1CAW1,C0XKSMY,Y,RCM,1439,N,N,Y,N,N,Released,New,N,N,N,N,N,Y,Y,N,N,,Black,N
BR-0080153,2025-08-04,2025-08-03,I&TS,BUL-I&TS-645721,DEP-09000079,Macro-Created Report,Consent Exchange Offer,,Update,,Ironbridge Trust NV,S385221,BMK2E1CAW,BMBMK2E1CAW1,C0XKSMY,Y,REOR,1442,N,N,N,N,Y,Released,Update,N,Y,Y,N,N,Y,Y,Y,N,,Black,Y
BR-0080154,2025-07-28,2025-07-27,I&TS,BUL-I&TS-710875,DEP-09000079,Email Attachment,Consent Exchange Offer,,Initial,,Ironbridge Trust NV,S385221,BMK2E1CAW,BMBMK2E1CAW1,C0XKSMY,Y,DSNet,1435,N,N,N,N,Y,Released,Update,N,Y,Y,N,N,Y,Y,N,N,Document package received from offeror.,Black,N
BR-0080155,2026-03-31,2026-03-30,CDS,BUL-CDS-272937,DEP-09000080,CDS Daily Bulletin,Cease Trade Notice,,Update,G,Umbra Resources plc,S786039,3Z4Y3B2QG,CA3Z4Y3B2QG6,7R0KSCF,Y,DSNet,3492,N,N,N,N,N,Cancelled,New,N,N,N,N,N,Y,Y,N,N,Holder check confirms population.,Black,N
BR-0080156,2025-12-20,2025-12-19,I&TS,BUL-I&TS-809600,DEP-09000081,Macro-Created Report,Mini-Tender,,Update,,Oakhill Bank AG,S689913,DXGC9J90G,BMDXGC9J90G0,KN8H478,Y,DSNet,2046,N,N,Y,N,N,Closed,New,N,N,N,N,N,Y,Y,N,N,Holder check confirms population.,Black,Y
BR-0080157,2026-01-04,2026-01-03,I&TS,BUL-I&TS-758996,DEP-09000081,Macro-Created Report,Mini-Tender,,Final,,Oakhill Bank AG,S689913,DXGC9J90G,BMDXGC9J90G0,KN8H478,Y,RCM,2043,N,N,N,N,Y,Closed,Update,N,N,Y,N,N,Y,Y,N,N,Concurrent event flagged for procedure review.,Green,Y
BR-0080158,2025-12-30,2025-12-29,I&TS,BUL-I&TS-975078,DEP-09000081,PDF Binder,Mini-Tender,,Initial,,Oakhill Bank AG,S689913,DXGC9J90G,BMDXGC9J90G0,KN8H478,Y,DSNet,2045,N,N,N,N,Y,Closed,Update,N,N,Y,N,N,Y,Y,N,N,Holder check confirms population.,Green,N
BR-0080159,2025-10-27,2025-10-26,Euroclear,BUL-Euroclear-776091,DEP-09000082,Euroclear Daily Notice,Consent Solicitation,,Initial,,Evergreen Holdings plc,S017543,02WA2TS4W,KY02WA2TS4W4,BMQDLR4,Y,RCM,454,N,N,Y,N,N,Released,New,N,N,N,Y,N,Y,Y,N,N,Cross-depo discrepancy; using bulk-of-holdings expiry.,Green,Y
BR-0080160,2025-11-08,2025-11-07,Euroclear,BUL-Euroclear-513711,DEP-09000082,Euroclear Daily Notice,Consent Solicitation,,Initial,,Evergreen Holdings plc,S017543,02WA2TS4W,KY02WA2TS4W4,BMQDLR4,Y,RCM,454,N,N,N,N,Y,Released,Update,N,N,Y,N,N,Y,Y,N,N,Document package received from offeror.,Blue,N
BR-0080161,2025-11-02,2025-11-01,Euroclear,BUL-Euroclear-868512,DEP-09000082,Euroclear Daily Notice,Consent Solicitation,,Update,,Evergreen Holdings plc,S017543,02WA2TS4W,KY02WA2TS4W4,BMQDLR4,Y,REOR,453,N,N,N,N,Y,Released,Update,N,N,Y,N,Y,Y,Y,N,N,No holders identified; archived to NHR.,Blue,Y
BR-0080162,2025-08-26,2025-08-25,CDS,BUL-CDS-266458,DEP-09000083,CDS Daily Bulletin,Convertible Debenture Conversion,,Final,G,Umbra Bio AG,S322454,5MRBMVCOT,KY5MRBMVCOT4,1SXD48L,Y,DSNet,895,N,N,Y,N,N,Released,New,N,N,N,N,N,Y,Y,N,N,Document package received from offeror.,Black,Y
BR-0080163,2025-09-03,2025-09-02,CDS,BUL-CDS-396166,DEP-09000083,CDS Daily Bulletin,Convertible Debenture Conversion,,Update,MWO,Umbra Bio AG,S322454,5MRBMVCOT,KY5MRBMVCOT4,1SXD48L,Y,REOR,894,N,N,N,N,Y,Released,Update,N,N,Y,N,N,Y,Y,N,N,Document package received from offeror.,Red,Y
BR-0080164,2025-08-31,2025-08-30,CDS,BUL-CDS-389271,DEP-09000083,CDS Daily Bulletin,Convertible Debenture Conversion,,Initial,MWO,Umbra Bio AG,S322454,5MRBMVCOT,KY5MRBMVCOT4,1SXD48L,Y,DSNet,900,N,N,N,N,Y,Released,Update,N,N,Y,N,N,Y,Y,N,N,No holders identified; archived to NHR.,Blue,N
BR-0080165,2025-11-28,2025-11-27,CDS,BUL-CDS-223085,DEP-09000084,CDS Daily Bulletin,Convertible Debenture Conversion,,Update,V,Zephyr Properties SE,S031501,E04ZI7CNK,CAE04ZI7CNK2,K9JK6VV,Y,DSNet,335,N,N,Y,N,N,Released,New,N,N,N,N,N,Y,Y,N,N,Cross-depo discrepancy; using bulk-of-holdings expiry.,Red,N
BR-0080166,2025-12-13,2025-12-12,CDS,BUL-CDS-802522,DEP-09000084,CDS Daily Bulletin,Convertible Debenture Conversion,,Initial,M,Zephyr Properties SE,S031501,E04ZI7CNK,CAE04ZI7CNK2,K9JK6VV,Y,REOR,339,N,N,N,N,Y,Released,Update,N,N,Y,N,N,Y,Y,N,N,Cross-depo discrepancy; using bulk-of-holdings expiry.,Black,Y
BR-0080167,2025-07-18,2025-07-17,Euroclear,BUL-Euroclear-925962,DEP-09000085,Euroclear Daily Notice,Late Tender Offer,,Update,,Pinewright Resources Ltd,S864645,MQ2KI9ZJP,CAMQ2KI9ZJP5,48RPB1J,Y,REOR,610,N,N,Y,N,N,Released,New,N,N,N,N,N,Y,Y,N,N,No holders identified; archived to NHR.,Black,N
BR-0080168,2025-07-30,2025-07-29,Euroclear,BUL-Euroclear-581139,DEP-09000085,Euroclear Daily Notice,Late Tender Offer,,Final,,Pinewright Resources Ltd,S864645,MQ2KI9ZJP,CAMQ2KI9ZJP5,48RPB1J,Y,Broadridge,613,N,N,N,N,Y,Released,Update,N,N,Y,N,N,Y,Y,N,N,,Blue,N
BR-0080169,2026-02-26,2026-02-25,I&TS,BUL-I&TS-348132,DEP-09000086,Email Attachment,Rights Offering,,Update,,Nightingale Holdings Corp,S275840,35WXE59IY,US35WXE59IY9,LWDBMVL,Y,Broadridge,3070,N,N,Y,N,N,Closed,New,N,Y,N,N,N,Y,Y,N,N,Document package received from offeror.,Green,N
BR-0080170,2026-03-03,2026-03-02,I&TS,BUL-I&TS-147144,DEP-09000086,Macro-Created Report,Rights Offering,,Initial,,Nightingale Holdings Corp,S275840,35WXE59IY,US35WXE59IY9,LWDBMVL,Y,REOR,3068,N,N,N,N,Y,Closed,Update,N,N,Y,N,N,Y,Y,N,N,Holder check confirms population.,Green,N
BR-0080171,2026-03-08,2026-03-07,I&TS,BUL-I&TS-520654,DEP-09000086,Excel Conversion,Rights Offering,,Update,,Nightingale Holdings Corp,S275840,35WXE59IY,US35WXE59IY9,LWDBMVL,Y,DSNet,3074,N,N,N,N,Y,Closed,Update,N,N,Y,N,N,Y,Y,N,N,Update reflects revised expiry from depository.,Green,Y
BR-0080172,2026-02-28,2026-02-27,Euroclear,BUL-Euroclear-564628,DEP-09000087,Euroclear Daily Notice,Warrant Exercise,,Update,,Doverpoint Logistics AG,S261918,2KJYFZQOM,GB2KJYFZQOM3,142DW4T,Y,Broadridge,37,N,N,Y,N,N,Closed,New,N,N,N,N,N,Y,Y,N,N,Holder check confirms population.,Black,N
BR-0080173,2026-03-10,2026-03-09,Euroclear,BUL-Euroclear-424813,DEP-09000087,Euroclear Daily Notice,Warrant Exercise,,Final,,Doverpoint Logistics AG,S261918,2KJYFZQOM,GB2KJYFZQOM3,142DW4T,Y,REOR,39,N,N,N,N,Y,Closed,Update,N,N,Y,N,N,Y,Y,N,N,Concurrent event flagged for procedure review.,Green,Y
BR-0080174,2026-03-12,2026-03-11,Euroclear,BUL-Euroclear-699870,DEP-09000087,Euroclear Daily Notice,Warrant Exercise,,Final,,Doverpoint Logistics AG,S261918,2KJYFZQOM,GB2KJYFZQOM3,142DW4T,Y,RCM,33,N,N,N,N,Y,Closed,Update,N,N,Y,N,N,Y,Y,N,N,Holder check confirms population.,Black,Y
BR-0080175,2025-12-02,2025-12-01,Euroclear,BUL-Euroclear-607410,DEP-09000088,Euroclear Daily Notice,Late Tender Offer,,Initial,,Oakhill Holdings Inc,S978684,TYPANCJY1,KYTYPANCJY18,D41JC9F,Y,DSNet,2151,N,N,Y,N,N,On Hold,New,N,N,N,N,N,Y,Y,N,N,Concurrent event flagged for procedure review.,Blue,N
BR-0080176,2025-12-10,2025-12-09,Euroclear,BUL-Euroclear-437618,DEP-09000088,Euroclear Daily Notice,Late Tender Offer,,Initial,,Oakhill Holdings Inc,S978684,TYPANCJY1,KYTYPANCJY18,D41JC9F,Y,DSNet,2151,N,N,N,N,Y,On Hold,Update,N,Y,Y,N,N,Y,Y,N,N,Update reflects revised expiry from depository.,Green,N
BR-0080177,2025-12-08,2025-12-07,Euroclear,BUL-Euroclear-740882,DEP-09000088,Euroclear Daily Notice,Late Tender Offer,,Initial,,Oakhill Holdings Inc,S978684,TYPANCJY1,KYTYPANCJY18,D41JC9F,Y,DSNet,2152,N,N,N,N,Y,On Hold,Update,N,N,Y,N,N,Y,Y,N,N,Update reflects revised expiry from depository.,Black,Y
BR-0080178,2026-01-17,2026-01-16,DTC,BUL-DTC-863225,DEP-09000089,RPA Updated with Position,Tender Offer,,Initial,,Harborlight Industries SE,S335197,PYSOTNDMF,CAPYSOTNDMF4,ZK4VM3S,Y,Broadridge,2194,N,N,Y,N,N,Closed,New,N,N,N,N,N,Y,Y,N,N,Cross-depo discrepancy; using bulk-of-holdings expiry.,Green,N
BR-0080179,2026-01-28,2026-01-27,DTC,BUL-DTC-625710,DEP-09000089,Declared Payable Redemptions,Tender Offer,,Update,,Harborlight Industries SE,S335197,PYSOTNDMF,CAPYSOTNDMF4,ZK4VM3S,Y,Broadridge,2196,N,N,N,N,Y,Closed,Update,N,N,Y,N,N,Y,Y,N,N,No holders identified; archived to NHR.,Green,N
BR-0080180,2026-01-25,2026-01-24,DTC,BUL-DTC-933582,DEP-09000089,RPA Create with Position,Tender Offer,,Final,,Harborlight Industries SE,S335197,PYSOTNDMF,CAPYSOTNDMF4,ZK4VM3S,Y,Broadridge,2189,N,N,N,N,Y,Closed,Update,N,N,Y,N,Y,Y,Y,N,N,,Red,Y
BR-0080181,2025-09-03,2025-09-02,Euroclear,BUL-Euroclear-519338,DEP-09000090,Euroclear Daily Notice,Mini-Tender,,Update,,Tideline Logistics Corp,S720083,HR2OM8YYL,KYHR2OM8YYL3,CD54LZ7,Y,REOR,3317,N,N,Y,N,N,On Hold,New,N,N,N,N,N,Y,Y,N,N,Cross-depo discrepancy; using bulk-of-holdings expiry.,Red,Y
BR-0080182,2025-07-13,2025-07-12,CDS,BUL-CDS-723241,DEP-09000091,CDS Daily Bulletin,Early Tender Offer,,Update,MWO,Umbra Trust SA,S174849,CR079L3BG,USCR079L3BG2,3XG1LYJ,Y,RCM,473,N,N,Y,N,N,Closed,New,N,N,N,N,N,Y,Y,N,N,Cross-depo discrepancy; using bulk-of-holdings expiry.,Black,Y
BR-0080183,2025-07-25,2025-07-24,CDS,BUL-CDS-520454,DEP-09000091,CDS Daily Bulletin,Early Tender Offer,,Final,MWO,Umbra Trust SA,S174849,CR079L3BG,USCR079L3BG2,3XG1LYJ,Y,REOR,471,N,N,N,N,Y,Closed,Update,N,N,Y,N,N,Y,Y,N,N,Concurrent event flagged for procedure review.,Red,Y
BR-0080184,2025-07-27,2025-07-26,CDS,BUL-CDS-646361,DEP-09000091,CDS Daily Bulletin,Early Tender Offer,,Final,V,Umbra Trust SA,S174849,CR079L3BG,USCR079L3BG2,3XG1LYJ,Y,Broadridge,478,N,N,N,N,Y,Closed,Update,N,N,Y,N,N,Y,Y,N,N,Update reflects revised expiry from depository.,Black,Y
BR-0080185,2026-03-22,2026-03-21,DTC,BUL-DTC-411238,DEP-09000092,Declared Payable Redemptions,Tender Offer,,Final,,Northstar Media NV,S642053,I8OXWXTJA,KYI8OXWXTJA5,6B6RXVC,Y,Broadridge,1021,N,N,N,N,N,Cancelled,New,N,N,N,N,N,Y,Y,Y,N,Document package received from offeror.,Black,N
BR-0080186,2025-06-13,2025-06-12,DTC,BUL-DTC-260295,DEP-09000093,RPA Updated with Position,Monthly Redemption Privilege,,Update,,Quartz Peak Media NV,S503775,IPUFV2XFR,CAIPUFV2XFR3,X99T708,Y,REOR,2305,N,N,Y,N,N,Released,New,N,N,N,N,N,Y,Y,N,N,No holders identified; archived to NHR.,Blue,Y
BR-0080187,2025-10-30,2025-10-29,Euroclear,BUL-Euroclear-893037,DEP-09000094,Euroclear Daily Notice,Rights Offering,,Initial,,Northstar Logistics plc,S640953,TTW7S0P9S,GBTTW7S0P9S4,SNPTBTJ,Y,REOR,2715,N,N,Y,N,N,Closed,New,N,N,N,N,N,Y,Y,N,N,Concurrent event flagged for procedure review.,Black,N
BR-0080188,2026-03-06,2026-03-05,DTC,BUL-DTC-838458,DEP-09000095,Declared Payable Redemptions,Consent Solicitation,,Final,,Verdant Media Ltd,S455142,RQ0P0VNVB,KYRQ0P0VNVB2,B73FSMJ,Y,RCM,2038,N,N,Y,N,N,Pending,New,N,N,N,N,N,Y,Y,N,N,Cross-depo discrepancy; using bulk-of-holdings expiry.,Green,Y
BR-0080189,2026-03-15,2026-03-14,DTC,BUL-DTC-320765,DEP-09000095,RPA Create with Position,Consent Solicitation,,Final,,Verdant Media Ltd,S455142,RQ0P0VNVB,KYRQ0P0VNVB2,B73FSMJ,Y,DSNet,2036,N,N,N,N,Y,Pending,Update,N,N,Y,N,N,Y,Y,N,N,Update reflects revised expiry from depository.,Green,N
BR-0080190,2026-03-17,2026-03-16,DTC,BUL-DTC-181932,DEP-09000095,RPA Create with Position,Consent Solicitation,,Final,,Verdant Media Ltd,S455142,RQ0P0VNVB,KYRQ0P0VNVB2,B73FSMJ,Y,Broadridge,2041,N,N,N,N,Y,Pending,Update,N,N,Y,N,N,Y,Y,N,N,No holders identified; archived to NHR.,Green,N
BR-0080191,2025-10-22,2025-10-21,Euroclear,BUL-Euroclear-314489,DEP-09000096,Euroclear Daily Notice,Monthly Redemption Privilege,,Update,,Cedarwood Capital plc,S661755,HLG2LMOD7,KYHLG2LMOD70,496B7H2,Y,REOR,2374,N,N,Y,N,N,Released,New,N,N,N,N,N,Y,Y,N,N,Cross-depo discrepancy; using bulk-of-holdings expiry.,Blue,Y
BR-0080192,2025-11-05,2025-11-04,Euroclear,BUL-Euroclear-490745,DEP-09000096,Euroclear Daily Notice,Monthly Redemption Privilege,,Update,,Cedarwood Capital plc,S661755,HLG2LMOD7,KYHLG2LMOD70,496B7H2,Y,Broadridge,2370,N,N,N,N,Y,Released,Update,N,N,Y,N,N,Y,Y,N,N,Update reflects revised expiry from depository.,Black,N
BR-0080193,2025-11-01,2025-10-31,Euroclear,BUL-Euroclear-358993,DEP-09000096,Euroclear Daily Notice,Monthly Redemption Privilege,,Update,,Cedarwood Capital plc,S661755,HLG2LMOD7,KYHLG2LMOD70,496B7H2,Y,REOR,2374,N,N,N,N,Y,Released,Update,N,N,Y,N,N,Y,Y,N,N,Document package received from offeror.,Black,Y
BR-0080194,2026-05-08,2026-05-07,DTC,BUL-DTC-495820,DEP-09000097,RPA Create with Position,Early Tender Offer,,Initial,,Riverstone Resources Ltd,S441428,EH73XTNRT,KYEH73XTNRT1,8Y4JRM7,Y,Broadridge,1476,N,N,Y,N,N,Released,New,N,N,N,N,N,Y,Y,N,N,Document package received from offeror.,Red,N
BR-0080195,2026-05-19,2026-05-18,DTC,BUL-DTC-888150,DEP-09000097,RPA Create with Position,Early Tender Offer,,Final,,Riverstone Resources Ltd,S441428,EH73XTNRT,KYEH73XTNRT1,8Y4JRM7,Y,Broadridge,1479,N,N,N,N,Y,Released,Update,N,N,Y,N,N,Y,Y,N,N,Update reflects revised expiry from depository.,Green,Y
BR-0080196,2025-12-17,2025-12-16,I&TS,BUL-I&TS-391444,DEP-09000098,PDF Binder,Monthly Redemption Privilege,,Update,,Zephyr Mining Corp,S806053,K5PVFQKP8,CAK5PVFQKP88,609DWS0,Y,DSNet,1192,N,N,Y,N,N,Closed,New,N,Y,N,N,N,Y,Y,N,N,Holder check confirms population.,Blue,Y
BR-0080197,2025-12-30,2025-12-29,I&TS,BUL-I&TS-269437,DEP-09000098,Macro-Created Report,Monthly Redemption Privilege,,Initial,,Zephyr Mining Corp,S806053,K5PVFQKP8,CAK5PVFQKP88,609DWS0,Y,DSNet,1191,N,N,N,N,Y,Closed,Update,N,N,Y,N,N,Y,Y,N,N,No holders identified; archived to NHR.,Blue,N
BR-0080198,2025-09-16,2025-09-15,CDS,BUL-CDS-117708,DEP-09000099,CDS Daily Bulletin,Annual Redemption Privilege,,Final,M,Kestrel Resources plc,S643872,SIDDRYO1O,GBSIDDRYO1O5,LS4NBYF,Y,RCM,234,N,N,Y,N,N,Closed,New,N,N,N,N,N,Y,Y,N,N,Document package received from offeror.,Green,Y
BR-0080199,2026-03-31,2026-03-30,DTC,BUL-DTC-570615,DEP-09000100,Declared Payable Redemptions,Exchange Offer,,Final,,Zephyr Resources NV,S793154,GKHRT44H6,BMGKHRT44H63,NB5NXXY,Y,REOR,1219,N,N,Y,N,N,Pending,New,N,N,N,N,Y,Y,Y,Y,Y,Update reflects revised expiry from depository.,Black,N
BR-0080200,2026-04-11,2026-04-10,DTC,BUL-DTC-206294,DEP-09000100,RPA Create with Position,Exchange Offer,,Initial,,Zephyr Resources NV,S793154,GKHRT44H6,BMGKHRT44H63,NB5NXXY,Y,Broadridge,1217,N,N,N,N,Y,Pending,Update,N,N,Y,N,N,Y,Y,N,N,Update reflects revised expiry from depository.,Green,Y
BR-0080201,2026-05-11,2026-05-10,CDS,BUL-CDS-829844,DEP-09000101,CDS Daily Bulletin,Annual Redemption Privilege,,Final,V,Nightingale Communications NV,S907871,PR3TT2SBJ,KYPR3TT2SBJ1,X5RGJTW,Y,DSNet,1111,N,N,Y,N,N,Pending,New,N,Y,N,N,N,Y,Y,N,N,No holders identified; archived to NHR.,Green,Y
BR-0080202,2026-02-23,2026-02-22,I&TS,BUL-I&TS-684237,DEP-09000102,Macro-Created Report,Annual Redemption Privilege,,Final,,Kestrel Industries NV,S904578,LW843F2IV,KYLW843F2IV3,DQ7SHD8,Y,REOR,1316,N,N,Y,N,N,Released,New,N,N,N,N,N,Y,Y,N,N,Document package received from offeror.,Red,N
BR-0080203,2026-03-05,2026-03-04,I&TS,BUL-I&TS-601725,DEP-09000102,PDF Binder,Annual Redemption Privilege,,Initial,,Kestrel Industries NV,S904578,LW843F2IV,KYLW843F2IV3,DQ7SHD8,Y,RCM,1314,N,N,N,N,Y,Released,Update,N,Y,Y,N,N,Y,Y,N,N,Cross-depo discrepancy; using bulk-of-holdings expiry.,Red,N
BR-0080204,2026-03-05,2026-03-04,I&TS,BUL-I&TS-718596,DEP-09000102,Excel Conversion,Annual Redemption Privilege,,Final,,Kestrel Industries NV,S904578,LW843F2IV,KYLW843F2IV3,DQ7SHD8,Y,RCM,1311,N,N,N,N,Y,Released,Update,N,N,Y,N,N,Y,Y,N,N,Concurrent event flagged for procedure review.,Black,N
BR-0080205,2025-07-10,2025-07-09,Euroclear,BUL-Euroclear-971748,DEP-09000103,Euroclear Daily Notice,Warrant Exercise,,Initial,,Umbra Energy AG,S843399,BR0KI3125,KYBR0KI31252,2318X2N,Y,DSNet,1477,N,N,Y,N,N,Released,New,N,N,N,N,N,Y,Y,N,N,Cross-depo discrepancy; using bulk-of-holdings expiry.,Black,N
BR-0080206,2025-09-11,2025-09-10,CDS,BUL-CDS-972890,DEP-09000104,CDS Daily Bulletin,Rights Offering,,Initial,M,Meadowfield Pharmaceuticals Ltd,S260312,K0PMUJVWY,GBK0PMUJVWY3,L99Z9JZ,Y,Broadridge,743,N,N,Y,N,N,Closed,New,N,N,N,N,N,Y,Y,N,N,Concurrent event flagged for procedure review.,Black,Y
BR-0080207,2025-06-02,2025-06-01,Euroclear,BUL-Euroclear-565289,DEP-09000105,Euroclear Daily Notice,Consent Exchange Offer,,Initial,,Tideline Bank plc,S815467,H5VJV2PUJ,USH5VJV2PUJ7,FZR8P1K,Y,DSNet,1837,N,N,N,N,N,Cancelled,New,N,N,N,N,N,Y,Y,N,N,Document package received from offeror.,Green,Y
BR-0080208,2026-04-20,2026-04-19,CDS,BUL-CDS-726477,DEP-09000106,CDS Daily Bulletin,Rights Offering,,Final,MWO,Kestrel Logistics NV,S214022,MF92A6Y9H,GBMF92A6Y9H3,NDPV2HB,Y,REOR,83,N,N,Y,N,N,Released,New,N,N,N,N,N,Y,Y,N,N,No holders identified; archived to NHR.,Green,N
BR-0080209,2026-04-21,2026-04-20,CDS,BUL-CDS-345702,DEP-09000106,CDS Daily Bulletin,Rights Offering,,Update,M,Kestrel Logistics NV,S214022,MF92A6Y9H,GBMF92A6Y9H3,NDPV2HB,Y,DSNet,88,N,N,N,N,Y,Released,Update,N,N,Y,N,N,Y,Y,N,N,Cross-depo discrepancy; using bulk-of-holdings expiry.,Red,N
BR-0080210,2026-04-23,2026-04-22,CDS,BUL-CDS-109799,DEP-09000106,CDS Daily Bulletin,Rights Offering,,Update,M,Kestrel Logistics NV,S214022,MF92A6Y9H,GBMF92A6Y9H3,NDPV2HB,Y,Broadridge,80,N,N,N,N,Y,Released,Update,N,N,Y,N,N,Y,Y,N,N,Update reflects revised expiry from depository.,Red,Y
BR-0080211,2025-10-28,2025-10-27,I&TS,BUL-I&TS-721784,DEP-09000107,Email Attachment,Tender Offer,,Update,,Harborlight Aerospace Inc,S271586,ZM2NGCQVP,CAZM2NGCQVP3,V7VJ9MQ,Y,DSNet,1678,N,N,Y,N,N,Released,New,N,N,N,N,N,Y,Y,N,N,No holders identified; archived to NHR.,Green,N
BR-0080212,2025-11-05,2025-11-04,I&TS,BUL-I&TS-310643,DEP-09000107,Excel Conversion,Tender Offer,,Update,,Harborlight Aerospace Inc,S271586,ZM2NGCQVP,CAZM2NGCQVP3,V7VJ9MQ,Y,RCM,1680,N,N,N,N,Y,Released,Update,N,N,Y,N,N,Y,Y,N,N,No holders identified; archived to NHR.,Blue,N
BR-0080213,2025-10-08,2025-10-07,Euroclear,BUL-Euroclear-606722,DEP-09000108,Euroclear Daily Notice,Tender Offer,,Final,,Tideline Capital SA,S218466,80QXORTIR,KY80QXORTIR7,0FC9LTL,Y,REOR,579,N,N,Y,N,N,Released,New,N,N,N,N,N,Y,Y,N,N,Cross-depo discrepancy; using bulk-of-holdings expiry.,Black,Y
BR-0080214,2025-10-12,2025-10-11,Euroclear,BUL-Euroclear-554306,DEP-09000108,Euroclear Daily Notice,Tender Offer,,Final,,Tideline Capital SA,S218466,80QXORTIR,KY80QXORTIR7,0FC9LTL,Y,Broadridge,578,N,N,N,N,Y,Released,Update,N,N,Y,N,N,Y,Y,N,N,Holder check confirms population.,Green,Y
BR-0080215,2026-05-12,2026-05-11,Euroclear,BUL-Euroclear-904940,DEP-09000109,Euroclear Daily Notice,Late Tender Offer,,Initial,,Westmark Communications Inc,S571551,VXFZTXI76,CAVXFZTXI763,G6W6ZBW,Y,RCM,2201,N,N,Y,N,N,Released,New,N,N,N,N,N,Y,Y,N,N,Holder check confirms population.,Green,N
BR-0080216,2025-10-08,2025-10-07,I&TS,BUL-I&TS-714308,DEP-09000110,Excel Conversion,Annual Redemption Privilege,,Initial,,Meadowfield Holdings AG,S671081,9DNRRNDAK,BM9DNRRNDAK9,22W315Z,Y,Broadridge,3084,N,N,Y,N,N,Released,New,N,N,N,N,N,Y,Y,N,N,No holders identified; archived to NHR.,Blue,N
BR-0080217,2025-10-20,2025-10-19,I&TS,BUL-I&TS-921489,DEP-09000110,Email Attachment,Annual Redemption Privilege,,Initial,,Meadowfield Holdings AG,S671081,9DNRRNDAK,BM9DNRRNDAK9,22W315Z,Y,Broadridge,3082,N,N,N,N,Y,Released,Update,N,N,Y,N,N,Y,Y,N,N,Concurrent event flagged for procedure review.,Blue,Y
BR-0080218,2025-10-22,2025-10-21,I&TS,BUL-I&TS-574141,DEP-09000110,Macro-Created Report,Annual Redemption Privilege,,Initial,,Meadowfield Holdings AG,S671081,9DNRRNDAK,BM9DNRRNDAK9,22W315Z,Y,RCM,3089,N,N,N,N,Y,Released,Update,N,N,Y,N,N,Y,Y,N,N,Concurrent event flagged for procedure review.,Green,N
BR-0080219,2025-08-11,2025-08-10,CDS,BUL-CDS-811731,DEP-09000111,CDS Daily Bulletin,Consent Solicitation,,Initial,G,Umbra Technology SE,S970784,MD17LCOGJ,BMMD17LCOGJ6,2NZR91C,Y,Broadridge,1467,N,N,Y,N,N,Closed,New,N,N,N,N,N,Y,Y,N,N,,Red,N
BR-0080220,2025-08-22,2025-08-21,CDS,BUL-CDS-857026,DEP-09000111,CDS Daily Bulletin,Consent Solicitation,,Final,V,Umbra Technology SE,S970784,MD17LCOGJ,BMMD17LCOGJ6,2NZR91C,Y,RCM,1465,N,N,N,N,Y,Closed,Update,N,Y,Y,Y,N,Y,Y,N,N,No holders identified; archived to NHR.,Blue,Y
BR-0080221,2025-08-24,2025-08-23,CDS,BUL-CDS-559223,DEP-09000111,CDS Daily Bulletin,Consent Solicitation,,Initial,G,Umbra Technology SE,S970784,MD17LCOGJ,BMMD17LCOGJ6,2NZR91C,Y,Broadridge,1464,N,N,N,N,Y,Closed,Update,N,Y,Y,Y,N,Y,Y,N,N,Holder check confirms population.,Blue,N
BR-0080222,2025-08-04,2025-08-03,Euroclear,BUL-Euroclear-371589,DEP-09000112,Euroclear Daily Notice,Exchange Offer,,Update,,Oakhill Media SE,S952865,2J5ZV2ZU7,US2J5ZV2ZU77,GWSJXSY,Y,RCM,2078,N,N,Y,N,N,Closed,New,N,Y,N,N,N,Y,Y,N,N,No holders identified; archived to NHR.,Red,Y
BR-0080223,2026-04-21,2026-04-20,Euroclear,BUL-Euroclear-131233,DEP-09000113,Euroclear Daily Notice,Dutch Auction,,Final,,Umbra Energy AG,S843399,BR0KI3125,KYBR0KI31252,2318X2N,Y,REOR,168,N,N,Y,N,N,Pending,New,N,N,N,N,N,Y,Y,N,N,No holders identified; archived to NHR.,Black,N
BR-0080224,2026-01-04,2026-01-03,I&TS,BUL-I&TS-849439,DEP-09000114,PDF Binder,Convertible Debenture Conversion,,Update,,Brightcap Bio Inc,S811067,M9AN33RDP,KYM9AN33RDP6,B0GSJSY,Y,DSNet,810,N,N,Y,N,N,On Hold,New,N,N,N,N,N,Y,Y,Y,N,Cross-depo discrepancy; using bulk-of-holdings expiry.,Blue,Y
BR-0080225,2026-02-06,2026-02-05,DTC,BUL-DTC-522428,DEP-09000115,RPA Create with Position,Tender Offer,,Final,,Kestrel Industries NV,S904578,LW843F2IV,KYLW843F2IV3,DQ7SHD8,Y,REOR,3162,N,N,Y,N,N,Released,New,N,N,N,N,N,Y,Y,N,N,,Black,Y
BR-0080226,2026-02-18,2026-02-17,DTC,BUL-DTC-704278,DEP-09000115,RPA Updated with Position,Tender Offer,,Update,,Kestrel Industries NV,S904578,LW843F2IV,KYLW843F2IV3,DQ7SHD8,Y,REOR,3158,N,N,N,N,Y,Released,Update,N,N,Y,N,N,Y,Y,N,N,Holder check confirms population.,Blue,N
BR-0080227,2026-02-17,2026-02-16,DTC,BUL-DTC-365832,DEP-09000115,RPA Updated with Position,Tender Offer,,Final,,Kestrel Industries NV,S904578,LW843F2IV,KYLW843F2IV3,DQ7SHD8,Y,Broadridge,3164,N,N,N,N,Y,Released,Update,N,N,Y,N,N,Y,Y,N,Y,Document package received from offeror.,Black,N
BR-0080228,2025-10-24,2025-10-23,CDS,BUL-CDS-251145,DEP-09000116,CDS Daily Bulletin,Early Tender Offer,,Initial,M,Zephyr Resources NV,S387935,UMVU05V6P,KYUMVU05V6P4,RZSBMD2,Y,DSNet,0,Y,N,Y,Y,N,Pending,New,N,N,N,N,N,N,N,N,N,Holder check confirms population.,Black,Y
BR-0080229,2025-11-25,2025-11-24,I&TS,BUL-I&TS-221058,DEP-09000117,Macro-Created Report,Monthly Redemption Privilege,,Initial,,Zephyr Mining Corp,S806053,K5PVFQKP8,CAK5PVFQKP88,609DWS0,Y,RCM,3461,N,N,Y,N,N,On Hold,New,N,N,N,N,N,Y,Y,N,N,Cross-depo discrepancy; using bulk-of-holdings expiry.,Blue,Y
BR-0080230,2025-12-06,2025-12-05,I&TS,BUL-I&TS-560360,DEP-09000117,Macro-Created Report,Monthly Redemption Privilege,,Initial,,Zephyr Mining Corp,S806053,K5PVFQKP8,CAK5PVFQKP88,609DWS0,Y,REOR,3458,N,N,N,N,Y,On Hold,Update,N,N,Y,N,N,Y,Y,N,N,Document package received from offeror.,Red,N
BR-0080231,2025-12-05,2025-12-04,I&TS,BUL-I&TS-129999,DEP-09000117,PDF Binder,Monthly Redemption Privilege,,Initial,,Zephyr Mining Corp,S806053,K5PVFQKP8,CAK5PVFQKP88,609DWS0,Y,RCM,3461,N,N,N,N,Y,On Hold,Update,N,N,Y,N,N,Y,Y,N,N,No holders identified; archived to NHR.,Black,Y
BR-0080232,2025-06-14,2025-06-13,CDS,BUL-CDS-218370,DEP-09000118,CDS Daily Bulletin,Consent Solicitation,,Update,G,Zephyr Communications Ltd,S805462,AM9642FPF,CAAM9642FPF1,ZJLTR26,Y,RCM,1377,N,N,Y,N,N,On Hold,New,N,Y,N,N,N,Y,Y,N,N,Cross-depo discrepancy; using bulk-of-holdings expiry.,Green,Y
BR-0080233,2026-03-23,2026-03-22,I&TS,BUL-I&TS-746329,DEP-09000119,Email Attachment,Cease Trade Notice,,Initial,,Westmark Capital AG,S327353,6LXRQUAZG,CA6LXRQUAZG3,MLV5YMN,Y,Broadridge,449,N,N,Y,N,N,Released,New,N,N,N,N,Y,Y,Y,N,N,No holders identified; archived to NHR.,Black,N
BR-0080234,2026-04-05,2026-04-04,I&TS,BUL-I&TS-660813,DEP-09000119,Excel Conversion,Cease Trade Notice,,Initial,,Westmark Capital AG,S327353,6LXRQUAZG,CA6LXRQUAZG3,MLV5YMN,Y,DSNet,445,N,N,N,N,Y,Released,Update,N,N,Y,N,N,Y,Y,Y,N,Holder check confirms population.,Red,N
BR-0080235,2026-04-01,2026-03-31,I&TS,BUL-I&TS-196525,DEP-09000119,Email Attachment,Cease Trade Notice,,Final,,Westmark Capital AG,S327353,6LXRQUAZG,CA6LXRQUAZG3,MLV5YMN,Y,DSNet,444,N,N,N,N,Y,Released,Update,N,N,Y,Y,N,Y,Y,N,N,Holder check confirms population.,Red,N
BR-0080236,2025-11-05,2025-11-04,Euroclear,BUL-Euroclear-544654,DEP-09000120,Euroclear Daily Notice,Exchange Offer,,Initial,,Meadowfield Pharmaceuticals Corp,S748889,PXPZ4C5PL,GBPXPZ4C5PL8,FS3CY22,Y,DSNet,1850,N,N,Y,N,N,Released,New,N,N,N,N,N,Y,Y,N,N,Document package received from offeror.,Green,N
BR-0080237,2025-09-07,2025-09-06,I&TS,BUL-I&TS-292023,DEP-09000121,Excel Conversion,Late Tender Offer,,Initial,,Evergreen Bank AG,S086943,WJ0U8M084,BMWJ0U8M0845,WQFP206,Y,DSNet,661,N,N,Y,N,N,Released,New,N,N,N,N,N,Y,Y,N,N,No holders identified; archived to NHR.,Blue,N
BR-0080238,2025-09-19,2025-09-18,I&TS,BUL-I&TS-213362,DEP-09000121,Macro-Created Report,Late Tender Offer,,Initial,,Evergreen Bank AG,S086943,WJ0U8M084,BMWJ0U8M0845,WQFP206,Y,DSNet,659,N,N,N,N,Y,Released,Update,N,N,Y,N,N,Y,Y,N,N,,Green,N
BR-0080239,2025-09-14,2025-09-13,I&TS,BUL-I&TS-847737,DEP-09000121,Macro-Created Report,Late Tender Offer,,Initial,,Evergreen Bank AG,S086943,WJ0U8M084,BMWJ0U8M0845,WQFP206,Y,DSNet,657,N,N,N,N,Y,Released,Update,N,N,Y,N,N,Y,Y,N,N,Update reflects revised expiry from depository.,Red,Y
BR-0080240,2025-08-12,2025-08-11,Euroclear,BUL-Euroclear-957646,DEP-09000122,Euroclear Daily Notice,Exchange Offer,,Initial,,Juniper Mining plc,S007795,IOQSTII9A,CAIOQSTII9A6,3R3D9YG,Y,Broadridge,2236,N,N,Y,N,N,Released,New,N,N,N,N,N,Y,Y,N,N,Cross-depo discrepancy; using bulk-of-holdings expiry.,Black,Y
BR-0080241,2025-08-21,2025-08-20,Euroclear,BUL-Euroclear-876497,DEP-09000122,Euroclear Daily Notice,Exchange Offer,,Initial,,Juniper Mining plc,S007795,IOQSTII9A,CAIOQSTII9A6,3R3D9YG,Y,Broadridge,2238,N,N,N,N,Y,Released,Update,N,N,Y,N,N,Y,Y,N,N,Cross-depo discrepancy; using bulk-of-holdings expiry.,Red,Y
BR-0080242,2025-07-03,2025-07-02,Euroclear,BUL-Euroclear-773633,DEP-09000123,Euroclear Daily Notice,Warrant Exercise,,Update,,Ironbridge Resources NV,S472726,I8OKQ4R2E,USI8OKQ4R2E2,VSR15NX,Y,DSNet,2498,N,N,Y,N,N,Closed,New,N,N,N,N,N,Y,Y,N,N,Concurrent event flagged for procedure review.,Green,N
BR-0080243,2025-07-09,2025-07-08,Euroclear,BUL-Euroclear-518317,DEP-09000123,Euroclear Daily Notice,Warrant Exercise,,Initial,,Ironbridge Resources NV,S472726,I8OKQ4R2E,USI8OKQ4R2E2,VSR15NX,Y,RCM,2501,N,N,N,N,Y,Closed,Update,N,N,Y,N,N,Y,Y,N,N,No holders identified; archived to NHR.,Green,Y
BR-0080244,2026-01-19,2026-01-18,DTC,BUL-DTC-715132,DEP-09000124,RPA Create with Position,Cease Trade Notice,,Initial,,Westmark Communications Inc,S571551,VXFZTXI76,CAVXFZTXI763,G6W6ZBW,Y,DSNet,3142,N,N,N,N,N,Cancelled,New,N,N,N,N,Y,Y,Y,N,N,Update reflects revised expiry from depository.,Black,N
BR-0080245,2026-01-20,2026-01-19,DTC,BUL-DTC-615040,DEP-09000124,Declared Payable Redemptions,Cease Trade Notice,,Final,,Westmark Communications Inc,S571551,VXFZTXI76,CAVXFZTXI763,G6W6ZBW,Y,Broadridge,3138,N,N,N,N,Y,Cancelled,Update,N,Y,Y,N,N,Y,Y,Y,N,Holder check confirms population.,Blue,N
BR-0080246,2026-03-08,2026-03-07,DTC,BUL-DTC-868555,DEP-09000125,RPA Updated with Position,Monthly Redemption Privilege,,Initial,,Aldergrove Holdings AG,S962876,LSYULWI29,USLSYULWI294,BFF4LFS,Y,Broadridge,2171,N,N,Y,N,N,Released,New,N,N,N,N,N,Y,Y,N,N,,Blue,N
BR-0080247,2026-03-13,2026-03-12,DTC,BUL-DTC-458919,DEP-09000125,RPA Updated with Position,Monthly Redemption Privilege,,Initial,,Aldergrove Holdings AG,S962876,LSYULWI29,USLSYULWI294,BFF4LFS,Y,DSNet,2174,N,N,N,N,Y,Released,Update,N,Y,Y,N,N,Y,Y,N,N,No holders identified; archived to NHR.,Red,Y
BR-0080248,2025-09-01,2025-08-31,I&TS,BUL-I&TS-567629,DEP-09000126,Email Attachment,Annual Redemption Privilege,,Update,,Harborlight Aerospace Inc,S271586,ZM2NGCQVP,CAZM2NGCQVP3,V7VJ9MQ,Y,Broadridge,748,N,N,Y,N,N,Released,New,N,N,N,N,N,Y,Y,N,N,,Blue,N
BR-0080249,2025-09-05,2025-09-04,I&TS,BUL-I&TS-525636,DEP-09000126,Macro-Created Report,Annual Redemption Privilege,,Final,,Harborlight Aerospace Inc,S271586,ZM2NGCQVP,CAZM2NGCQVP3,V7VJ9MQ,Y,RCM,751,N,N,N,N,Y,Released,Update,N,N,Y,N,N,Y,Y,N,N,Holder check confirms population.,Blue,Y
BR-0080250,2025-09-11,2025-09-10,I&TS,BUL-I&TS-188413,DEP-09000126,PDF Binder,Annual Redemption Privilege,,Initial,,Harborlight Aerospace Inc,S271586,ZM2NGCQVP,CAZM2NGCQVP3,V7VJ9MQ,Y,DSNet,748,N,N,N,N,Y,Released,Update,N,N,Y,N,N,Y,Y,N,N,Holder check confirms population.,Red,Y
BR-0080251,2025-06-21,2025-06-20,Euroclear,BUL-Euroclear-344645,DEP-09000127,Euroclear Daily Notice,Odd Lot Offer,,Final,,Cedarwood Resources SE,S016798,NIM4FYJ1L,BMNIM4FYJ1L8,MBTJW2S,Y,RCM,3456,N,N,Y,N,N,Released,New,N,N,N,N,Y,Y,Y,N,N,Cross-depo discrepancy; using bulk-of-holdings expiry.,Blue,N
BR-0080252,2025-06-26,2025-06-25,Euroclear,BUL-Euroclear-694073,DEP-09000127,Euroclear Daily Notice,Odd Lot Offer,,Initial,,Cedarwood Resources SE,S016798,NIM4FYJ1L,BMNIM4FYJ1L8,MBTJW2S,Y,RCM,3458,N,N,N,N,Y,Released,Update,N,N,Y,N,N,Y,Y,N,N,Concurrent event flagged for procedure review.,Black,Y
BR-0080253,2025-07-03,2025-07-02,Euroclear,BUL-Euroclear-334566,DEP-09000127,Euroclear Daily Notice,Odd Lot Offer,,Initial,,Cedarwood Resources SE,S016798,NIM4FYJ1L,BMNIM4FYJ1L8,MBTJW2S,Y,RCM,3452,N,N,N,N,Y,Released,Update,N,N,Y,N,N,Y,Y,N,N,Concurrent event flagged for procedure review.,Green,Y
BR-0080254,2025-09-20,2025-09-19,CDS,BUL-CDS-971527,DEP-09000128,CDS Daily Bulletin,Annual Redemption Privilege,,Update,V,Evergreen Holdings NV,S369665,XVJ067O1D,CAXVJ067O1D4,CV67SBT,Y,Broadridge,2252,N,N,Y,N,N,Pending,New,N,N,N,N,N,Y,Y,N,N,Concurrent event flagged for procedure review.,Red,Y
BR-0080255,2025-09-29,2025-09-28,CDS,BUL-CDS-234282,DEP-09000128,CDS Daily Bulletin,Annual Redemption Privilege,,Initial,G,Evergreen Holdings NV,S369665,XVJ067O1D,CAXVJ067O1D4,CV67SBT,Y,RCM,2254,N,N,N,N,Y,Pending,Update,N,N,Y,N,N,Y,Y,N,N,Holder check confirms population.,Blue,N
BR-0080256,2025-10-02,2025-10-01,CDS,BUL-CDS-764326,DEP-09000128,CDS Daily Bulletin,Annual Redemption Privilege,,Initial,V,Evergreen Holdings NV,S369665,XVJ067O1D,CAXVJ067O1D4,CV67SBT,Y,Broadridge,2250,N,N,N,N,Y,Pending,Update,N,N,Y,N,N,Y,Y,N,N,Concurrent event flagged for procedure review.,Red,N
BR-0080257,2025-07-22,2025-07-21,CDS,BUL-CDS-780136,DEP-09000129,CDS Daily Bulletin,Exchange Offer,,Update,G,Zephyr Energy plc,S442368,88CJZY7SJ,US88CJZY7SJ5,N4297G1,Y,DSNet,431,N,N,Y,N,N,Released,New,N,Y,N,N,N,Y,Y,Y,N,No holders identified; archived to NHR.,Green,Y
BR-0080258,2025-07-28,2025-07-27,CDS,BUL-CDS-115942,DEP-09000129,CDS Daily Bulletin,Exchange Offer,,Initial,V,Zephyr Energy plc,S442368,88CJZY7SJ,US88CJZY7SJ5,N4297G1,Y,RCM,430,N,N,N,N,Y,Released,Update,N,N,Y,N,N,Y,Y,Y,N,Holder check confirms population.,Green,N
BR-0080259,2026-04-01,2026-03-31,Euroclear,BUL-Euroclear-340057,DEP-09000130,Euroclear Daily Notice,Warrant Exercise,,Initial,,Evergreen Communications AG,S771436,1WTM0Q9K8,GB1WTM0Q9K87,GFM2M2V,Y,Broadridge,1415,N,N,Y,N,N,Closed,New,N,N,N,N,N,Y,Y,N,N,,Red,N
BR-0080260,2026-04-13,2026-04-12,Euroclear,BUL-Euroclear-512217,DEP-09000130,Euroclear Daily Notice,Warrant Exercise,,Final,,Evergreen Communications AG,S771436,1WTM0Q9K8,GB1WTM0Q9K87,GFM2M2V,Y,DSNet,1417,N,N,N,N,Y,Closed,Update,N,N,Y,N,N,Y,Y,N,N,Update reflects revised expiry from depository.,Blue,N
BR-0080261,2026-04-16,2026-04-15,Euroclear,BUL-Euroclear-861306,DEP-09000130,Euroclear Daily Notice,Warrant Exercise,,Initial,,Evergreen Communications AG,S771436,1WTM0Q9K8,GB1WTM0Q9K87,GFM2M2V,Y,REOR,1419,N,N,N,N,Y,Closed,Update,N,N,Y,N,N,Y,Y,N,N,,Blue,Y
BR-0080262,2025-11-01,2025-10-31,Euroclear,BUL-Euroclear-197379,DEP-09000131,Euroclear Daily Notice,Consent Exchange Offer,,Final,,Aldergrove Capital Ltd,S028611,HCTD25I0Y,BMHCTD25I0Y7,2TDRVMN,Y,REOR,1739,N,N,Y,N,N,Closed,New,N,N,N,N,N,Y,Y,N,N,Cross-depo discrepancy; using bulk-of-holdings expiry.,Green,Y
BR-0080263,2025-11-04,2025-11-03,Euroclear,BUL-Euroclear-273365,DEP-09000131,Euroclear Daily Notice,Consent Exchange Offer,,Initial,,Aldergrove Capital Ltd,S028611,HCTD25I0Y,BMHCTD25I0Y7,2TDRVMN,Y,REOR,1740,N,N,N,N,Y,Closed,Update,N,N,Y,N,N,Y,Y,N,N,Update reflects revised expiry from depository.,Red,N
BR-0080264,2025-11-11,2025-11-10,Euroclear,BUL-Euroclear-131422,DEP-09000131,Euroclear Daily Notice,Consent Exchange Offer,,Initial,,Aldergrove Capital Ltd,S028611,HCTD25I0Y,BMHCTD25I0Y7,2TDRVMN,Y,REOR,1740,N,N,N,N,Y,Closed,Update,N,N,Y,N,N,Y,Y,N,N,Holder check confirms population.,Red,N
BR-0080265,2026-04-25,2026-04-24,DTC,BUL-DTC-546467,DEP-09000132,RPA Create with Position,Consent Solicitation,,Final,,Westmark Bank NV,S883721,MX4MUPO3Z,GBMX4MUPO3Z9,KWN2Q2L,Y,DSNet,1856,N,N,Y,N,N,Released,New,N,Y,N,N,N,Y,Y,Y,N,,Black,N
BR-0080266,2026-05-01,2026-04-30,DTC,BUL-DTC-506353,DEP-09000132,RPA Updated with Position,Consent Solicitation,,Initial,,Westmark Bank NV,S883721,MX4MUPO3Z,GBMX4MUPO3Z9,KWN2Q2L,Y,RCM,1861,N,N,N,N,Y,Released,Update,N,N,Y,N,N,Y,Y,N,N,Holder check confirms population.,Blue,N
BR-0080267,2026-05-07,2026-05-06,DTC,BUL-DTC-670893,DEP-09000132,RPA Create with Position,Consent Solicitation,,Update,,Westmark Bank NV,S883721,MX4MUPO3Z,GBMX4MUPO3Z9,KWN2Q2L,Y,Broadridge,1858,N,N,N,N,Y,Released,Update,N,N,Y,N,Y,Y,Y,Y,Y,Document package received from offeror.,Blue,N
BR-0080268,2026-05-10,2026-05-09,CDS,BUL-CDS-185250,DEP-09000133,CDS Daily Bulletin,Consent Solicitation,,Initial,MWO,Cedarwood Resources plc,S016773,YPFVBESJE,KYYPFVBESJE9,L678WMN,Y,Broadridge,632,N,N,Y,N,N,Pending,New,N,N,N,N,N,Y,Y,N,N,Document package received from offeror.,Green,N
BR-0080269,2026-05-21,2026-05-20,CDS,BUL-CDS-471666,DEP-09000133,CDS Daily Bulletin,Consent Solicitation,,Initial,MWO,Cedarwood Resources plc,S016773,YPFVBESJE,KYYPFVBESJE9,L678WMN,Y,RCM,631,N,N,N,N,Y,Pending,Update,N,N,Y,N,N,Y,Y,Y,N,Document package received from offeror.,Green,N
BR-0080270,2026-05-14,2026-05-13,CDS,BUL-CDS-929518,DEP-09000133,CDS Daily Bulletin,Consent Solicitation,,Update,M,Cedarwood Resources plc,S016773,YPFVBESJE,KYYPFVBESJE9,L678WMN,Y,Broadridge,635,N,N,N,N,Y,Pending,Update,N,Y,Y,N,N,Y,Y,N,N,Update reflects revised expiry from depository.,Blue,Y
BR-0080271,2025-09-24,2025-09-23,CDS,BUL-CDS-184676,DEP-09000134,CDS Daily Bulletin,Early Tender Offer,,Final,V,Quartz Peak Technology Corp,S260606,YW3XFMU6L,KYYW3XFMU6L5,GLD6ZD2,Y,DSNet,3009,N,N,Y,N,N,Released,New,N,N,N,Y,N,Y,Y,N,N,Concurrent event flagged for procedure review.,Blue,Y
BR-0080272,2026-04-12,2026-04-11,I&TS,BUL-I&TS-755528,DEP-09000135,Email Attachment,Exchange Offer,,Update,,Evergreen Resources SA,S975462,9H1OJJ39V,BM9H1OJJ39V9,ZZQPH3R,Y,RCM,1142,N,N,Y,N,N,Released,New,N,N,N,N,N,Y,Y,N,N,Document package received from offeror.,Red,Y
BR-0080273,2026-04-27,2026-04-26,I&TS,BUL-I&TS-270762,DEP-09000135,PDF Binder,Exchange Offer,,Final,,Evergreen Resources SA,S975462,9H1OJJ39V,BM9H1OJJ39V9,ZZQPH3R,Y,RCM,1141,N,N,N,N,Y,Released,Update,N,N,Y,N,N,Y,Y,N,N,Update reflects revised expiry from depository.,Red,N
BR-0080274,2026-04-21,2026-04-20,I&TS,BUL-I&TS-883703,DEP-09000135,Macro-Created Report,Exchange Offer,,Final,,Evergreen Resources SA,S975462,9H1OJJ39V,BM9H1OJJ39V9,ZZQPH3R,Y,DSNet,1141,N,N,N,N,Y,Released,Update,N,N,Y,N,N,Y,Y,N,N,,Blue,N
BR-0080275,2025-07-25,2025-07-24,Euroclear,BUL-Euroclear-261630,DEP-09000136,Euroclear Daily Notice,Cease Trade Notice,,Initial,,Doverpoint Logistics SE,S477620,65E1CH6RA,GB65E1CH6RA3,VD35GZV,Y,REOR,0,Y,N,Y,Y,N,Released,New,N,N,N,N,N,N,N,N,N,Document package received from offeror.,Red,N
BR-0080276,2025-07-31,2025-07-30,Euroclear,BUL-Euroclear-800825,DEP-09000136,Euroclear Daily Notice,Cease Trade Notice,,Initial,,Doverpoint Logistics SE,S477620,65E1CH6RA,GB65E1CH6RA3,VD35GZV,Y,RCM,0,Y,N,N,Y,Y,Released,Update,N,N,Y,Y,N,N,N,N,N,No holders identified; archived to NHR.,Green,N
BR-0080277,2025-08-02,2025-08-01,Euroclear,BUL-Euroclear-210710,DEP-09000136,Euroclear Daily Notice,Cease Trade Notice,,Update,,Doverpoint Logistics SE,S477620,65E1CH6RA,GB65E1CH6RA3,VD35GZV,Y,REOR,0,Y,N,N,Y,Y,Released,Update,N,N,Y,N,N,N,N,N,N,Cross-depo discrepancy; using bulk-of-holdings expiry.,Red,N
BR-0080278,2025-11-12,2025-11-11,CDS,BUL-CDS-579934,DEP-09000137,CDS Daily Bulletin,Mini-Tender,,Initial,G,Quartz Peak Technology Corp,S260606,YW3XFMU6L,KYYW3XFMU6L5,GLD6ZD2,Y,Broadridge,1521,N,N,Y,N,N,Released,New,N,N,N,N,N,Y,Y,N,N,,Black,N
BR-0080279,2025-11-20,2025-11-19,CDS,BUL-CDS-540660,DEP-09000137,CDS Daily Bulletin,Mini-Tender,,Initial,V,Quartz Peak Technology Corp,S260606,YW3XFMU6L,KYYW3XFMU6L5,GLD6ZD2,Y,DSNet,1521,N,N,N,N,Y,Released,Update,N,N,Y,N,N,Y,Y,Y,N,Holder check confirms population.,Blue,N
BR-0080280,2025-11-17,2025-11-16,CDS,BUL-CDS-566956,DEP-09000137,CDS Daily Bulletin,Mini-Tender,,Initial,V,Quartz Peak Technology Corp,S260606,YW3XFMU6L,KYYW3XFMU6L5,GLD6ZD2,Y,RCM,1516,N,N,N,N,Y,Released,Update,N,N,Y,N,N,Y,Y,N,N,Concurrent event flagged for procedure review.,Red,N
BR-0080281,2026-02-21,2026-02-20,DTC,BUL-DTC-938209,DEP-09000138,Declared Payable Redemptions,Warrant Redemption,,Final,,Ironbridge Bio AG,S037639,RBSOBVMN5,KYRBSOBVMN59,ZN7JLT2,Y,DSNet,975,N,N,Y,N,N,Released,New,N,N,N,N,N,Y,Y,N,N,,Red,Y
BR-0080282,2026-02-27,2026-02-26,DTC,BUL-DTC-699390,DEP-09000138,RPA Updated with Position,Warrant Redemption,,Initial,,Ironbridge Bio AG,S037639,RBSOBVMN5,KYRBSOBVMN59,ZN7JLT2,Y,REOR,978,N,N,N,N,Y,Released,Update,N,N,Y,N,Y,Y,Y,N,N,Holder check confirms population.,Blue,N
BR-0080283,2026-03-18,2026-03-17,I&TS,BUL-I&TS-499853,DEP-09000139,Macro-Created Report,Consent Exchange Offer,,Final,,Ironbridge Trust Ltd,S233668,TUTZBQQBM,BMTUTZBQQBM4,3C490TL,Y,REOR,702,N,N,Y,N,N,Closed,New,N,N,N,N,N,Y,Y,N,N,Cross-depo discrepancy; using bulk-of-holdings expiry.,Blue,N
BR-0080284,2026-03-01,2026-02-28,I&TS,BUL-I&TS-803412,DEP-09000140,PDF Binder,Consent Solicitation,,Final,,Kestrel Properties SA,S204493,51Z8MX6JB,GB51Z8MX6JB9,2BZL536,Y,Broadridge,1110,N,N,Y,N,N,Closed,New,N,Y,N,N,N,Y,Y,N,N,Cross-depo discrepancy; using bulk-of-holdings expiry.,Green,N
BR-0080285,2026-03-07,2026-03-06,I&TS,BUL-I&TS-506535,DEP-09000140,Excel Conversion,Consent Solicitation,,Final,,Kestrel Properties SA,S204493,51Z8MX6JB,GB51Z8MX6JB9,2BZL536,Y,RCM,1114,N,N,N,N,Y,Closed,Update,N,N,Y,N,N,Y,Y,N,N,No holders identified; archived to NHR.,Red,N
BR-0080286,2026-03-10,2026-03-09,I&TS,BUL-I&TS-400279,DEP-09000140,PDF Binder,Consent Solicitation,,Update,,Kestrel Properties SA,S204493,51Z8MX6JB,GB51Z8MX6JB9,2BZL536,Y,RCM,1108,N,N,N,N,Y,Closed,Update,N,Y,Y,N,N,Y,Y,N,N,No holders identified; archived to NHR.,Black,N
BR-0080287,2025-06-04,2025-06-03,Euroclear,BUL-Euroclear-353388,DEP-09000141,Euroclear Daily Notice,Monthly Redemption Privilege,,Update,,Juniper Resources AG,S873587,H9GTF85MN,GBH9GTF85MN0,YXW8L2Y,Y,DSNet,2499,N,N,Y,N,N,Pending,New,N,N,N,N,N,Y,Y,Y,N,Cross-depo discrepancy; using bulk-of-holdings expiry.,Red,Y
BR-0080288,2025-06-09,2025-06-08,Euroclear,BUL-Euroclear-423294,DEP-09000141,Euroclear Daily Notice,Monthly Redemption Privilege,,Final,,Juniper Resources AG,S873587,H9GTF85MN,GBH9GTF85MN0,YXW8L2Y,Y,RCM,2498,N,N,N,N,Y,Pending,Update,N,N,Y,N,N,Y,Y,N,N,,Green,N
BR-0080289,2025-06-12,2025-06-11,Euroclear,BUL-Euroclear-658315,DEP-09000141,Euroclear Daily Notice,Monthly Redemption Privilege,,Final,,Juniper Resources AG,S873587,H9GTF85MN,GBH9GTF85MN0,YXW8L2Y,Y,RCM,2504,N,N,N,N,Y,Pending,Update,N,N,Y,N,N,Y,Y,N,N,,Black,Y
BR-0080290,2025-10-24,2025-10-23,Euroclear,BUL-Euroclear-403493,DEP-09000142,Euroclear Daily Notice,Odd Lot Offer,,Final,,Evergreen Holdings Ltd,S623726,J38QTE4MI,BMJ38QTE4MI3,74GVLZR,Y,DSNet,1555,N,N,Y,N,N,On Hold,New,N,N,N,N,N,Y,Y,N,N,,Black,N
BR-0080291,2025-09-25,2025-09-24,CDS,BUL-CDS-920867,DEP-09000143,CDS Daily Bulletin,Warrant Exercise,,Initial,V,Zephyr Logistics plc,S462195,YSTBFXPUK,CAYSTBFXPUK3,4DS918Q,Y,DSNet,1228,N,N,N,N,N,Cancelled,New,N,N,N,N,N,Y,Y,N,N,Update reflects revised expiry from depository.,Blue,Y
BR-0080292,2025-10-02,2025-10-01,CDS,BUL-CDS-934547,DEP-09000143,CDS Daily Bulletin,Warrant Exercise,,Final,MWO,Zephyr Logistics plc,S462195,YSTBFXPUK,CAYSTBFXPUK3,4DS918Q,Y,RCM,1224,N,N,N,N,Y,Cancelled,Update,N,N,Y,N,N,Y,Y,Y,N,Cross-depo discrepancy; using bulk-of-holdings expiry.,Red,N
BR-0080293,2026-02-28,2026-02-27,CDS,BUL-CDS-878252,DEP-09000144,CDS Daily Bulletin,Warrant Exercise,,Update,V,Fairhaven Logistics AG,S951288,EKLS5ZYG2,CAEKLS5ZYG24,V78K3CX,Y,Broadridge,2008,N,N,Y,N,N,Released,New,N,N,N,N,Y,Y,Y,Y,N,,Black,N
BR-0080294,2026-03-24,2026-03-23,CDS,BUL-CDS-150744,DEP-09000145,CDS Daily Bulletin,Tender Offer,,Final,V,Zephyr Logistics plc,S462195,YSTBFXPUK,CAYSTBFXPUK3,4DS918Q,Y,Broadridge,3258,N,N,Y,N,N,Closed,New,N,N,N,N,N,Y,Y,N,N,,Black,N
BR-0080295,2025-11-12,2025-11-11,Euroclear,BUL-Euroclear-714555,DEP-09000146,Euroclear Daily Notice,Rights Offering,,Initial,,Westmark Mining SE,S470459,MPXVBOQDE,KYMPXVBOQDE2,QT17Y5N,Y,DSNet,1883,N,N,Y,N,N,Released,New,N,N,N,N,N,Y,Y,N,N,Update reflects revised expiry from depository.,Blue,N
BR-0080296,2025-11-22,2025-11-21,Euroclear,BUL-Euroclear-657060,DEP-09000146,Euroclear Daily Notice,Rights Offering,,Update,,Westmark Mining SE,S470459,MPXVBOQDE,KYMPXVBOQDE2,QT17Y5N,Y,REOR,1886,N,N,N,N,Y,Released,Update,N,Y,Y,N,N,Y,Y,N,N,Update reflects revised expiry from depository.,Green,N
BR-0080297,2025-11-18,2025-11-17,Euroclear,BUL-Euroclear-414781,DEP-09000146,Euroclear Daily Notice,Rights Offering,,Final,,Westmark Mining SE,S470459,MPXVBOQDE,KYMPXVBOQDE2,QT17Y5N,Y,RCM,1881,N,N,N,N,Y,Released,Update,N,N,Y,N,N,Y,Y,N,N,Concurrent event flagged for procedure review.,Black,N
BR-0080298,2025-06-01,2025-05-31,DTC,BUL-DTC-834788,DEP-09000147,Declared Payable Redemptions,Monthly Redemption Privilege,,Initial,,Cedarwood Logistics Ltd,S427498,4K56TL7AF,CA4K56TL7AF0,LCKZQXG,Y,Broadridge,3205,N,N,Y,N,N,Released,New,N,N,N,N,N,Y,Y,N,N,Cross-depo discrepancy; using bulk-of-holdings expiry.,Blue,Y
BR-0080299,2026-04-28,2026-04-27,I&TS,BUL-I&TS-744406,DEP-09000148,PDF Binder,Rights Offering,,Initial,,Oakhill Trust SA,S432221,AYUUHZS0P,CAAYUUHZS0P3,BQ4M2QQ,Y,Broadridge,1560,N,N,Y,N,N,Closed,New,N,N,N,Y,N,Y,Y,N,N,Document package received from offeror.,Black,N
BR-0080300,2026-02-12,2026-02-11,Euroclear,BUL-Euroclear-421146,DEP-09000149,Euroclear Daily Notice,Dutch Auction,,Final,,Verdant Resources Ltd,S932609,LD5IW7BC9,GBLD5IW7BC93,C912K52,Y,Broadridge,3178,N,N,Y,N,N,Released,New,N,N,N,N,N,Y,Y,N,N,No holders identified; archived to NHR.,Green,Y
BR-0080301,2025-09-14,2025-09-13,CDS,BUL-CDS-879759,DEP-09000150,CDS Daily Bulletin,Tender Offer,,Update,MWO,Verdant Energy Corp,S709794,GQL3ARI8Z,KYGQL3ARI8Z4,ZK2K3T9,Y,Broadridge,3401,N,N,N,N,N,Cancelled,New,N,N,N,N,N,Y,Y,N,N,No holders identified; archived to NHR.,Blue,Y
